userName,content,score,thumbs_up_count,review_version,review_date,reply_content,app_version,company
Rituraj Gogoi,Mind blowing,1,0,8.28,11-08-2025,"Hi flipkart user, we sincerely apologize for the inconvenience. please share the details of your issue with app-feedback@flipkart.com for the team to quickly resolve it for you.",8.28,Flipkart
Sirisha siri Siri,Super gud,5,0,8.29,11-08-2025,"Hi flipkart user, thank you so much for your feedback. we are glad that you are enjoying flipkart and we look forward to serving you again.",8.29,Flipkart
Afifakhan Khan,Not cash on delivery only online payment,1,0,8.29,11-08-2025,No Reply,8.29,Flipkart
Sanjay Yadav,Happy,5,0,8.29,11-08-2025,"Hi flipkart user, thank you so much for your feedback. we are glad that you are enjoying flipkart and we look forward to serving you again.",8.29,Flipkart
Balendra Singh,Open nhi ho rha hai.,1,0,6.17,11-08-2025,"Hi flipkart user, we sincerely apologize for the inconvenience. please share the details of your issue with app-feedback@flipkart.com for the team to quickly resolve it for you.",6.17,Flipkart
Dolly Shakya,Very good,5,0,8.25,11-08-2025,"Hi flipkart user, thank you so much for your feedback. we are glad that you are enjoying flipkart and we look forward to serving you again.",8.25,Flipkart
adari lakshminarayana,Good,2,0,8.29,11-08-2025,"Hi flipkart user, thank you for your kind words! would you also like to give us more stars? 5 stars - very good, 4 stars- good, 3 stars - okay, 2 stars - bad, 1 star- very bad",8.29,Flipkart
vennapusa vsreddy,"Worest experience i faced with flipkart, i contacted customer care person sarath, he didn't respond my query, and also he didn't know about how to speak with customer.. i ordered 3 times , but it is cancelled due to logistics issue, then why flipkart maintain that 3rd party delivery agency.. worst service from flipkart. 1 star also waste and escalation team response more worst.",1,0,8.3,11-08-2025,No Reply,8.3,Flipkart
Suresh Sharma,nan,5,0,8.29,11-08-2025,"Hi flipkart user, thank you so much for your feedback. we are glad that you are enjoying flipkart and we look forward to serving you again.",8.29,Flipkart
SACHU FF Gamer,Good,2,0,8.3,11-08-2025,"Hi flipkart user, thank you for your kind words! would you also like to give us more stars? 5 stars - very good, 4 stars- good, 3 stars - okay, 2 stars - bad, 1 star- very bad",8.3,Flipkart
Somoshree Mukherjee,Very helpful,5,0,8.29,11-08-2025,"Hi flipkart user, thank you so much for your feedback. we are glad that you are enjoying flipkart and we look forward to serving you again.",8.29,Flipkart
Vikash Yadav,Nice,1,0,8.3,11-08-2025,"Hi flipkart user, thank you for your kind words! would you also like to give us more stars? 5 stars - very good, 4 stars- good, 3 stars - okay, 2 stars - bad, 1 star- very bad",8.3,Flipkart
Vaijnath Kongale,Best,5,0,8.3,11-08-2025,"Hi flipkart user, thank you so much for your feedback. we are glad that you are enjoying flipkart and we look forward to serving you again.",8.3,Flipkart
Ani PK,Great app for shopping,4,0,8.27,11-08-2025,"Hi flipkart user, thank you so much for your feedback. we are glad that you are enjoying flipkart and we look forward to serving you again.",8.27,Flipkart
Rupa Sri,User friendly,5,0,8.3,11-08-2025,"Hi flipkart user, thank you so much for your feedback. we are glad that you are enjoying flipkart and we look forward to serving you again.",8.3,Flipkart
Janakben Rathod,Nice app,1,0,8.29,11-08-2025,"Hi flipkart user, thank you for your kind words! would you also like to give us more stars? 5 stars - very good, 4 stars- good, 3 stars - okay, 2 stars - bad, 1 star- very bad",8.29,Flipkart
om prakesh,Thank you so much,5,0,8.3,11-08-2025,"Hi flipkart user, thank you so much for your feedback. we are glad that you are enjoying flipkart and we look forward to serving you again.",8.3,Flipkart
Aamir Qureshi,Good for public,4,0,8.28,11-08-2025,"Hi flipkart user, thank you so much for your feedback. we are glad that you are enjoying flipkart and we look forward to serving you again.",8.28,Flipkart
_mk_bairwa Bairwa,Wonderful app,5,0,8.29,11-08-2025,"Hi flipkart user, thank you so much for your feedback. we are glad that you are enjoying flipkart and we look forward to serving you again.",8.29,Flipkart
Mohd Athar,Always late delever need to improve service,1,0,8.29,11-08-2025,"Hi flipkart user, we are sorry about your bad experience with us. please get in touch with us at www.flipkart.com/helpcentre to assist you. thanks for your patience!",8.29,Flipkart
Harsh Kashyap,Excellent,5,0,8.29,11-08-2025,"Hi flipkart user, thank you so much for your feedback. we are glad that you are enjoying flipkart and we look forward to serving you again.",8.29,Flipkart
Narendra Kumar,Good,5,0,8.29,11-08-2025,"Hi flipkart user, thank you so much for your feedback. we are glad that you are enjoying flipkart and we look forward to serving you again.",8.29,Flipkart
Kevin Bhandari,Nice,5,0,8.29,11-08-2025,"Hi flipkart user, thank you so much for your feedback. we are glad that you are enjoying flipkart and we look forward to serving you again.",8.29,Flipkart
Nirso Hansda,Very nice,5,0,8.3,11-08-2025,"Hi flipkart user, thank you so much for your feedback. we are glad that you are enjoying flipkart and we look forward to serving you again.",8.3,Flipkart
Debjyoti Majumder,Love it,5,0,8.29,11-08-2025,"Hi flipkart user, thank you so much for your feedback. we are glad that you are enjoying flipkart and we look forward to serving you again.",8.29,Flipkart
Hobalesh Nayak,Super,4,0,8.29,11-08-2025,"Hi flipkart user, thank you so much for your feedback. we are glad that you are enjoying flipkart and we look forward to serving you again.",8.29,Flipkart
Devanand Wankhade,Ok,1,0,8.29,11-08-2025,"Hi flipkart user, thank you for your kind words! would you also like to give us more stars? 5 stars - very good, 4 stars- good, 3 stars - okay, 2 stars - bad, 1 star- very bad",8.29,Flipkart
Sumit,Nice,5,0,8.29,11-08-2025,"Hi flipkart user, thank you so much for your feedback. we are glad that you are enjoying flipkart and we look forward to serving you again.",8.29,Flipkart
HÃPPY gaming,Product is very good,5,0,8.27,11-08-2025,"Hi flipkart user, thank you so much for your feedback. we are glad that you are enjoying flipkart and we look forward to serving you again.",8.27,Flipkart
Girish Gowda,Super,5,0,8.29,11-08-2025,"Hi flipkart user, thank you so much for your feedback. we are glad that you are enjoying flipkart and we look forward to serving you again.",8.29,Flipkart
Madhu Kumari,Nice,5,0,8.29,11-08-2025,"Hi flipkart user, thank you so much for your feedback. we are glad that you are enjoying flipkart and we look forward to serving you again.",8.29,Flipkart
Sameer,Nice,5,0,8.29,11-08-2025,"Hi flipkart user, thank you so much for your feedback. we are glad that you are enjoying flipkart and we look forward to serving you again.",8.29,Flipkart
mohamed ibrahim,Nice,5,0,8.29,11-08-2025,"Hi flipkart user, thank you so much for your feedback. we are glad that you are enjoying flipkart and we look forward to serving you again.",8.29,Flipkart
prabhu V,nan,5,0,8.29,11-08-2025,"Hi flipkart user, thank you so much for your feedback. we are glad that you are enjoying flipkart and we look forward to serving you again.",8.29,Flipkart
Aftab Alam,nan,5,0,8.29,11-08-2025,"Hi flipkart user, thank you so much for your feedback. we are glad that you are enjoying flipkart and we look forward to serving you again.",8.29,Flipkart
Tabijul Sk,Good,5,0,8.28,11-08-2025,"Hi flipkart user, thank you so much for your feedback. we are glad that you are enjoying flipkart and we look forward to serving you again.",8.28,Flipkart
DILIP BARMAN,Good,5,0,8.29,11-08-2025,"Hi flipkart user, thank you so much for your feedback. we are glad that you are enjoying flipkart and we look forward to serving you again.",8.29,Flipkart
Thala Arun,Good,5,0,8.29,11-08-2025,"Hi flipkart user, thank you so much for your feedback. we are glad that you are enjoying flipkart and we look forward to serving you again.",8.29,Flipkart
Swapan Das,Best app for shopping,5,0,8.29,11-08-2025,"Hi flipkart user, thank you so much for your feedback. we are glad that you are enjoying flipkart and we look forward to serving you again.",8.29,Flipkart
Virendra Kumar,Good,5,0,8.29,11-08-2025,"Hi flipkart user, thank you so much for your feedback. we are glad that you are enjoying flipkart and we look forward to serving you again.",8.29,Flipkart
Sameer Gurung,Very bakwas app na costomer care se baat ho sakta he order kaha gaya kab milega koi ata pata nahi lagta jab tak hum khud tang aakar apna order cancel na kar de tab tak hafto tak latka k rakhte he uss order k liye . na dilever karte he na cacel. bakwas....,1,0,Unkown,11-08-2025,No Reply,Unknown,Flipkart
Bhavesh Mendpara,Nice,5,0,8.29,11-08-2025,"Hi flipkart user, thank you so much for your feedback. we are glad that you are enjoying flipkart and we look forward to serving you again.",8.29,Flipkart
Sibadittya Lodh,Very good,5,0,8.28,11-08-2025,"Hi flipkart user, thank you so much for your feedback. we are glad that you are enjoying flipkart and we look forward to serving you again.",8.28,Flipkart
Sajan Tamang,Good,1,0,8.29,11-08-2025,"Hi flipkart user, thank you for your kind words! would you also like to give us more stars? 5 stars - very good, 4 stars- good, 3 stars - okay, 2 stars - bad, 1 star- very bad",8.29,Flipkart
Niteesh yadav Rashmi,Thank you,5,0,Unkown,11-08-2025,"Hi flipkart user, thank you so much for your feedback. we are glad that you are enjoying flipkart and we look forward to serving you again.",Unknown,Flipkart
9DS Legend Op,Bad experience late delivery,1,0,8.29,11-08-2025,"Hi flipkart user, we are sorry about your bad experience with us. please get in touch with us at www.flipkart.com/helpcentre to assist you. thanks for your patience!",8.29,Flipkart
Kishan Kant Chauhan,Good product,5,0,8.3,11-08-2025,"Hi flipkart user, thank you so much for your feedback. we are glad that you are enjoying flipkart and we look forward to serving you again.",8.3,Flipkart
Sunaram singh,I am very happy,5,0,8.29,11-08-2025,"Hi flipkart user, thank you so much for your feedback. we are glad that you are enjoying flipkart and we look forward to serving you again.",8.29,Flipkart
A Google user,Nice,5,0,8.29,11-08-2025,"Hi flipkart user, thank you so much for your feedback. we are glad that you are enjoying flipkart and we look forward to serving you again.",8.29,Flipkart
Agrim Gupta,Very good,5,0,8.29,11-08-2025,"Hi flipkart user, thank you so much for your feedback. we are glad that you are enjoying flipkart and we look forward to serving you again.",8.29,Flipkart
shailesh kumar,Good,3,0,8.29,11-08-2025,"Thanks so much for the awesome feedback, shailesh! if you think we deserve a higher rating, we'd love for you to update it to a 4 or 5 star when you get a chance!",8.29,Flipkart
Sumi Kousaleya,Nice app all times,1,0,8.29,11-08-2025,"Hi flipkart user, thank you for your kind words! would you also like to give us more stars? 5 stars - very good, 4 stars- good, 3 stars - okay, 2 stars - bad, 1 star- very bad",8.29,Flipkart
Sai swaroop Sahu,nan,5,0,8.29,11-08-2025,"Hi flipkart user, thank you so much for your feedback. we are glad that you are enjoying flipkart and we look forward to serving you again.",8.29,Flipkart
Sathya Kiran,Good,5,0,8.29,11-08-2025,"Hi flipkart user, thank you so much for your feedback. we are glad that you are enjoying flipkart and we look forward to serving you again.",8.29,Flipkart
Ayub Khan Koyree,ओके,5,0,8.28,11-08-2025,"Hi flipkart user, thank you so much for your feedback. we are glad that you are enjoying flipkart and we look forward to serving you again.",8.28,Flipkart
Charles Pauly,Mandatory protection fee and handling fee are costly,1,0,8.21,11-08-2025,No Reply,8.21,Flipkart
Vineet Joshi,"The delivery executive missed my package and now my order is delayed by 5 days. the app claims i requested to reschedule the delivery. one of the worst apps, zero reliability. and false claims that the customer requested to reschedule when it's clearly flipkart's fault the delivery was messed up. never trust this app. other apps are much more professional.",1,0,8.29,11-08-2025,"Hi flipkart user, we are sorry about your bad experience with us. please get in touch with us at www.flipkart.com/helpcentre to assist you. thanks for your patience!",8.29,Flipkart
Geeta Devi,It blocks myy account on returning 2 orders thats are not fit to me worst app,1,0,Unkown,11-08-2025,No Reply,Unknown,Flipkart
Aniket Sangare,Nice,5,0,8.29,11-08-2025,"Hi flipkart user, thank you so much for your feedback. we are glad that you are enjoying flipkart and we look forward to serving you again.",8.29,Flipkart
Tara Pariyar,Nice,5,0,Unkown,11-08-2025,"Hi flipkart user, thank you so much for your feedback. we are glad that you are enjoying flipkart and we look forward to serving you again.",Unknown,Flipkart
Sachin Kumar,Best seller app,5,0,8.3,11-08-2025,"Hi flipkart user, thank you so much for your feedback. we are glad that you are enjoying flipkart and we look forward to serving you again.",8.3,Flipkart
Rahul Yadav,Good,5,0,8.1,11-08-2025,"Hi flipkart user, thank you so much for your feedback. we are glad that you are enjoying flipkart and we look forward to serving you again.",8.1,Flipkart
Tushar Pandey,Great,5,0,8.29,11-08-2025,"Hi flipkart user, thank you so much for your feedback. we are glad that you are enjoying flipkart and we look forward to serving you again.",8.29,Flipkart
Prabhudas Mandal,Nice app,5,0,8.28,11-08-2025,"Hi flipkart user, thank you so much for your feedback. we are glad that you are enjoying flipkart and we look forward to serving you again.",8.28,Flipkart
SK NABAB SHARIF,Beutiful,5,0,8.3,11-08-2025,"Hi flipkart user, thank you so much for your feedback. we are glad that you are enjoying flipkart and we look forward to serving you again.",8.3,Flipkart
sumit singh,Worst experience this time and even the customer support is also very worst. while purchasing they are showing express delivery by tomorrow but after ordering its more than 5 days but still its not delivered and even customer support is not able to answer why it got delayed. while in app repeatedly they are changing the status and even after calling customer support no help provided from their end. they are telling you will receive a callback from our team but no one is calling.,1,0,8.29,11-08-2025,"Sumit sorry, we've kept you waiting for your order. write to us securely with your order and app store details at user-experience@flipkart.com and mention your app store details, so that we can sort this for you quickly.",8.29,Flipkart
Adarsh Mall,Very good,5,0,Unkown,11-08-2025,"Hi flipkart user, thank you so much for your feedback. we are glad that you are enjoying flipkart and we look forward to serving you again.",Unknown,Flipkart
Yogendra,Good job,3,0,8.29,11-08-2025,"It's lovely to know that you're enjoying services on our platform, yogendra! if you think a higher rating fits, you can update it to a 4 or 5 anytime.",8.29,Flipkart
Debasish Tudu,nan,5,0,8.23,11-08-2025,"Hi flipkart user, thank you so much for your feedback. we are glad that you are enjoying flipkart and we look forward to serving you again.",8.23,Flipkart
MINESH . V,Good,5,0,8.3,11-08-2025,"Hi flipkart user, thank you so much for your feedback. we are glad that you are enjoying flipkart and we look forward to serving you again.",8.3,Flipkart
Subhas Dabade,Good quality,5,0,8.29,11-08-2025,"Hi flipkart user, thank you so much for your feedback. we are glad that you are enjoying flipkart and we look forward to serving you again.",8.29,Flipkart
Narayan Kumawat,Nice,5,0,8.29,11-08-2025,"Hi flipkart user, thank you so much for your feedback. we are glad that you are enjoying flipkart and we look forward to serving you again.",8.29,Flipkart
Maria Joseph,Good,4,0,8.27,11-08-2025,"Hi flipkart user, thank you so much for your feedback. we are glad that you are enjoying flipkart and we look forward to serving you again.",8.27,Flipkart
Rameema Rafeeq,Fast delivery than amazon,5,0,8.29,11-08-2025,"Hi flipkart user, thank you so much for your feedback. we are glad that you are enjoying flipkart and we look forward to serving you again.",8.29,Flipkart
Narayan Murmu,Good,5,0,8.29,11-08-2025,"Hi flipkart user, thank you so much for your feedback. we are glad that you are enjoying flipkart and we look forward to serving you again.",8.29,Flipkart
Nayana Babariya,Return karne pr apne paise nhi milte bakwas...ise acha amazon hai,1,0,Unkown,11-08-2025,"Nayana, timely refund is our priority and i'm sorry it's taken long. help us make this right by writing to us securely at user-experience@flipkart.com with your order and app store details.",Unknown,Flipkart
M Ravinder reddy,More offers not available,1,0,8.29,11-08-2025,No Reply,8.29,Flipkart
ishan01us,"Flipkart is the worst experience - an open delivery item is not the right thing to open in front of the delivery person. we paid for something to gift someone & here our money is going in the wrong way. flipkart delivery people should not focus on opening it and they are saying open delivery as per the flipkart said by the delivery person.. then what is the use of that,if customer is not able to use or open as per his choice however its a hard money of customer &customer care no is not working.",1,0,8.3,11-08-2025,No Reply,8.3,Flipkart
DHARUN GOWSI,Super,4,0,8.28,11-08-2025,"Hi flipkart user, thank you so much for your feedback. we are glad that you are enjoying flipkart and we look forward to serving you again.",8.28,Flipkart
Manish Sharma,Best app,5,0,Unkown,11-08-2025,"Hi flipkart user, thank you so much for your feedback. we are glad that you are enjoying flipkart and we look forward to serving you again.",Unknown,Flipkart
Lakhan Kumar,Good,5,0,8.29,11-08-2025,"Hi flipkart user, thank you so much for your feedback. we are glad that you are enjoying flipkart and we look forward to serving you again.",8.29,Flipkart
Asma Faridi,Very good app,5,0,8.29,11-08-2025,"Hi flipkart user, thank you so much for your feedback. we are glad that you are enjoying flipkart and we look forward to serving you again.",8.29,Flipkart
Akeam konyak,Good,4,0,8.3,11-08-2025,"Hi flipkart user, thank you so much for your feedback. we are glad that you are enjoying flipkart and we look forward to serving you again.",8.3,Flipkart
Vimal Gadham,Good,5,0,Unkown,11-08-2025,"Hi flipkart user, thank you so much for your feedback. we are glad that you are enjoying flipkart and we look forward to serving you again.",Unknown,Flipkart
Digesh Verma,Very nice,5,0,8.29,11-08-2025,"Hi flipkart user, thank you so much for your feedback. we are glad that you are enjoying flipkart and we look forward to serving you again.",8.29,Flipkart
Raja babu Chauhan,Nice,5,0,8.29,11-08-2025,"Hi flipkart user, thank you so much for your feedback. we are glad that you are enjoying flipkart and we look forward to serving you again.",8.29,Flipkart
Pinky Dhal,Nice,5,0,8.29,11-08-2025,"Hi flipkart user, thank you so much for your feedback. we are glad that you are enjoying flipkart and we look forward to serving you again.",8.29,Flipkart
Ashish Sahu,Ok,5,0,8.29,11-08-2025,"Hi flipkart user, thank you so much for your feedback. we are glad that you are enjoying flipkart and we look forward to serving you again.",8.29,Flipkart
Harish jai bhim,Ok,5,0,8.29,11-08-2025,"Hi flipkart user, thank you so much for your feedback. we are glad that you are enjoying flipkart and we look forward to serving you again.",8.29,Flipkart
Monu Maurya,Super nice,5,0,8.3,11-08-2025,"Hi flipkart user, thank you so much for your feedback. we are glad that you are enjoying flipkart and we look forward to serving you again.",8.3,Flipkart
RINKU SIR COMMERCE,Good,1,0,8.29,11-08-2025,"Hi flipkart user, thank you for your kind words! would you also like to give us more stars? 5 stars - very good, 4 stars- good, 3 stars - okay, 2 stars - bad, 1 star- very bad",8.29,Flipkart
Shivam Kumar,Very nice,5,0,8.29,11-08-2025,"Hi flipkart user, thank you so much for your feedback. we are glad that you are enjoying flipkart and we look forward to serving you again.",8.29,Flipkart
rajvlam kumar,Good,5,0,8.29,11-08-2025,"Hi flipkart user, thank you so much for your feedback. we are glad that you are enjoying flipkart and we look forward to serving you again.",8.29,Flipkart
Surendra Mohanta,Very nice,5,0,8.3,11-08-2025,"Hi flipkart user, thank you so much for your feedback. we are glad that you are enjoying flipkart and we look forward to serving you again.",8.3,Flipkart
Aliyaan Prince,Osm,5,0,8.27,11-08-2025,"Hi flipkart user, thank you so much for your feedback. we are glad that you are enjoying flipkart and we look forward to serving you again.",8.27,Flipkart
Subham Mishra,Good,5,0,8.15,11-08-2025,"Hi flipkart user, thank you so much for your feedback. we are glad that you are enjoying flipkart and we look forward to serving you again.",8.15,Flipkart
Mintu Banik,Thank you flipkart,5,0,Unkown,11-08-2025,"Hi flipkart user, thank you so much for your feedback. we are glad that you are enjoying flipkart and we look forward to serving you again.",Unknown,Flipkart
Bikram Bala,Good,5,0,8.29,11-08-2025,"Hi flipkart user, thank you so much for your feedback. we are glad that you are enjoying flipkart and we look forward to serving you again.",8.29,Flipkart
Nitish Kumar,Good,5,0,8.29,11-08-2025,"Hi flipkart user, thank you so much for your feedback. we are glad that you are enjoying flipkart and we look forward to serving you again.",8.29,Flipkart
Prajwal Ovhal,"Fraud, full of harassment everytime same worst exp thank you flipkart for all the harassment and fraud you are doing with the customers. the products are never delivered on the expected delivery time. the delivery partner changes the delivery date and the chat support tells that the order is rescheduled by the customers side. everyday you will receive a message that your order is out for delivery but it will not arrive. apps chat support will lie to you that they tried to deliver the order.",1,0,8.25,11-08-2025,"Hi flipkart user, we are sorry about your bad experience with us. please get in touch with us at www.flipkart.com/helpcentre to assist you. thanks for your patience!",8.25,Flipkart
Banavath Nithin,Awesome shopping experience,5,0,Unkown,11-08-2025,"Hi flipkart user, thank you so much for your feedback. we are glad that you are enjoying flipkart and we look forward to serving you again.",Unknown,Flipkart
Danish Alam,Thanks flipkart,5,0,8.29,11-08-2025,"Hi flipkart user, thank you so much for your feedback. we are glad that you are enjoying flipkart and we look forward to serving you again.",8.29,Flipkart
Nivrutinath Rupnar,Nice,5,0,8.27,11-08-2025,"Hi flipkart user, thank you so much for your feedback. we are glad that you are enjoying flipkart and we look forward to serving you again.",8.27,Flipkart
Manraj Chandrawanshi,Op gajab,5,0,8.29,11-08-2025,"Hi flipkart user, thank you so much for your feedback. we are glad that you are enjoying flipkart and we look forward to serving you again.",8.29,Flipkart
Dharm Das,Very good,5,0,8.29,11-08-2025,"Hi flipkart user, thank you so much for your feedback. we are glad that you are enjoying flipkart and we look forward to serving you again.",8.29,Flipkart
Manjeet Singh,Good service,5,0,8.29,11-08-2025,"Hi flipkart user, thank you so much for your feedback. we are glad that you are enjoying flipkart and we look forward to serving you again.",8.29,Flipkart
Shyama Devi,Good product,5,0,8.26,11-08-2025,"Hi flipkart user, thank you so much for your feedback. we are glad that you are enjoying flipkart and we look forward to serving you again.",8.26,Flipkart
Abhishek,Worst app always invoice generating problem arises invoice not downloaded,1,0,8.29,11-08-2025,"Abhishek, sorry about the invoice issue. you can count on us to look into this and sort it out as soon as possible. please write to us securely at user-experience@flipkart.com and mention your order and app store details so we can help.",8.29,Flipkart
sadaf Pinjari,Good,4,0,8.28,11-08-2025,"Hi flipkart user, thank you so much for your feedback. we are glad that you are enjoying flipkart and we look forward to serving you again.",8.28,Flipkart
Mathaka Venkataramana,Nice,5,0,8.29,11-08-2025,"Hi flipkart user, thank you so much for your feedback. we are glad that you are enjoying flipkart and we look forward to serving you again.",8.29,Flipkart
Pradeep Patel,Paid,5,0,8.29,11-08-2025,"Hi flipkart user, thank you so much for your feedback. we are glad that you are enjoying flipkart and we look forward to serving you again.",8.29,Flipkart
RANCHI ALOK RAVI SINGER143,Awesome,5,0,8.13,11-08-2025,"Hi flipkart user, thank you so much for your feedback. we are glad that you are enjoying flipkart and we look forward to serving you again.",8.13,Flipkart
Sardeep lugriya,nan,5,0,8.29,11-08-2025,"Hi flipkart user, thank you so much for your feedback. we are glad that you are enjoying flipkart and we look forward to serving you again.",8.29,Flipkart
Ayush Rana,Good app,5,0,8.29,11-08-2025,"Hi flipkart user, thank you so much for your feedback. we are glad that you are enjoying flipkart and we look forward to serving you again.",8.29,Flipkart
Manoj Guru,nan,5,0,8.29,11-08-2025,"Hi flipkart user, thank you so much for your feedback. we are glad that you are enjoying flipkart and we look forward to serving you again.",8.29,Flipkart
Apu Paik,Ok,3,0,8.15,11-08-2025,No Reply,8.15,Flipkart
Mrigen Bhattarai,Good,5,0,8.29,11-08-2025,"Hi flipkart user, thank you so much for your feedback. we are glad that you are enjoying flipkart and we look forward to serving you again.",8.29,Flipkart
Ashutosh Dixit,Let me think,5,0,8.3,11-08-2025,"Hi flipkart user, thank you so much for your feedback. we are glad that you are enjoying flipkart and we look forward to serving you again.",8.3,Flipkart
Riya Yadav,The products quality of flipkart are awosome.,5,0,8.29,11-08-2025,"Hi flipkart user, thank you so much for your feedback. we are glad that you are enjoying flipkart and we look forward to serving you again.",8.29,Flipkart
Suraj Shilpi,Good,5,0,8.29,11-08-2025,"Hi flipkart user, thank you so much for your feedback. we are glad that you are enjoying flipkart and we look forward to serving you again.",8.29,Flipkart
satyajit mohapatra,The worst app in the market... disgusting..the competitors are way much better...,1,0,8.28,11-08-2025,No Reply,8.28,Flipkart
Hima Khatun,Gooo,5,0,8.28,11-08-2025,"Hi flipkart user, thank you so much for your feedback. we are glad that you are enjoying flipkart and we look forward to serving you again.",8.28,Flipkart
S A N J U S A N J U,Super,1,0,8.24,11-08-2025,"Hi flipkart user, thank you for your kind words! would you also like to give us more stars? 5 stars - very good, 4 stars- good, 3 stars - okay, 2 stars - bad, 1 star- very bad",8.24,Flipkart
payal Verma,Thik thik,3,0,8.29,11-08-2025,No Reply,8.29,Flipkart
saurabh pandey,Fast service,4,0,8.29,11-08-2025,"Hi flipkart user, thank you so much for your feedback. we are glad that you are enjoying flipkart and we look forward to serving you again.",8.29,Flipkart
Gagan kumar,Main flipkart se lower for men buy karna chahta tha lekin jo size chart vo bilkul samjh nahi aaya agar chart c.m me hota to main buy kar sakta tha.. isliye main market gya or vahan se laya,5,0,8.29,11-08-2025,"Hi flipkart user, thank you so much for your feedback. we are glad that you are enjoying flipkart and we look forward to serving you again.",8.29,Flipkart
Shahbaaz Khan,If i had an option i would have given 0 stars.. i used this app so much ordered so many product and now i want to reach out to them they have no customer or chat support i tried everything... the worst app i would request anyone reading this please uninstall this app.. i want flipkart to either call me as i have a fraud order on my name..,1,0,8.29,11-08-2025,No Reply,8.29,Flipkart
Amit Mishra,एक्सिलेंट शॉपिंग बेवसाइट,5,0,8.29,11-08-2025,"Hi flipkart user, thank you so much for your feedback. we are glad that you are enjoying flipkart and we look forward to serving you again.",8.29,Flipkart
Goli Satti,Good service,5,0,8.29,11-08-2025,"Hi flipkart user, thank you so much for your feedback. we are glad that you are enjoying flipkart and we look forward to serving you again.",8.29,Flipkart
m Sharan Sharan,Good,5,0,8.29,11-08-2025,"Hi flipkart user, thank you so much for your feedback. we are glad that you are enjoying flipkart and we look forward to serving you again.",8.29,Flipkart
Omm prakash Patra,"Very worst app,",1,0,8.29,11-08-2025,No Reply,8.29,Flipkart
Surja mandal,Just wow,5,0,8.29,11-08-2025,"Hi flipkart user, thank you so much for your feedback. we are glad that you are enjoying flipkart and we look forward to serving you again.",8.29,Flipkart
Asit Dash,Nice,5,0,8.29,11-08-2025,"Hi flipkart user, thank you so much for your feedback. we are glad that you are enjoying flipkart and we look forward to serving you again.",8.29,Flipkart
Tammineni Prasanth kumar,Waste service flipkart. karab item delivered. not return policy. waste service flipkart,1,0,8.29,11-08-2025,"Prasanth sorry, your return experience hasn't been smooth. you can count on us to resolve your concern. please write to us with your order and app store details securely at user-experience@flipkart.com and mention your app store details.",8.29,Flipkart
Jaya Ram,"Hi friends don't order electronics iteam in flipkart recently i was ordered one laptop this item is allaredy used by another customer, but i will raised complaint past 20 days but still not return my package",1,0,8.29,11-08-2025,"Jaya sorry, your return experience hasn't been smooth. you can count on us to resolve your concern. please write to us with your order and app store details securely at user-experience@flipkart.com and mention your app store details.",8.29,Flipkart
HIMANSHU KUMAR,Best,5,0,8.29,11-08-2025,"Hi flipkart user, thank you so much for your feedback. we are glad that you are enjoying flipkart and we look forward to serving you again.",8.29,Flipkart
Prerana Gavai,Very nice very easy to understand,5,0,8.21,11-08-2025,"Hi flipkart user, thank you so much for your feedback. we are glad that you are enjoying flipkart and we look forward to serving you again.",8.21,Flipkart
Satyavathi,Good,4,0,8.3,11-08-2025,"Hi flipkart user, thank you so much for your feedback. we are glad that you are enjoying flipkart and we look forward to serving you again.",8.3,Flipkart
Shalesh Kumar,Super,3,0,8.19,11-08-2025,"Thanks so much for the awesome feedback, shalesh! if you think we deserve a higher rating, we'd love for you to update it to a 4 or 5 star when you get a chance!",8.19,Flipkart
Soniya Davi,Ok,5,0,8.28,11-08-2025,"Hi flipkart user, thank you so much for your feedback. we are glad that you are enjoying flipkart and we look forward to serving you again.",8.28,Flipkart
Laxmikanta Chakraborty,Nice,4,0,8.3,11-08-2025,"Hi flipkart user, thank you so much for your feedback. we are glad that you are enjoying flipkart and we look forward to serving you again.",8.3,Flipkart
varuna ms,Good,5,0,8.29,11-08-2025,"Hi flipkart user, thank you so much for your feedback. we are glad that you are enjoying flipkart and we look forward to serving you again.",8.29,Flipkart
Narendra Sawwalakhe,Nice work,4,0,8.29,11-08-2025,"Hi flipkart user, thank you so much for your feedback. we are glad that you are enjoying flipkart and we look forward to serving you again.",8.29,Flipkart
Rajesh Rajput,Nice,3,0,8.3,11-08-2025,"Thanks for the love, rajesh! if you’re happy with everything, a 5-star rating would mean the world to us!",8.3,Flipkart
Gulab singh Parihar,Good apps fast delivery flipkart love you so happy,5,0,8.29,11-08-2025,"Hi flipkart user, thank you so much for your feedback. we are glad that you are enjoying flipkart and we look forward to serving you again.",8.29,Flipkart
Abdul Aslam.m,Super app,5,0,8.29,11-08-2025,"Hi flipkart user, thank you so much for your feedback. we are glad that you are enjoying flipkart and we look forward to serving you again.",8.29,Flipkart
Shaikh Taher,Best aap very helpful,5,0,8.29,11-08-2025,"Hi flipkart user, thank you so much for your feedback. we are glad that you are enjoying flipkart and we look forward to serving you again.",8.29,Flipkart
Advait Shevale,Best app ever,5,0,8.29,11-08-2025,"Hi flipkart user, thank you so much for your feedback. we are glad that you are enjoying flipkart and we look forward to serving you again.",8.29,Flipkart
Honey Baby,Services bad,1,0,8.27,11-08-2025,No Reply,8.27,Flipkart
m AKILANDESWARI,Excellent,5,0,Unkown,11-08-2025,"Hi flipkart user, thank you so much for your feedback. we are glad that you are enjoying flipkart and we look forward to serving you again.",Unknown,Flipkart
Pranav Ghugarkar,Good,5,0,8.29,11-08-2025,"Hi flipkart user, thank you so much for your feedback. we are glad that you are enjoying flipkart and we look forward to serving you again.",8.29,Flipkart
nandani kumari,Good,3,0,8.29,11-08-2025,"Thanks so much for the awesome feedback, nandani! if you think we deserve a higher rating, we'd love for you to update it to a 4 or 5 star when you get a chance!",8.29,Flipkart
SHESHERAO UGALE,Nice,5,0,8.29,11-08-2025,"Hi flipkart user, thank you so much for your feedback. we are glad that you are enjoying flipkart and we look forward to serving you again.",8.29,Flipkart
MAC2034 Aminul Haque,"Worst experience in flipkart nowadays ,such a irresponsible team... special coustomer care they don't have even basic experience....and delivery is just a joke.... flipkart delivery is just awesome in one word before 2 years but nowadays it's just worst experience.",1,0,8.25,11-08-2025,No Reply,8.25,Flipkart
Sundar Kumar,Good,5,0,8.3,11-08-2025,"Hi flipkart user, thank you so much for your feedback. we are glad that you are enjoying flipkart and we look forward to serving you again.",8.3,Flipkart
akhilesh kumar,Good,4,0,8.25,11-08-2025,"Hi flipkart user, thank you so much for your feedback. we are glad that you are enjoying flipkart and we look forward to serving you again.",8.25,Flipkart
Sayar Kanwar,Flipkart is the best application,5,0,8.29,11-08-2025,"Hi flipkart user, thank you so much for your feedback. we are glad that you are enjoying flipkart and we look forward to serving you again.",8.29,Flipkart
Kavinkrish,My fovrt app,5,0,Unkown,11-08-2025,"Hi flipkart user, thank you so much for your feedback. we are glad that you are enjoying flipkart and we look forward to serving you again.",Unknown,Flipkart
Sandip Bauri,Nice shose,5,0,8.29,11-08-2025,"Hi flipkart user, thank you so much for your feedback. we are glad that you are enjoying flipkart and we look forward to serving you again.",8.29,Flipkart
Anurag kumar,So nice,5,0,8.29,11-08-2025,"Hi flipkart user, thank you so much for your feedback. we are glad that you are enjoying flipkart and we look forward to serving you again.",8.29,Flipkart
Akshay Mishra,Good,5,0,8.29,11-08-2025,"Hi flipkart user, thank you so much for your feedback. we are glad that you are enjoying flipkart and we look forward to serving you again.",8.29,Flipkart
Shubham Upadhyay,Best,5,0,8.29,11-08-2025,"Hi flipkart user, thank you so much for your feedback. we are glad that you are enjoying flipkart and we look forward to serving you again.",8.29,Flipkart
DEEPAK RAJ,Good,4,0,7.36,11-08-2025,"Hi flipkart user, thank you so much for your feedback. we are glad that you are enjoying flipkart and we look forward to serving you again.",7.36,Flipkart
Manish Poddar,Goid,4,0,8.29,11-08-2025,"Hi flipkart user, thank you so much for your feedback. we are glad that you are enjoying flipkart and we look forward to serving you again.",8.29,Flipkart
Jagadeesh Malladi,Excellent,4,0,Unkown,11-08-2025,"Hi flipkart user, thank you so much for your feedback. we are glad that you are enjoying flipkart and we look forward to serving you again.",Unknown,Flipkart
Rohan Rajput,Good for shopping,5,0,8.29,11-08-2025,"Hi flipkart user, thank you so much for your feedback. we are glad that you are enjoying flipkart and we look forward to serving you again.",8.29,Flipkart
love story,Nice product,4,0,8.29,11-08-2025,"Hi flipkart user, thank you so much for your feedback. we are glad that you are enjoying flipkart and we look forward to serving you again.",8.29,Flipkart
Karan Jot,Very nice,5,0,8.29,11-08-2025,"Hi flipkart user, thank you so much for your feedback. we are glad that you are enjoying flipkart and we look forward to serving you again.",8.29,Flipkart
Aman Reja,Awesome,5,0,8.3,11-08-2025,"Hi flipkart user, thank you so much for your feedback. we are glad that you are enjoying flipkart and we look forward to serving you again.",8.3,Flipkart
Tanya Sharma,So cute,5,0,8.29,11-08-2025,"Hi flipkart user, thank you so much for your feedback. we are glad that you are enjoying flipkart and we look forward to serving you again.",8.29,Flipkart
Aman Yadav,Good,3,0,8.29,11-08-2025,"Thanks for the love, aman! if you’re happy with everything, a 5-star rating would mean the world to us!",8.29,Flipkart
Sanju Kujur,Good,5,0,8.29,11-08-2025,"Hi flipkart user, thank you so much for your feedback. we are glad that you are enjoying flipkart and we look forward to serving you again.",8.29,Flipkart
Sarthak Walhekar,Good,5,0,8.29,11-08-2025,"Hi flipkart user, thank you so much for your feedback. we are glad that you are enjoying flipkart and we look forward to serving you again.",8.29,Flipkart
ananda soren,Good app,4,0,8.21,11-08-2025,"Hi flipkart user, thank you so much for your feedback. we are glad that you are enjoying flipkart and we look forward to serving you again.",8.21,Flipkart
Nilkanta Biswas,Good flipkart,5,0,8.29,11-08-2025,"Hi flipkart user, thank you so much for your feedback. we are glad that you are enjoying flipkart and we look forward to serving you again.",8.29,Flipkart
pooja patil,Very helpful for me,5,0,8.29,11-08-2025,"Hi flipkart user, thank you so much for your feedback. we are glad that you are enjoying flipkart and we look forward to serving you again.",8.29,Flipkart
Pavan Bhalerao,nan,5,0,Unkown,11-08-2025,"Hi flipkart user, thank you so much for your feedback. we are glad that you are enjoying flipkart and we look forward to serving you again.",Unknown,Flipkart
Regidi Prasad,Super,2,0,8.29,11-08-2025,"Hi flipkart user, thank you for your kind words! would you also like to give us more stars? 5 stars - very good, 4 stars- good, 3 stars - okay, 2 stars - bad, 1 star- very bad",8.29,Flipkart
A.C. Z,Haven't got any super coin from the last three or four orders.,1,0,8.29,11-08-2025,We are sorry about your experience and would like to help you out. please get in touch with us at user-experience@flipkart.com securely and provide your registered phone number/email and app store info so we can help.,8.29,Flipkart
T Geetha,Good,5,0,8.27,11-08-2025,"Hi flipkart user, thank you so much for your feedback. we are glad that you are enjoying flipkart and we look forward to serving you again.",8.27,Flipkart
Krishna Kumar,nan,2,0,8.29,11-08-2025,No Reply,8.29,Flipkart
Md Alisher,Super,3,0,8.29,11-08-2025,"Thanks so much for the awesome feedback, alisher! if you think we deserve a higher rating, we'd love for you to update it to a 4 or 5 star when you get a chance!",8.29,Flipkart
Tanmaya Dehury,nan,5,0,Unkown,11-08-2025,"Hi flipkart user, thank you so much for your feedback. we are glad that you are enjoying flipkart and we look forward to serving you again.",Unknown,Flipkart
hetam khan,Wonderful,5,0,8.29,11-08-2025,"Hi flipkart user, thank you so much for your feedback. we are glad that you are enjoying flipkart and we look forward to serving you again.",8.29,Flipkart
VIMLESH SINGH,Very good,4,0,8.29,11-08-2025,"Hi flipkart user, thank you so much for your feedback. we are glad that you are enjoying flipkart and we look forward to serving you again.",8.29,Flipkart
Sandeep Kumar,Nice,5,0,8.29,11-08-2025,"Hi flipkart user, thank you so much for your feedback. we are glad that you are enjoying flipkart and we look forward to serving you again.",8.29,Flipkart
Manir Khan,Okay,5,0,8.29,11-08-2025,"Hi flipkart user, thank you so much for your feedback. we are glad that you are enjoying flipkart and we look forward to serving you again.",8.29,Flipkart
Neelam Jain,Nice,5,0,8.28,11-08-2025,"Hi flipkart user, thank you so much for your feedback. we are glad that you are enjoying flipkart and we look forward to serving you again.",8.28,Flipkart
Monish Kashyap,Good,3,0,8.29,11-08-2025,"Thanks for the love, monish! if you’re happy with everything, a 5-star rating would mean the world to us!",8.29,Flipkart
Jintu Rajbongshi,Good service,5,0,8.29,11-08-2025,"Hi flipkart user, thank you so much for your feedback. we are glad that you are enjoying flipkart and we look forward to serving you again.",8.29,Flipkart
Krishna Shukla,Okay okay aap not too bad & good,3,0,8.29,11-08-2025,No Reply,8.29,Flipkart
RajaRam Pawar,Good quality,5,0,8.29,11-08-2025,"Hi flipkart user, thank you so much for your feedback. we are glad that you are enjoying flipkart and we look forward to serving you again.",8.29,Flipkart
Bilkish Patel,Good and excellent experience,5,0,8.29,11-08-2025,"Hi flipkart user, thank you so much for your feedback. we are glad that you are enjoying flipkart and we look forward to serving you again.",8.29,Flipkart
Gautam Singh,Love you,5,0,8.26,11-08-2025,"Hi flipkart user, thank you so much for your feedback. we are glad that you are enjoying flipkart and we look forward to serving you again.",8.26,Flipkart
motivate Indian army,Good,5,0,8.29,11-08-2025,"Hi flipkart user, thank you so much for your feedback. we are glad that you are enjoying flipkart and we look forward to serving you again.",8.29,Flipkart
Gowtham Dharani,Best sopping for all product,5,0,8.21,11-08-2025,"Hi flipkart user, thank you so much for your feedback. we are glad that you are enjoying flipkart and we look forward to serving you again.",8.21,Flipkart
anshuman B,Wrost and terrible experience your app and website have a glitch we can't add or update email. always shows invalid email,1,0,8.29,11-08-2025,"Hi flipkart user, we sincerely apologize for the inconvenience. please share the details of your issue with app-feedback@flipkart.com for the team to quickly resolve it for you.",8.29,Flipkart
Tahaseen Khan,Good,4,0,8.3,11-08-2025,"Hi flipkart user, thank you so much for your feedback. we are glad that you are enjoying flipkart and we look forward to serving you again.",8.3,Flipkart
Kanish Jatav,He is good product on flipkart,5,0,8.29,11-08-2025,"Hi flipkart user, thank you so much for your feedback. we are glad that you are enjoying flipkart and we look forward to serving you again.",8.29,Flipkart
MANASKUMAR BEHERA,Godd,5,0,8.29,11-08-2025,"Hi flipkart user, thank you so much for your feedback. we are glad that you are enjoying flipkart and we look forward to serving you again.",8.29,Flipkart
Anjali raj,Ok,5,0,8.29,11-08-2025,"Hi flipkart user, thank you so much for your feedback. we are glad that you are enjoying flipkart and we look forward to serving you again.",8.29,Flipkart
Arjunkumar Kumar,Good app,4,0,8.29,11-08-2025,"Hi flipkart user, thank you so much for your feedback. we are glad that you are enjoying flipkart and we look forward to serving you again.",8.29,Flipkart
Immu Bhat,Outstanding,5,0,8.28,11-08-2025,"Hi flipkart user, thank you so much for your feedback. we are glad that you are enjoying flipkart and we look forward to serving you again.",8.28,Flipkart
Prabhakar Prabhakar,Super,5,0,8.29,11-08-2025,"Hi flipkart user, thank you so much for your feedback. we are glad that you are enjoying flipkart and we look forward to serving you again.",8.29,Flipkart
Zakir Hameed,Owsm,3,0,Unkown,11-08-2025,"Thanks so much for the awesome feedback, zakir! if you think we deserve a higher rating, we'd love for you to update it to a 4 or 5 star when you get a chance!",Unknown,Flipkart
Sunny Sohtun,Good,5,0,8.29,11-08-2025,"Hi flipkart user, thank you so much for your feedback. we are glad that you are enjoying flipkart and we look forward to serving you again.",8.29,Flipkart
ARBIND SAHU,Extra charge is my problem,1,0,8.25,11-08-2025,"Arbind, we are sorry about your experience and would like to help you out. please get in touch with us at user-experience@flipkart.com securely and provide your registered phone number/email and app store info so we can help.",8.25,Flipkart
Biswaprakash Malik,Nice,5,0,8.29,11-08-2025,"Hi flipkart user, thank you so much for your feedback. we are glad that you are enjoying flipkart and we look forward to serving you again.",8.29,Flipkart
Sobha Krishna,Super,5,0,8.29,11-08-2025,"Hi flipkart user, thank you so much for your feedback. we are glad that you are enjoying flipkart and we look forward to serving you again.",8.29,Flipkart
Shubham Pal,Nice,3,0,8.29,11-08-2025,"Thanks for the love, shubham! if you’re happy with everything, a 5-star rating would mean the world to us!",8.29,Flipkart
Hitesh Parmar,Good,5,0,8.29,11-08-2025,"Hi flipkart user, thank you so much for your feedback. we are glad that you are enjoying flipkart and we look forward to serving you again.",8.29,Flipkart
Ravin Khatwase,Ok,5,0,8.29,11-08-2025,"Hi flipkart user, thank you so much for your feedback. we are glad that you are enjoying flipkart and we look forward to serving you again.",8.29,Flipkart
Mukesh Yadav,Good,5,0,8.29,11-08-2025,"Hi flipkart user, thank you so much for your feedback. we are glad that you are enjoying flipkart and we look forward to serving you again.",8.29,Flipkart
Inderjeet Singh,Excellent,1,0,8.3,11-08-2025,"Hi flipkart user, thank you for your kind words! would you also like to give us more stars? 5 stars - very good, 4 stars- good, 3 stars - okay, 2 stars - bad, 1 star- very bad",8.3,Flipkart
Ragunath S,Ok,5,0,8.29,11-08-2025,"Hi flipkart user, thank you so much for your feedback. we are glad that you are enjoying flipkart and we look forward to serving you again.",8.29,Flipkart
Rachit Yadav Rachit Yadav,Iphone 16 jeete,5,0,8.29,11-08-2025,"Hi flipkart user, thank you so much for your feedback. we are glad that you are enjoying flipkart and we look forward to serving you again.",8.29,Flipkart
SOMU.M.BANAKAR SOMU.M.BANAKAR,ಶರ್ಟ್ ತುಂಬಾ ಚೆನ್ನಾಗಿದೆ ಆದರೆ ಪಾಕೆಟ್ ಇಲ್ಲ,5,0,8.29,11-08-2025,"Hi flipkart user, thank you so much for your feedback. we are glad that you are enjoying flipkart and we look forward to serving you again.",8.29,Flipkart
Charan Singh,It is good shopping aap,5,0,8.29,11-08-2025,"Hi flipkart user, thank you so much for your feedback. we are glad that you are enjoying flipkart and we look forward to serving you again.",8.29,Flipkart
DIPANKAR MONDAI,Smart job nice apps,5,0,8.29,11-08-2025,"Hi flipkart user, thank you so much for your feedback. we are glad that you are enjoying flipkart and we look forward to serving you again.",8.29,Flipkart
Sonu Kumar,Nice,5,0,8.22,11-08-2025,"Hi flipkart user, thank you so much for your feedback. we are glad that you are enjoying flipkart and we look forward to serving you again.",8.22,Flipkart
Jyotiprakash Mohanty,Good,4,0,8.29,11-08-2025,"Hi flipkart user, thank you so much for your feedback. we are glad that you are enjoying flipkart and we look forward to serving you again.",8.29,Flipkart
Saik Abu Sattar,India's best,5,0,8.29,11-08-2025,"Hi flipkart user, thank you so much for your feedback. we are glad that you are enjoying flipkart and we look forward to serving you again.",8.29,Flipkart
Ranvijay Bhardwaj,Nice,5,0,8.29,11-08-2025,"Hi flipkart user, thank you so much for your feedback. we are glad that you are enjoying flipkart and we look forward to serving you again.",8.29,Flipkart
Gyaneshwar,All is well,5,0,8.29,11-08-2025,"Hi flipkart user, thank you so much for your feedback. we are glad that you are enjoying flipkart and we look forward to serving you again.",8.29,Flipkart
Ajmol Hussain,Good,1,0,8.29,11-08-2025,"Hi flipkart user, thank you for your kind words! would you also like to give us more stars? 5 stars - very good, 4 stars- good, 3 stars - okay, 2 stars - bad, 1 star- very bad",8.29,Flipkart
Dr. Radhika Agarwal,Flipkart minutes is absolutely terrible. i have ordered a couple of times. everytime they send rotten or expired items. very bad service,1,0,Unkown,11-08-2025,"Hi flipkart user, we are sorry about your bad experience with us. please get in touch with us at www.flipkart.com/helpcentre to assist you. thanks for your patience!",Unknown,Flipkart
Suraj Tiwari,Good flipkart,5,0,8.28,11-08-2025,"Hi flipkart user, thank you so much for your feedback. we are glad that you are enjoying flipkart and we look forward to serving you again.",8.28,Flipkart
Harsh,Very nice app,5,0,Unkown,11-08-2025,"Hi flipkart user, thank you so much for your feedback. we are glad that you are enjoying flipkart and we look forward to serving you again.",Unknown,Flipkart
Shashi Kumari,Nice,2,0,8.27,11-08-2025,"Hi flipkart user, thank you for your kind words! would you also like to give us more stars? 5 stars - very good, 4 stars- good, 3 stars - okay, 2 stars - bad, 1 star- very bad",8.27,Flipkart
Mo Rashid,Good,5,0,8.26,11-08-2025,"Hi flipkart user, thank you so much for your feedback. we are glad that you are enjoying flipkart and we look forward to serving you again.",8.26,Flipkart
Kumari Mahto,Supper and home and i'm,5,0,8.3,11-08-2025,"Hi flipkart user, thank you so much for your feedback. we are glad that you are enjoying flipkart and we look forward to serving you again.",8.3,Flipkart
naveen kumar,Bekar sarvice hai,1,0,8.3,11-08-2025,No Reply,8.3,Flipkart
Narendra Singh,Nice,5,0,8.29,11-08-2025,"Hi flipkart user, thank you so much for your feedback. we are glad that you are enjoying flipkart and we look forward to serving you again.",8.29,Flipkart
Badal Behera,Very nice,5,0,8.29,11-08-2025,"Hi flipkart user, thank you so much for your feedback. we are glad that you are enjoying flipkart and we look forward to serving you again.",8.29,Flipkart
VANSH,Good,4,0,8.21,11-08-2025,"Hi flipkart user, thank you so much for your feedback. we are glad that you are enjoying flipkart and we look forward to serving you again.",8.21,Flipkart
After Hours,Good!,5,0,8.29,11-08-2025,"Hi flipkart user, thank you so much for your feedback. we are glad that you are enjoying flipkart and we look forward to serving you again.",8.29,Flipkart
Bharti Pustode,Very good,5,0,8.29,11-08-2025,"Hi flipkart user, thank you so much for your feedback. we are glad that you are enjoying flipkart and we look forward to serving you again.",8.29,Flipkart
Samim shekh,Good,5,0,8.29,11-08-2025,"Hi flipkart user, thank you so much for your feedback. we are glad that you are enjoying flipkart and we look forward to serving you again.",8.29,Flipkart
Najira Mallick,Alhamdulillah,5,0,8.28,11-08-2025,"Hi flipkart user, thank you so much for your feedback. we are glad that you are enjoying flipkart and we look forward to serving you again.",8.28,Flipkart
Viraj kumar,Awesome,5,0,8.3,11-08-2025,"Hi flipkart user, thank you so much for your feedback. we are glad that you are enjoying flipkart and we look forward to serving you again.",8.3,Flipkart
Anu Bagha,Good,4,0,8.29,11-08-2025,"Hi flipkart user, thank you so much for your feedback. we are glad that you are enjoying flipkart and we look forward to serving you again.",8.29,Flipkart
Munna Miya,So very good application,5,0,8.29,11-08-2025,"Hi flipkart user, thank you so much for your feedback. we are glad that you are enjoying flipkart and we look forward to serving you again.",8.29,Flipkart
shanto ss,Amazing app,5,0,8.25,11-08-2025,"Hi flipkart user, thank you so much for your feedback. we are glad that you are enjoying flipkart and we look forward to serving you again.",8.25,Flipkart
Akshay Vahoniya,nan,4,0,Unkown,11-08-2025,"Hi flipkart user, thank you so much for your feedback. we are glad that you are enjoying flipkart and we look forward to serving you again.",Unknown,Flipkart
Aksh Patel,Good service,1,0,8.29,11-08-2025,"Hi flipkart user, thank you for your kind words! would you also like to give us more stars? 5 stars - very good, 4 stars- good, 3 stars - okay, 2 stars - bad, 1 star- very bad",8.29,Flipkart
Rinu Singh,Good,5,0,8.29,11-08-2025,"Hi flipkart user, thank you so much for your feedback. we are glad that you are enjoying flipkart and we look forward to serving you again.",8.29,Flipkart
Shiv Kumar,Wow,5,0,8.13,11-08-2025,"Hi flipkart user, thank you so much for your feedback. we are glad that you are enjoying flipkart and we look forward to serving you again.",8.13,Flipkart
Jay Raval,nan,5,0,8.29,11-08-2025,"Hi flipkart user, thank you so much for your feedback. we are glad that you are enjoying flipkart and we look forward to serving you again.",8.29,Flipkart
DRpawar8976 Sonawan,Nice,5,0,8.3,11-08-2025,"Hi flipkart user, thank you so much for your feedback. we are glad that you are enjoying flipkart and we look forward to serving you again.",8.3,Flipkart
Keshab Karan,Good,4,0,8.29,11-08-2025,"Hi flipkart user, thank you so much for your feedback. we are glad that you are enjoying flipkart and we look forward to serving you again.",8.29,Flipkart
Suraj Pal,Best app,3,0,8.29,11-08-2025,"We're glad you enjoyed our app, suraj! if you think we deserve more stars, we'd love to see your rating updated to a 4 or 5 star!",8.29,Flipkart
Ashok Sethi,Good,5,0,8.29,11-08-2025,"Hi flipkart user, thank you so much for your feedback. we are glad that you are enjoying flipkart and we look forward to serving you again.",8.29,Flipkart
sukhvinder singh,Good,5,0,8.29,11-08-2025,"Hi flipkart user, thank you so much for your feedback. we are glad that you are enjoying flipkart and we look forward to serving you again.",8.29,Flipkart
Vilas Deshmukh,Helpfull,5,0,8.29,11-08-2025,"Hi flipkart user, thank you so much for your feedback. we are glad that you are enjoying flipkart and we look forward to serving you again.",8.29,Flipkart
PAPANA SRINU,Good product,5,0,8.29,11-08-2025,"Hi flipkart user, thank you so much for your feedback. we are glad that you are enjoying flipkart and we look forward to serving you again.",8.29,Flipkart
Bharathi R,So cute,5,0,8.29,11-08-2025,"Hi flipkart user, thank you so much for your feedback. we are glad that you are enjoying flipkart and we look forward to serving you again.",8.29,Flipkart
Haja Bebdb,I had ordered two items before i month and i wait until now but they cancelled it without any valid reason don't buy from this it is worst app,1,0,Unkown,11-08-2025,"Haja, apologies for the cancellation. please get in touch with us by writing securely at user-experience@flipkart.com and mention your order and app store details so we can help.",Unknown,Flipkart
Binod Ram,nan,4,0,8.29,11-08-2025,"Hi flipkart user, thank you so much for your feedback. we are glad that you are enjoying flipkart and we look forward to serving you again.",8.29,Flipkart
Misu Sk,Very nice my fevaret app,4,0,8.29,11-08-2025,"Hi flipkart user, thank you so much for your feedback. we are glad that you are enjoying flipkart and we look forward to serving you again.",8.29,Flipkart
Periya Nayagam,High priority issue. continue button to place order is not working.,1,0,8.3,11-08-2025,"Hi flipkart user, we sincerely apologize for the inconvenience. please share the details of your issue with app-feedback@flipkart.com for the team to quickly resolve it for you.",8.3,Flipkart
Deba Bhoi,Cool,2,0,8.29,11-08-2025,"Hi flipkart user, thank you for your kind words! would you also like to give us more stars? 5 stars - very good, 4 stars- good, 3 stars - okay, 2 stars - bad, 1 star- very bad",8.29,Flipkart
Nishu Jha,Awesome app,5,0,8.29,11-08-2025,"Hi flipkart user, thank you so much for your feedback. we are glad that you are enjoying flipkart and we look forward to serving you again.",8.29,Flipkart
Rahul Chauhan,Good,5,0,8.29,11-08-2025,"Hi flipkart user, thank you so much for your feedback. we are glad that you are enjoying flipkart and we look forward to serving you again.",8.29,Flipkart
K Khan,Good,4,0,8.29,11-08-2025,"Hi flipkart user, thank you so much for your feedback. we are glad that you are enjoying flipkart and we look forward to serving you again.",8.29,Flipkart
Sahitya Gupta,"I was calling for the delay in delivery of my order from the last 2 days. when i talked to the customer care, i was told that they will try to deliver my order before 5 pm. but my call messages have no value with this company. their behavior towards the customers is very rude. they do not care about the customer's order getting cancelled. if not, then when i call the customer care, they say that you can reorder again. very bad service. my order has been cancelled continue 2 times.",1,1,8.29,11-08-2025,No Reply,8.29,Flipkart
Indian Indi,Good,4,0,8.27,11-08-2025,"Hi flipkart user, thank you so much for your feedback. we are glad that you are enjoying flipkart and we look forward to serving you again.",8.27,Flipkart
AKHTAR Dharwadi,Bad experience no costumer support,1,0,8.29,11-08-2025,No Reply,8.29,Flipkart
Sankalp Munde,Good,5,0,8.29,11-08-2025,"Hi flipkart user, thank you so much for your feedback. we are glad that you are enjoying flipkart and we look forward to serving you again.",8.29,Flipkart
Hero the legend,Good,5,0,8.29,11-08-2025,"Hi flipkart user, thank you so much for your feedback. we are glad that you are enjoying flipkart and we look forward to serving you again.",8.29,Flipkart
Poonam Kamble,Nice,5,0,8.29,11-08-2025,"Hi flipkart user, thank you so much for your feedback. we are glad that you are enjoying flipkart and we look forward to serving you again.",8.29,Flipkart
Kattubadi Mokshagnya,Good,5,0,8.29,11-08-2025,"Hi flipkart user, thank you so much for your feedback. we are glad that you are enjoying flipkart and we look forward to serving you again.",8.29,Flipkart
Krishna Yadav,Very good,4,0,8.3,11-08-2025,"Hi flipkart user, thank you so much for your feedback. we are glad that you are enjoying flipkart and we look forward to serving you again.",8.3,Flipkart
Magesh K,I love that,4,0,8.29,11-08-2025,"Hi flipkart user, thank you so much for your feedback. we are glad that you are enjoying flipkart and we look forward to serving you again.",8.29,Flipkart
Shubhra Singh,App isn't working properly lots of technical issues also not showing more options,1,0,Unkown,11-08-2025,"Hi flipkart user, we sincerely apologize for the inconvenience. please share the details of your issue with app-feedback@flipkart.com for the team to quickly resolve it for you.",Unknown,Flipkart
Pradeep,Superb,5,0,8.3,11-08-2025,"Hi flipkart user, thank you so much for your feedback. we are glad that you are enjoying flipkart and we look forward to serving you again.",8.3,Flipkart
Rashmi Malore,Good,4,0,8.29,11-08-2025,"Hi flipkart user, thank you so much for your feedback. we are glad that you are enjoying flipkart and we look forward to serving you again.",8.29,Flipkart
Divyarajsinh Chudasama,Best,5,0,8.29,11-08-2025,"Hi flipkart user, thank you so much for your feedback. we are glad that you are enjoying flipkart and we look forward to serving you again.",8.29,Flipkart
Sham 2006,Super,5,0,8.28,11-08-2025,"Hi flipkart user, thank you so much for your feedback. we are glad that you are enjoying flipkart and we look forward to serving you again.",8.28,Flipkart
Puja Sahu,V good product,3,0,8.3,11-08-2025,"Super happy to hear that you loved your order, puja. if you think we deserve a 4 or 5-star, an update would be very appreciated.",8.3,Flipkart
Tukuna Malik,Flipkard is the best,5,0,8.29,11-08-2025,"Hi flipkart user, thank you so much for your feedback. we are glad that you are enjoying flipkart and we look forward to serving you again.",8.29,Flipkart
Mohd Shahnawz,Good,4,0,8.29,11-08-2025,"Hi flipkart user, thank you so much for your feedback. we are glad that you are enjoying flipkart and we look forward to serving you again.",8.29,Flipkart
Vivek Kumar,Best,5,0,8.29,11-08-2025,"Hi flipkart user, thank you so much for your feedback. we are glad that you are enjoying flipkart and we look forward to serving you again.",8.29,Flipkart
Shiva Ramakrishna,Good,5,0,8.29,11-08-2025,"Hi flipkart user, thank you so much for your feedback. we are glad that you are enjoying flipkart and we look forward to serving you again.",8.29,Flipkart
Updesh Mhawer kohli,The worst seller is flipkart. an order was to be delivered on 6th august 2025 but it has not been delivered till today. do not do any shopping from flipkart.,1,1,8.29,11-08-2025,"Hi flipkart user, we are sorry about your bad experience with us. please get in touch with us at www.flipkart.com/helpcentre to assist you. thanks for your patience!",8.29,Flipkart
Neeraj Kumar Bhartiya,Nice,5,0,8.21,11-08-2025,"Hi flipkart user, thank you so much for your feedback. we are glad that you are enjoying flipkart and we look forward to serving you again.",8.21,Flipkart
Vikash Mallena,Good,3,0,8.29,11-08-2025,"Thanks so much for the awesome feedback, vikash! if you think we deserve a higher rating, we'd love for you to update it to a 4 or 5 star when you get a chance!",8.29,Flipkart
yogesh more,Don't install this app order are unexpected cancelled automatically,1,0,8.29,11-08-2025,"Yogesh, apologies for the cancellation. please get in touch with us by writing securely at user-experience@flipkart.com and mention your order and app store details so we can help.",8.29,Flipkart
Sibo Behera,Good,5,0,8.29,11-08-2025,"Hi flipkart user, thank you so much for your feedback. we are glad that you are enjoying flipkart and we look forward to serving you again.",8.29,Flipkart
Prashant Katkar,Good service,5,0,8.29,11-08-2025,"Hi flipkart user, thank you so much for your feedback. we are glad that you are enjoying flipkart and we look forward to serving you again.",8.29,Flipkart
Ningthoujam Singh,Good,5,0,8.29,11-08-2025,"Hi flipkart user, thank you so much for your feedback. we are glad that you are enjoying flipkart and we look forward to serving you again.",8.29,Flipkart
Kaif Malik,Amazing,3,0,8.3,11-08-2025,"Thanks for the love, kaif! if you’re happy with everything, a 5-star rating would mean the world to us!",8.3,Flipkart
LIFE IS BEAUTIFUL,Very very slow. it doesn't even open. waste of my time and energy. 11-08-2025 new problems are arising. my urgent sets of orders which were supposed to be delivered in 1 day are still not delivered even after a delay of 4 days. and you are charging me money for the return of a defective product?? how terrible!!!!,1,1,Unkown,11-08-2025,"Hi flipkart user, we sincerely apologize for the inconvenience. please share the details of your issue with app-feedback@flipkart.com for the team to quickly resolve it for you.",Unknown,Flipkart
Tuhina Asifa,Nice,5,0,8.28,11-08-2025,"Hi flipkart user, thank you so much for your feedback. we are glad that you are enjoying flipkart and we look forward to serving you again.",8.28,Flipkart
Amit Kumar,Super,1,0,8.29,11-08-2025,"Hi flipkart user, thank you for your kind words! would you also like to give us more stars? 5 stars - very good, 4 stars- good, 3 stars - okay, 2 stars - bad, 1 star- very bad",8.29,Flipkart
Ajju bhai gaming,Thank,5,0,8.29,11-08-2025,"Hi flipkart user, thank you so much for your feedback. we are glad that you are enjoying flipkart and we look forward to serving you again.",8.29,Flipkart
Ramanji B,Super,5,0,8.3,11-08-2025,"Hi flipkart user, thank you so much for your feedback. we are glad that you are enjoying flipkart and we look forward to serving you again.",8.3,Flipkart
Dev Kumar,Best,5,0,8.3,11-08-2025,"Hi flipkart user, thank you so much for your feedback. we are glad that you are enjoying flipkart and we look forward to serving you again.",8.3,Flipkart
Hassan Mohd,Wow,5,0,8.29,11-08-2025,"Hi flipkart user, thank you so much for your feedback. we are glad that you are enjoying flipkart and we look forward to serving you again.",8.29,Flipkart
Vishal Sharma,Good,5,0,8.3,11-08-2025,"Hi flipkart user, thank you so much for your feedback. we are glad that you are enjoying flipkart and we look forward to serving you again.",8.3,Flipkart
Mariappan Arumugam,Great experience,4,0,8.29,11-08-2025,"Hi flipkart user, thank you so much for your feedback. we are glad that you are enjoying flipkart and we look forward to serving you again.",8.29,Flipkart
Yash Sharma,Good nice app,5,0,8.29,11-08-2025,"Hi flipkart user, thank you so much for your feedback. we are glad that you are enjoying flipkart and we look forward to serving you again.",8.29,Flipkart
Venki D,Super,3,0,8.29,11-08-2025,"Thanks so much for the awesome feedback, venki! if you think we deserve a higher rating, we'd love for you to update it to a 4 or 5 star when you get a chance!",8.29,Flipkart
Avinash Dhage,Ok nice,5,0,8.18,11-08-2025,"Hi flipkart user, thank you so much for your feedback. we are glad that you are enjoying flipkart and we look forward to serving you again.",8.18,Flipkart
Arvind Kuvala,Nice,5,0,8.29,11-08-2025,"Hi flipkart user, thank you so much for your feedback. we are glad that you are enjoying flipkart and we look forward to serving you again.",8.29,Flipkart
Clement lessely,Good,5,0,8.3,11-08-2025,"Hi flipkart user, thank you so much for your feedback. we are glad that you are enjoying flipkart and we look forward to serving you again.",8.3,Flipkart
Kumarshashikant Yadav,Best,1,0,8.29,11-08-2025,"Hi flipkart user, thank you for your kind words! would you also like to give us more stars? 5 stars - very good, 4 stars- good, 3 stars - okay, 2 stars - bad, 1 star- very bad",8.29,Flipkart
Mr Toxin,Good,5,0,8.28,11-08-2025,"Hi flipkart user, thank you so much for your feedback. we are glad that you are enjoying flipkart and we look forward to serving you again.",8.28,Flipkart
JUNED KURESHI,Late delivery no delivery pluse membership not worked,1,0,8.3,11-08-2025,"Hi flipkart user, we are sorry about your bad experience with us. please get in touch with us at www.flipkart.com/helpcentre to assist you. thanks for your patience!",8.3,Flipkart
Diwash Oraon,This app so good,4,0,8.27,11-08-2025,"Hi flipkart user, thank you so much for your feedback. we are glad that you are enjoying flipkart and we look forward to serving you again.",8.27,Flipkart
Arvind Kumar,Mast,5,0,8.29,11-08-2025,"Hi flipkart user, thank you so much for your feedback. we are glad that you are enjoying flipkart and we look forward to serving you again.",8.29,Flipkart
Asraful Haque,Nice,1,0,8.21,11-08-2025,"Hi flipkart user, thank you for your kind words! would you also like to give us more stars? 5 stars - very good, 4 stars- good, 3 stars - okay, 2 stars - bad, 1 star- very bad",8.21,Flipkart
Sushma Kumari,Good,5,0,8.3,11-08-2025,"Hi flipkart user, thank you so much for your feedback. we are glad that you are enjoying flipkart and we look forward to serving you again.",8.3,Flipkart
suman kumar,Osm,5,0,8.27,11-08-2025,"Hi flipkart user, thank you so much for your feedback. we are glad that you are enjoying flipkart and we look forward to serving you again.",8.27,Flipkart
vikas kumar,Very helpful,5,0,8.3,11-08-2025,"Hi flipkart user, thank you so much for your feedback. we are glad that you are enjoying flipkart and we look forward to serving you again.",8.3,Flipkart
bittu mir,Very good product,5,0,Unkown,11-08-2025,"Hi flipkart user, thank you so much for your feedback. we are glad that you are enjoying flipkart and we look forward to serving you again.",Unknown,Flipkart
Saddam Husain Ansari (KING),"This app has become very bad. whatever product i order, it gets cancelled as soon as i order it. talk to the support team, they are giving me time but it is not getting fixed. this is the situation for the last 6 months, there is no solution it is not happening, i am just giving time on time and nothing",1,1,8.3,11-08-2025,No Reply,8.3,Flipkart
Divya Bendale,Very good application for shopping,5,0,8.29,11-08-2025,"Hi flipkart user, thank you so much for your feedback. we are glad that you are enjoying flipkart and we look forward to serving you again.",8.29,Flipkart
Sudheer Kumar Sudheer Kumar,Sorry,2,0,8.29,11-08-2025,No Reply,8.29,Flipkart
firoz khan,Excellent services,5,0,8.13,11-08-2025,"Hi flipkart user, thank you so much for your feedback. we are glad that you are enjoying flipkart and we look forward to serving you again.",8.13,Flipkart
Poorva Patel,Very good quality,5,0,8.29,11-08-2025,"Hi flipkart user, thank you so much for your feedback. we are glad that you are enjoying flipkart and we look forward to serving you again.",8.29,Flipkart
Bharat Singh,Good service,5,0,8.29,11-08-2025,"Hi flipkart user, thank you so much for your feedback. we are glad that you are enjoying flipkart and we look forward to serving you again.",8.29,Flipkart
Arun T T,Happy,4,0,8.29,11-08-2025,"Hi flipkart user, thank you so much for your feedback. we are glad that you are enjoying flipkart and we look forward to serving you again.",8.29,Flipkart
Mohammad Kaifuddin Siddiqui,One of the best online shopping app ever,5,0,8.3,11-08-2025,"Hi flipkart user, thank you so much for your feedback. we are glad that you are enjoying flipkart and we look forward to serving you again.",8.3,Flipkart
Mr.dayal Dayal,Ok,5,0,8.29,11-08-2025,"Hi flipkart user, thank you so much for your feedback. we are glad that you are enjoying flipkart and we look forward to serving you again.",8.29,Flipkart
Tanish Patel,Good,5,0,8.29,11-08-2025,"Hi flipkart user, thank you so much for your feedback. we are glad that you are enjoying flipkart and we look forward to serving you again.",8.29,Flipkart
Anuj Kumar,Super,1,0,8.29,11-08-2025,"Hi flipkart user, thank you for your kind words! would you also like to give us more stars? 5 stars - very good, 4 stars- good, 3 stars - okay, 2 stars - bad, 1 star- very bad",8.29,Flipkart
Papu Bora,Customer service bad,1,0,8.29,11-08-2025,No Reply,8.29,Flipkart
ROHIT KUMAR,Worst service provider.,1,0,8.29,11-08-2025,No Reply,8.29,Flipkart
Anirudha Wasnik,Good,5,0,8.21,11-08-2025,"Hi flipkart user, thank you so much for your feedback. we are glad that you are enjoying flipkart and we look forward to serving you again.",8.21,Flipkart
Divya Bisht,Flipkart is the best,4,0,8.29,11-08-2025,"Hi flipkart user, thank you so much for your feedback. we are glad that you are enjoying flipkart and we look forward to serving you again.",8.29,Flipkart
ranjith cr,Good,5,0,Unkown,11-08-2025,"Hi flipkart user, thank you so much for your feedback. we are glad that you are enjoying flipkart and we look forward to serving you again.",Unknown,Flipkart
Savitri Verma,I prefer to buy on flipkart service is extremely good,5,0,Unkown,11-08-2025,"Hi flipkart user, thank you so much for your feedback. we are glad that you are enjoying flipkart and we look forward to serving you again.",Unknown,Flipkart
Satya Satya,Good,3,0,8.28,11-08-2025,"Thanks for the love, satya! if you’re happy with everything, a 5-star rating would mean the world to us!",8.28,Flipkart
sumit sunanda,Good,5,0,8.29,11-08-2025,"Hi flipkart user, thank you so much for your feedback. we are glad that you are enjoying flipkart and we look forward to serving you again.",8.29,Flipkart
jana jana,Super,5,0,8.27,11-08-2025,"Hi flipkart user, thank you so much for your feedback. we are glad that you are enjoying flipkart and we look forward to serving you again.",8.27,Flipkart
Amol Kusalkar,Wow,5,0,8.29,11-08-2025,"Hi flipkart user, thank you so much for your feedback. we are glad that you are enjoying flipkart and we look forward to serving you again.",8.29,Flipkart
Manoranjan Das,Very good,5,0,8.29,11-08-2025,"Hi flipkart user, thank you so much for your feedback. we are glad that you are enjoying flipkart and we look forward to serving you again.",8.29,Flipkart
Ms Sanju,Good product big discount,5,0,8.29,11-08-2025,"Hi flipkart user, thank you so much for your feedback. we are glad that you are enjoying flipkart and we look forward to serving you again.",8.29,Flipkart
Krish Dj,Product quality is always low and delivery also,1,0,Unkown,11-08-2025,"Hi flipkart user, we are sorry about your bad experience with us. please get in touch with us at www.flipkart.com/helpcentre to assist you. thanks for your patience!",Unknown,Flipkart
Amit Kumar,Good,4,0,8.29,11-08-2025,"Hi flipkart user, thank you so much for your feedback. we are glad that you are enjoying flipkart and we look forward to serving you again.",8.29,Flipkart
Pramod Patta,Okay lk,5,0,8.2,11-08-2025,"Hi flipkart user, thank you so much for your feedback. we are glad that you are enjoying flipkart and we look forward to serving you again.",8.2,Flipkart
MS Rahul,Nice,5,0,8.29,11-08-2025,"Hi flipkart user, thank you so much for your feedback. we are glad that you are enjoying flipkart and we look forward to serving you again.",8.29,Flipkart
Venki Chinna,Good,5,0,8.29,11-08-2025,"Hi flipkart user, thank you so much for your feedback. we are glad that you are enjoying flipkart and we look forward to serving you again.",8.29,Flipkart
BAPAN BORO,Good,3,0,8.29,11-08-2025,"Thanks so much for the awesome feedback, bapan! if you think we deserve a higher rating, we'd love for you to update it to a 4 or 5 star when you get a chance!",8.29,Flipkart
Amrita Singh,Ok,5,0,8.29,11-08-2025,"Hi flipkart user, thank you so much for your feedback. we are glad that you are enjoying flipkart and we look forward to serving you again.",8.29,Flipkart
Basavaraj S,I have just starting,3,0,8.24,11-08-2025,No Reply,8.24,Flipkart
Tanveer Khan,It is great and convenient app,5,0,8.29,11-08-2025,"Hi flipkart user, thank you so much for your feedback. we are glad that you are enjoying flipkart and we look forward to serving you again.",8.29,Flipkart
Raushan tiwari,Good,5,0,8.3,11-08-2025,"Hi flipkart user, thank you so much for your feedback. we are glad that you are enjoying flipkart and we look forward to serving you again.",8.3,Flipkart
Raj Roy,Achha ji,5,0,8.29,11-08-2025,"Hi flipkart user, thank you so much for your feedback. we are glad that you are enjoying flipkart and we look forward to serving you again.",8.29,Flipkart
Uttam Nagane,Very good service,5,0,8.29,11-08-2025,"Hi flipkart user, thank you so much for your feedback. we are glad that you are enjoying flipkart and we look forward to serving you again.",8.29,Flipkart
Gh Mohd,Best,4,0,8.29,11-08-2025,"Hi flipkart user, thank you so much for your feedback. we are glad that you are enjoying flipkart and we look forward to serving you again.",8.29,Flipkart
Manjunath Manju,Ok,1,0,8.3,11-08-2025,"Hi flipkart user, thank you for your kind words! would you also like to give us more stars? 5 stars - very good, 4 stars- good, 3 stars - okay, 2 stars - bad, 1 star- very bad",8.3,Flipkart
Nirmal mandi,Owsome great,5,0,8.24,11-08-2025,"Hi flipkart user, thank you so much for your feedback. we are glad that you are enjoying flipkart and we look forward to serving you again.",8.24,Flipkart
Anurag kumar Raj,Good,5,0,8.3,11-08-2025,"Hi flipkart user, thank you so much for your feedback. we are glad that you are enjoying flipkart and we look forward to serving you again.",8.3,Flipkart
Saransh Raj,Very best online shopping app,5,0,8.3,11-08-2025,"Hi flipkart user, thank you so much for your feedback. we are glad that you are enjoying flipkart and we look forward to serving you again.",8.3,Flipkart
Ansh Singh,Achcha hai bahut achcha hai sundar pichai tum log karo aur accha discount bhi milta hai,4,0,8.3,11-08-2025,"Hi flipkart user, thank you so much for your feedback. we are glad that you are enjoying flipkart and we look forward to serving you again.",8.3,Flipkart
DR JAGANNATH CHATTOPADHYAY,Better purchase price. now let us see the delivery service. looking forward for the best service. thank you. thanks & namaste,5,0,8.3,11-08-2025,"Hi flipkart user, thank you so much for your feedback. we are glad that you are enjoying flipkart and we look forward to serving you again.",8.3,Flipkart
Mohd Shahnawaz,Good,5,0,8.29,11-08-2025,"Hi flipkart user, thank you so much for your feedback. we are glad that you are enjoying flipkart and we look forward to serving you again.",8.29,Flipkart
Shivam Mahato,Very nice aap,5,0,8.29,11-08-2025,"Hi flipkart user, thank you so much for your feedback. we are glad that you are enjoying flipkart and we look forward to serving you again.",8.29,Flipkart
Ratheesh Skv,Good,5,0,8.29,11-08-2025,"Hi flipkart user, thank you so much for your feedback. we are glad that you are enjoying flipkart and we look forward to serving you again.",8.29,Flipkart
Ehk Ranchi,Flipkart is doing scam by holding customer money and not delivering the product. waited for 20 days but they will not deliver product and hold your money put it on interest and fool you by showing fake statistics.,1,0,8.29,11-08-2025,No Reply,8.29,Flipkart
Faizan Bhat,It is helpful,5,0,8.29,11-08-2025,"Hi flipkart user, thank you so much for your feedback. we are glad that you are enjoying flipkart and we look forward to serving you again.",8.29,Flipkart
Vijaylaxmi Podiyam,Very good,5,0,8.3,11-08-2025,"Hi flipkart user, thank you so much for your feedback. we are glad that you are enjoying flipkart and we look forward to serving you again.",8.3,Flipkart
Vikas Kumar,Good,5,0,8.28,11-08-2025,"Hi flipkart user, thank you so much for your feedback. we are glad that you are enjoying flipkart and we look forward to serving you again.",8.28,Flipkart
SIKANDRA KUMAR,Looking very nice but ab aane ke baad hi pta chlega na,5,0,8.29,11-08-2025,"Hi flipkart user, thank you so much for your feedback. we are glad that you are enjoying flipkart and we look forward to serving you again.",8.29,Flipkart
Mahesh Sah,Platform is very better,5,0,8.29,11-08-2025,"Hi flipkart user, thank you so much for your feedback. we are glad that you are enjoying flipkart and we look forward to serving you again.",8.29,Flipkart
Ravi N,Super,4,0,8.7,11-08-2025,"Hi flipkart user, thank you so much for your feedback. we are glad that you are enjoying flipkart and we look forward to serving you again.",8.7,Flipkart
Manjeet Singh,Nice,5,0,8.29,11-08-2025,"Hi flipkart user, thank you so much for your feedback. we are glad that you are enjoying flipkart and we look forward to serving you again.",8.29,Flipkart
Pintu Singh,Nice,5,0,8.29,11-08-2025,"Hi flipkart user, thank you so much for your feedback. we are glad that you are enjoying flipkart and we look forward to serving you again.",8.29,Flipkart
Totan Roy Topan roy,Good,5,0,Unkown,11-08-2025,"Hi flipkart user, thank you so much for your feedback. we are glad that you are enjoying flipkart and we look forward to serving you again.",Unknown,Flipkart
deepak dabi,Good,5,0,8.29,11-08-2025,"Hi flipkart user, thank you so much for your feedback. we are glad that you are enjoying flipkart and we look forward to serving you again.",8.29,Flipkart
Ramya Ramya,Good,4,0,8.29,11-08-2025,"Hi flipkart user, thank you so much for your feedback. we are glad that you are enjoying flipkart and we look forward to serving you again.",8.29,Flipkart
Manika Basumatary,Nice apps i love this apps,5,0,8.3,11-08-2025,"Hi flipkart user, thank you so much for your feedback. we are glad that you are enjoying flipkart and we look forward to serving you again.",8.3,Flipkart
Selvi K,Good,5,0,8.29,11-08-2025,"Hi flipkart user, thank you so much for your feedback. we are glad that you are enjoying flipkart and we look forward to serving you again.",8.29,Flipkart
Arihant Hanje,Very good,5,0,8.27,11-08-2025,"Hi flipkart user, thank you so much for your feedback. we are glad that you are enjoying flipkart and we look forward to serving you again.",8.27,Flipkart
Anirudh Yadav,Nice,5,0,Unkown,11-08-2025,"Hi flipkart user, thank you so much for your feedback. we are glad that you are enjoying flipkart and we look forward to serving you again.",Unknown,Flipkart
Maulik Dani,Nice,3,0,8.29,11-08-2025,"Thanks for the love, maulik! if you’re happy with everything, a 5-star rating would mean the world to us!",8.29,Flipkart
Chitra Murugan,Nice,5,0,8.29,11-08-2025,"Hi flipkart user, thank you so much for your feedback. we are glad that you are enjoying flipkart and we look forward to serving you again.",8.29,Flipkart
Ram Parkash,Nice,5,0,8.13,11-08-2025,"Hi flipkart user, thank you so much for your feedback. we are glad that you are enjoying flipkart and we look forward to serving you again.",8.13,Flipkart
Mallu Miragi,Spr lovely,4,0,8.3,11-08-2025,"Hi flipkart user, thank you so much for your feedback. we are glad that you are enjoying flipkart and we look forward to serving you again.",8.3,Flipkart
Vaibhav Budheant,Very good,5,0,8.29,11-08-2025,"Hi flipkart user, thank you so much for your feedback. we are glad that you are enjoying flipkart and we look forward to serving you again.",8.29,Flipkart
Mukul Yadav,Nice,5,0,Unkown,11-08-2025,"Hi flipkart user, thank you so much for your feedback. we are glad that you are enjoying flipkart and we look forward to serving you again.",Unknown,Flipkart
Pranjit Bhengra,Awsome,5,0,8.28,11-08-2025,"Hi flipkart user, thank you so much for your feedback. we are glad that you are enjoying flipkart and we look forward to serving you again.",8.28,Flipkart
Siddiqui Siddiqui,Amazing,2,0,8.29,11-08-2025,"Hi flipkart user, thank you for your kind words! would you also like to give us more stars? 5 stars - very good, 4 stars- good, 3 stars - okay, 2 stars - bad, 1 star- very bad",8.29,Flipkart
Asuna Asuna,Good,5,0,8.29,11-08-2025,"Hi flipkart user, thank you so much for your feedback. we are glad that you are enjoying flipkart and we look forward to serving you again.",8.29,Flipkart
Rinku Yadav,Good,5,0,8.21,11-08-2025,"Hi flipkart user, thank you so much for your feedback. we are glad that you are enjoying flipkart and we look forward to serving you again.",8.21,Flipkart
Gopal Chetry,Nice app,3,0,8.29,11-08-2025,"Thanks so much for the awesome feedback, gopal! if you think we deserve a higher rating, we'd love for you to update it to a 4 or 5 star when you get a chance!",8.29,Flipkart
Kavita Yadav,Nice experience,3,0,8.29,11-08-2025,No Reply,8.29,Flipkart
Abdul Jashim,Good,5,0,Unkown,11-08-2025,"Hi flipkart user, thank you so much for your feedback. we are glad that you are enjoying flipkart and we look forward to serving you again.",Unknown,Flipkart
Chiranjevi Tumpala chiranjevi,Has a good app,5,0,8.29,11-08-2025,"Hi flipkart user, thank you so much for your feedback. we are glad that you are enjoying flipkart and we look forward to serving you again.",8.29,Flipkart
aniket panda,"Worst service, they automatically cancelling the return and no after sale support. do do order from flipkart, waste of time",1,0,8.29,11-08-2025,No Reply,8.29,Flipkart
Shailesh Singh,Nice,3,0,8.29,11-08-2025,"Thanks for the love, shailesh! if you’re happy with everything, a 5-star rating would mean the world to us!",8.29,Flipkart
banu mohan,Very help ful and shoping app,4,0,8.27,11-08-2025,"Hi flipkart user, thank you so much for your feedback. we are glad that you are enjoying flipkart and we look forward to serving you again.",8.27,Flipkart
Sunita Goutam,Achha,5,0,8.16,11-08-2025,"Hi flipkart user, thank you so much for your feedback. we are glad that you are enjoying flipkart and we look forward to serving you again.",8.16,Flipkart
Jaminul Hoque,It's good,4,0,8.3,11-08-2025,"Hi flipkart user, thank you so much for your feedback. we are glad that you are enjoying flipkart and we look forward to serving you again.",8.3,Flipkart
Rokaiyya Begum,Love to purchase through flipkart.,4,0,8.22,11-08-2025,"Hi flipkart user, thank you so much for your feedback. we are glad that you are enjoying flipkart and we look forward to serving you again.",8.22,Flipkart
shivali Pathania,Good,5,0,8.15,11-08-2025,"Hi flipkart user, thank you so much for your feedback. we are glad that you are enjoying flipkart and we look forward to serving you again.",8.15,Flipkart
Ananga Rana,I am very happy,5,0,8.26,11-08-2025,"Hi flipkart user, thank you so much for your feedback. we are glad that you are enjoying flipkart and we look forward to serving you again.",8.26,Flipkart
Sagar Debbarma,Good,5,0,8.27,11-08-2025,"Hi flipkart user, thank you so much for your feedback. we are glad that you are enjoying flipkart and we look forward to serving you again.",8.27,Flipkart
Vivek Yadav,Wonderful app for shopping at low price,5,0,8.29,11-08-2025,"Hi flipkart user, thank you so much for your feedback. we are glad that you are enjoying flipkart and we look forward to serving you again.",8.29,Flipkart
Radhakumari,Good,5,0,8.12,11-08-2025,"Hi flipkart user, thank you so much for your feedback. we are glad that you are enjoying flipkart and we look forward to serving you again.",8.12,Flipkart
vIshAwjiT pAtiL,Good app,5,0,8.29,11-08-2025,"Hi flipkart user, thank you so much for your feedback. we are glad that you are enjoying flipkart and we look forward to serving you again.",8.29,Flipkart
Rofikul Alam,Khub kharap,2,0,8.29,11-08-2025,No Reply,8.29,Flipkart
Boby Gope,Nice,2,0,8.29,11-08-2025,"Hi flipkart user, thank you for your kind words! would you also like to give us more stars? 5 stars - very good, 4 stars- good, 3 stars - okay, 2 stars - bad, 1 star- very bad",8.29,Flipkart
Mahfur Rahman,Fast delivery and good communication,5,0,8.29,11-08-2025,"Hi flipkart user, thank you so much for your feedback. we are glad that you are enjoying flipkart and we look forward to serving you again.",8.29,Flipkart
SATAYAM YADAV,Good,5,0,8.29,11-08-2025,"Hi flipkart user, thank you so much for your feedback. we are glad that you are enjoying flipkart and we look forward to serving you again.",8.29,Flipkart
Triloki Singh,Good,4,0,8.29,11-08-2025,"Hi flipkart user, thank you so much for your feedback. we are glad that you are enjoying flipkart and we look forward to serving you again.",8.29,Flipkart
AGARAN AGARAN,Good,4,0,8.29,11-08-2025,"Hi flipkart user, thank you so much for your feedback. we are glad that you are enjoying flipkart and we look forward to serving you again.",8.29,Flipkart
Santlal Chaudheary,Thankesh,5,0,8.29,11-08-2025,"Hi flipkart user, thank you so much for your feedback. we are glad that you are enjoying flipkart and we look forward to serving you again.",8.29,Flipkart
SURENDRA CHHATAR,Very good,5,0,8.29,11-08-2025,"Hi flipkart user, thank you so much for your feedback. we are glad that you are enjoying flipkart and we look forward to serving you again.",8.29,Flipkart
Swapna Narlagiri,We can buy any product we want,5,0,8.12,11-08-2025,"Hi flipkart user, thank you so much for your feedback. we are glad that you are enjoying flipkart and we look forward to serving you again.",8.12,Flipkart
kadaru ramesh,Good,5,0,8.18,11-08-2025,"Hi flipkart user, thank you so much for your feedback. we are glad that you are enjoying flipkart and we look forward to serving you again.",8.18,Flipkart
Shuvojit Roy,Beutiful app,5,0,Unkown,11-08-2025,"Hi flipkart user, thank you so much for your feedback. we are glad that you are enjoying flipkart and we look forward to serving you again.",Unknown,Flipkart
Angad Pandit,Very poor delivery and low delivery,1,0,8.29,11-08-2025,"Hi flipkart user, we are sorry about your bad experience with us. please get in touch with us at www.flipkart.com/helpcentre to assist you. thanks for your patience!",8.29,Flipkart
Mohammad Marediya,Good service,5,0,8.23,11-08-2025,"Hi flipkart user, thank you so much for your feedback. we are glad that you are enjoying flipkart and we look forward to serving you again.",8.23,Flipkart
Arun Sah,Okay,5,0,8.1,11-08-2025,"Hi flipkart user, thank you so much for your feedback. we are glad that you are enjoying flipkart and we look forward to serving you again.",8.1,Flipkart
chinnari Sushmanth,Super in,5,0,8.28,11-08-2025,"Hi flipkart user, thank you so much for your feedback. we are glad that you are enjoying flipkart and we look forward to serving you again.",8.28,Flipkart
Junaid Hussain Chechi,Nice,1,0,8.29,11-08-2025,"Hi flipkart user, thank you for your kind words! would you also like to give us more stars? 5 stars - very good, 4 stars- good, 3 stars - okay, 2 stars - bad, 1 star- very bad",8.29,Flipkart
அழகர்சாமி ஆரூரன் அடிமை . சிவ சிவ,Very good y,5,0,8.29,11-08-2025,"Hi flipkart user, thank you so much for your feedback. we are glad that you are enjoying flipkart and we look forward to serving you again.",8.29,Flipkart
Digal Pradhan,Good,5,0,Unkown,11-08-2025,"Hi flipkart user, thank you so much for your feedback. we are glad that you are enjoying flipkart and we look forward to serving you again.",Unknown,Flipkart
sadashiv Mali,Super,5,0,8.29,11-08-2025,"Hi flipkart user, thank you so much for your feedback. we are glad that you are enjoying flipkart and we look forward to serving you again.",8.29,Flipkart
Mohammad Shadab Ali,Good,5,0,8.29,11-08-2025,"Hi flipkart user, thank you so much for your feedback. we are glad that you are enjoying flipkart and we look forward to serving you again.",8.29,Flipkart
Gudiya Khan,Best side,5,0,8.3,11-08-2025,"Hi flipkart user, thank you so much for your feedback. we are glad that you are enjoying flipkart and we look forward to serving you again.",8.3,Flipkart
Rahman Khan,Ek no hai bhai log,5,0,8.29,11-08-2025,"Hi flipkart user, thank you so much for your feedback. we are glad that you are enjoying flipkart and we look forward to serving you again.",8.29,Flipkart
Babul Kumar,Very nice,5,0,8.29,11-08-2025,"Hi flipkart user, thank you so much for your feedback. we are glad that you are enjoying flipkart and we look forward to serving you again.",8.29,Flipkart
A Google user,"Flipkart’s service quality has dropped compared to earlier i am writing to express my disappointment regarding my last 2 orders the product have not been delivered till now, even though the expected delivery date has already passed. this delay has caused me inconvenience, and i am very dissatisfied with the lack of timely updates.",1,1,8.29,11-08-2025,"Hi flipkart user, we are sorry about your bad experience with us. please get in touch with us at www.flipkart.com/helpcentre to assist you. thanks for your patience!",8.29,Flipkart
364 Raj Paikra,Acha hai,3,0,8.27,11-08-2025,"Thanks so much for the awesome feedback, raj! if you think we deserve a higher rating, we'd love for you to update it to a 4 or 5 star when you get a chance!",8.27,Flipkart
Mahesh Kumar,Good,5,0,8.29,11-08-2025,"Hi flipkart user, thank you so much for your feedback. we are glad that you are enjoying flipkart and we look forward to serving you again.",8.29,Flipkart
farhan anjum,Good,4,0,8.29,11-08-2025,"Hi flipkart user, thank you so much for your feedback. we are glad that you are enjoying flipkart and we look forward to serving you again.",8.29,Flipkart
Bipinchandra Khuman,Thank you,5,0,8.29,11-08-2025,"Hi flipkart user, thank you so much for your feedback. we are glad that you are enjoying flipkart and we look forward to serving you again.",8.29,Flipkart
Kosal Rao,Good,5,0,8.29,11-08-2025,"Hi flipkart user, thank you so much for your feedback. we are glad that you are enjoying flipkart and we look forward to serving you again.",8.29,Flipkart
Tarakanta Sethi,It's awesome shoping apps thank you,5,0,8.29,11-08-2025,"Hi flipkart user, thank you so much for your feedback. we are glad that you are enjoying flipkart and we look forward to serving you again.",8.29,Flipkart
D Thurisang,Good,3,0,8.29,11-08-2025,"Thanks for the love, thurisang! if you’re happy with everything, a 5-star rating would mean the world to us!",8.29,Flipkart
nanda kishor nayak,Very good,5,0,8.29,11-08-2025,"Hi flipkart user, thank you so much for your feedback. we are glad that you are enjoying flipkart and we look forward to serving you again.",8.29,Flipkart
Krisna Moni,Most app,5,0,8.29,11-08-2025,"Hi flipkart user, thank you so much for your feedback. we are glad that you are enjoying flipkart and we look forward to serving you again.",8.29,Flipkart
Dilshad Ahmad,nan,5,0,8.26,11-08-2025,"Hi flipkart user, thank you so much for your feedback. we are glad that you are enjoying flipkart and we look forward to serving you again.",8.26,Flipkart
Nirajraj Saha,Nice product,4,0,8.29,11-08-2025,"Hi flipkart user, thank you so much for your feedback. we are glad that you are enjoying flipkart and we look forward to serving you again.",8.29,Flipkart
Zafarhomi Homi,Good best,5,0,8.29,11-08-2025,"Hi flipkart user, thank you so much for your feedback. we are glad that you are enjoying flipkart and we look forward to serving you again.",8.29,Flipkart
Baba Malik,Bhut accha h,5,0,8.29,11-08-2025,"Hi flipkart user, thank you so much for your feedback. we are glad that you are enjoying flipkart and we look forward to serving you again.",8.29,Flipkart
Theiva Nayagam,Worst customer service day by day their activities are not acceptable. delivery worst product without my concern order cancelled no proper response from customer care poor quality. don't use this app don't lose your mental health.,1,1,8.29,11-08-2025,No Reply,8.29,Flipkart
Jadeja Mahendrasinh,Good,4,0,8.29,11-08-2025,"Hi flipkart user, thank you so much for your feedback. we are glad that you are enjoying flipkart and we look forward to serving you again.",8.29,Flipkart
Mohammed Mayeez,Good,5,0,8.29,11-08-2025,"Hi flipkart user, thank you so much for your feedback. we are glad that you are enjoying flipkart and we look forward to serving you again.",8.29,Flipkart
A p altaf,Good,5,0,7.19,11-08-2025,"Hi flipkart user, thank you so much for your feedback. we are glad that you are enjoying flipkart and we look forward to serving you again.",7.19,Flipkart
Jharna Mondol,Good product,5,0,8.27,11-08-2025,"Hi flipkart user, thank you so much for your feedback. we are glad that you are enjoying flipkart and we look forward to serving you again.",8.27,Flipkart
jatin kumar,Excellent,5,0,8.29,11-08-2025,"Hi flipkart user, thank you so much for your feedback. we are glad that you are enjoying flipkart and we look forward to serving you again.",8.29,Flipkart
Gopi Gopi,Good,5,0,8.21,11-08-2025,"Hi flipkart user, thank you so much for your feedback. we are glad that you are enjoying flipkart and we look forward to serving you again.",8.21,Flipkart
SyedaAmna Chishty,Ha darling,5,0,8.29,11-08-2025,"Hi flipkart user, thank you so much for your feedback. we are glad that you are enjoying flipkart and we look forward to serving you again.",8.29,Flipkart
Asha Vipin,,3,0,8.29,11-08-2025,No Reply,8.29,Flipkart
Gonesh Ghorai,Fine,5,0,8.3,11-08-2025,"Hi flipkart user, thank you so much for your feedback. we are glad that you are enjoying flipkart and we look forward to serving you again.",8.3,Flipkart
Archana Singh,Good deal,5,0,8.29,11-08-2025,"Hi flipkart user, thank you so much for your feedback. we are glad that you are enjoying flipkart and we look forward to serving you again.",8.29,Flipkart
salman pahelwan,Excellent,5,0,8.3,11-08-2025,"Hi flipkart user, thank you so much for your feedback. we are glad that you are enjoying flipkart and we look forward to serving you again.",8.3,Flipkart
Mankali Amala,Super,5,0,8.3,11-08-2025,"Hi flipkart user, thank you so much for your feedback. we are glad that you are enjoying flipkart and we look forward to serving you again.",8.3,Flipkart
Kaushalya Rathod,Good best kyolity milti h,5,0,Unkown,11-08-2025,"Hi flipkart user, thank you so much for your feedback. we are glad that you are enjoying flipkart and we look forward to serving you again.",Unknown,Flipkart
Jinendra Patil,Very nice,5,0,8.29,11-08-2025,"Hi flipkart user, thank you so much for your feedback. we are glad that you are enjoying flipkart and we look forward to serving you again.",8.29,Flipkart
Tinku Barman,Ok,1,0,8.29,11-08-2025,"Hi flipkart user, thank you for your kind words! would you also like to give us more stars? 5 stars - very good, 4 stars- good, 3 stars - okay, 2 stars - bad, 1 star- very bad",8.29,Flipkart
Manojjj Sarkar,Like,5,0,8.29,11-08-2025,"Hi flipkart user, thank you so much for your feedback. we are glad that you are enjoying flipkart and we look forward to serving you again.",8.29,Flipkart
Preetam Pradhan,Flipkart you only for garbage,1,0,8.3,11-08-2025,No Reply,8.3,Flipkart
Anshika Sharma,Good experience,4,0,8.29,11-08-2025,"Hi flipkart user, thank you so much for your feedback. we are glad that you are enjoying flipkart and we look forward to serving you again.",8.29,Flipkart
Mohammad Uwais,Okay,4,0,Unkown,11-08-2025,"Hi flipkart user, thank you so much for your feedback. we are glad that you are enjoying flipkart and we look forward to serving you again.",Unknown,Flipkart
Anisha Shahi,Good,5,0,8.29,11-08-2025,"Hi flipkart user, thank you so much for your feedback. we are glad that you are enjoying flipkart and we look forward to serving you again.",8.29,Flipkart
Akash Sharma,"Too much frustrating i order item its over 21 days dont got my order and the tracking details is hanged up from last 17 days also the costumer care not able to resolve the issue they dont have information of nothing worst app, service ever",1,0,Unkown,11-08-2025,No Reply,Unknown,Flipkart
Amit Tiwari,Good,4,0,8.29,11-08-2025,"Hi flipkart user, thank you so much for your feedback. we are glad that you are enjoying flipkart and we look forward to serving you again.",8.29,Flipkart
Komal Tomar,Amazing,5,0,8.29,11-08-2025,"Hi flipkart user, thank you so much for your feedback. we are glad that you are enjoying flipkart and we look forward to serving you again.",8.29,Flipkart
Shaikh Muzammil,Best app,5,0,8.29,11-08-2025,"Hi flipkart user, thank you so much for your feedback. we are glad that you are enjoying flipkart and we look forward to serving you again.",8.29,Flipkart
Madhu M,"It's very irresponsible i ordered rakhi to my brothers before 10 days but they don't delivered and that notification is like delivered the day before but i didnt receive the product till now, while we raise the issue they told us to deliver on rakhi day but they didn't how irresponsible is that we are far away so thats why we have order in this platform but no use that's so irresponsible",1,0,8.3,11-08-2025,"Hi flipkart user, we are sorry about your bad experience with us. please get in touch with us at www.flipkart.com/helpcentre to assist you. thanks for your patience!",8.3,Flipkart
AYan 01,nan,5,0,8.3,11-08-2025,"Hi flipkart user, thank you so much for your feedback. we are glad that you are enjoying flipkart and we look forward to serving you again.",8.3,Flipkart
Prince Verma,Good,5,0,8.3,11-08-2025,"Hi flipkart user, thank you so much for your feedback. we are glad that you are enjoying flipkart and we look forward to serving you again.",8.3,Flipkart
Musiar Sk,nan,5,0,8.29,11-08-2025,"Hi flipkart user, thank you so much for your feedback. we are glad that you are enjoying flipkart and we look forward to serving you again.",8.29,Flipkart
AS OFFICIAL GAMING,Is this good to me,5,0,8.28,11-08-2025,"Hi flipkart user, thank you so much for your feedback. we are glad that you are enjoying flipkart and we look forward to serving you again.",8.28,Flipkart
Dipti Roy,It's to good,5,0,Unkown,11-08-2025,"Hi flipkart user, thank you so much for your feedback. we are glad that you are enjoying flipkart and we look forward to serving you again.",Unknown,Flipkart
Saloni Kanoje,Awesome,5,0,8.28,11-08-2025,"Hi flipkart user, thank you so much for your feedback. we are glad that you are enjoying flipkart and we look forward to serving you again.",8.28,Flipkart
Ishteeyaque Ad,Ok,5,0,8.29,11-08-2025,"Hi flipkart user, thank you so much for your feedback. we are glad that you are enjoying flipkart and we look forward to serving you again.",8.29,Flipkart
Tanu Bhowmick,অ সাধারোন,5,0,8.29,11-08-2025,"Hi flipkart user, thank you so much for your feedback. we are glad that you are enjoying flipkart and we look forward to serving you again.",8.29,Flipkart
Syed Iram,Good,5,0,8.29,11-08-2025,"Hi flipkart user, thank you so much for your feedback. we are glad that you are enjoying flipkart and we look forward to serving you again.",8.29,Flipkart
Anshu 74,Nice,3,0,Unkown,11-08-2025,"Thanks so much for the awesome feedback, anshu! if you think we deserve a higher rating, we'd love for you to update it to a 4 or 5 star when you get a chance!",Unknown,Flipkart
Arun Kumar,Good,4,0,8.29,11-08-2025,"Hi flipkart user, thank you so much for your feedback. we are glad that you are enjoying flipkart and we look forward to serving you again.",8.29,Flipkart
Sahil Khan,nan,4,0,8.17,11-08-2025,"Hi flipkart user, thank you so much for your feedback. we are glad that you are enjoying flipkart and we look forward to serving you again.",8.17,Flipkart
Bhai Gamers,nan,2,0,8.29,11-08-2025,No Reply,8.29,Flipkart
Anamika Singh,Very good,5,0,8.29,11-08-2025,"Hi flipkart user, thank you so much for your feedback. we are glad that you are enjoying flipkart and we look forward to serving you again.",8.29,Flipkart
Abhishek Thakur,Good,5,0,8.29,11-08-2025,"Hi flipkart user, thank you so much for your feedback. we are glad that you are enjoying flipkart and we look forward to serving you again.",8.29,Flipkart
Vaibhav Shinde,Excellent work,5,0,8.29,11-08-2025,"Hi flipkart user, thank you so much for your feedback. we are glad that you are enjoying flipkart and we look forward to serving you again.",8.29,Flipkart
Surender Singh,Not deals all mobile phones,3,0,8.29,11-08-2025,No Reply,8.29,Flipkart
Ranjeet Yadav,Good,4,0,8.29,11-08-2025,"Hi flipkart user, thank you so much for your feedback. we are glad that you are enjoying flipkart and we look forward to serving you again.",8.29,Flipkart
Farzan Sayyad,Nice try,5,0,8.29,11-08-2025,"Hi flipkart user, thank you so much for your feedback. we are glad that you are enjoying flipkart and we look forward to serving you again.",8.29,Flipkart
Saurabh Kumar,So good,5,0,8.29,11-08-2025,"Hi flipkart user, thank you so much for your feedback. we are glad that you are enjoying flipkart and we look forward to serving you again.",8.29,Flipkart
Rekha Parika,They are so nice in there order,5,0,8.29,11-08-2025,"Hi flipkart user, thank you so much for your feedback. we are glad that you are enjoying flipkart and we look forward to serving you again.",8.29,Flipkart
Prasad Gottapu,Nice,4,0,Unkown,11-08-2025,"Hi flipkart user, thank you so much for your feedback. we are glad that you are enjoying flipkart and we look forward to serving you again.",Unknown,Flipkart
Sagar Bhosale,Good srivce,5,0,8.29,11-08-2025,"Hi flipkart user, thank you so much for your feedback. we are glad that you are enjoying flipkart and we look forward to serving you again.",8.29,Flipkart
Mazhar shaikh,Flip kart is good service deal,5,0,8.3,11-08-2025,"Hi flipkart user, thank you so much for your feedback. we are glad that you are enjoying flipkart and we look forward to serving you again.",8.3,Flipkart
Raju Ansari 143,Super,5,0,Unkown,11-08-2025,"Hi flipkart user, thank you so much for your feedback. we are glad that you are enjoying flipkart and we look forward to serving you again.",Unknown,Flipkart
S. Aananth,Super,5,0,8.29,11-08-2025,"Hi flipkart user, thank you so much for your feedback. we are glad that you are enjoying flipkart and we look forward to serving you again.",8.29,Flipkart
Vikky reddy Singireddy,"Extremely disappointed from the flipkart service center. when i am ordering from flipkart minutes, they are cancelling my order immediately. i contacted to customer care and they are replying to me that it is the seller issue, we can't do anything. if it is a seller issue why they are not taking upon them.",1,0,8.29,11-08-2025,No Reply,8.29,Flipkart
Anagha Devi,Nice app...real good products,5,0,8.29,11-08-2025,"Hi flipkart user, thank you so much for your feedback. we are glad that you are enjoying flipkart and we look forward to serving you again.",8.29,Flipkart
kaushal naik,Great experince good,5,0,8.29,11-08-2025,"Hi flipkart user, thank you so much for your feedback. we are glad that you are enjoying flipkart and we look forward to serving you again.",8.29,Flipkart
Pradeep Jena,Nice,5,0,8.3,11-08-2025,"Hi flipkart user, thank you so much for your feedback. we are glad that you are enjoying flipkart and we look forward to serving you again.",8.3,Flipkart
Altaf Aryan,Very good,5,0,8.29,11-08-2025,"Hi flipkart user, thank you so much for your feedback. we are glad that you are enjoying flipkart and we look forward to serving you again.",8.29,Flipkart
Biswaprotim Boruah,Nice,5,0,Unkown,11-08-2025,"Hi flipkart user, thank you so much for your feedback. we are glad that you are enjoying flipkart and we look forward to serving you again.",Unknown,Flipkart
Legend Gamer,"Just ruined my rakhsha bhandan, they just cancelled my order without any clear explanation and didn't even notified me earlier. and guess what their customer service said "" buy it from local shop""",1,0,8.29,11-08-2025,No Reply,8.29,Flipkart
REHAMAN,Good,5,0,8.29,11-08-2025,"Hi flipkart user, thank you so much for your feedback. we are glad that you are enjoying flipkart and we look forward to serving you again.",8.29,Flipkart
Vishnu tomar,Good,5,0,8.3,11-08-2025,"Hi flipkart user, thank you so much for your feedback. we are glad that you are enjoying flipkart and we look forward to serving you again.",8.3,Flipkart
Akhilesh Sharma,Super sarvice time pe delevery mast customer service,5,0,8.28,11-08-2025,"Hi flipkart user, thank you so much for your feedback. we are glad that you are enjoying flipkart and we look forward to serving you again.",8.28,Flipkart
Golu Sarma,Tq sir,5,0,8.27,11-08-2025,"Hi flipkart user, thank you so much for your feedback. we are glad that you are enjoying flipkart and we look forward to serving you again.",8.27,Flipkart
Bishal Halder,Good service,5,0,Unkown,11-08-2025,"Hi flipkart user, thank you so much for your feedback. we are glad that you are enjoying flipkart and we look forward to serving you again.",Unknown,Flipkart
Jitesh kumar,Good,5,0,8.29,11-08-2025,"Hi flipkart user, thank you so much for your feedback. we are glad that you are enjoying flipkart and we look forward to serving you again.",8.29,Flipkart
Akshay jith K S,Wats the need of minutes if it's delivered after a week... installed and uninstalled,1,0,8.29,11-08-2025,"Hi flipkart user, we are sorry about your bad experience with us. please get in touch with us at www.flipkart.com/helpcentre to assist you. thanks for your patience!",8.29,Flipkart
Anu Prasad,Flipkart acha product deta hai bt kbhi kbhi damage product v ahta hai ..,1,0,8.29,11-08-2025,"Hi flipkart user, we are sorry about your bad experience with us. please get in touch with us at www.flipkart.com/helpcentre to assist you. thanks for your patience!",8.29,Flipkart
Ram Nam,Thank you,5,0,8.3,11-08-2025,"Hi flipkart user, thank you so much for your feedback. we are glad that you are enjoying flipkart and we look forward to serving you again.",8.3,Flipkart
Tariq Shamim,Good,5,0,8.29,11-08-2025,"Hi flipkart user, thank you so much for your feedback. we are glad that you are enjoying flipkart and we look forward to serving you again.",8.29,Flipkart
Armaan Music001,Nice products,5,0,8.29,11-08-2025,"Hi flipkart user, thank you so much for your feedback. we are glad that you are enjoying flipkart and we look forward to serving you again.",8.29,Flipkart
Saheer Sabu,Nice,5,0,8.2,11-08-2025,"Hi flipkart user, thank you so much for your feedback. we are glad that you are enjoying flipkart and we look forward to serving you again.",8.2,Flipkart
Tauheed Khan,Nice,5,0,8.3,11-08-2025,"Hi flipkart user, thank you so much for your feedback. we are glad that you are enjoying flipkart and we look forward to serving you again.",8.3,Flipkart
Amin Shah,Superb,5,0,8.26,11-08-2025,"Hi flipkart user, thank you so much for your feedback. we are glad that you are enjoying flipkart and we look forward to serving you again.",8.26,Flipkart
Sanju Arora,Good,5,0,8.29,11-08-2025,"Hi flipkart user, thank you so much for your feedback. we are glad that you are enjoying flipkart and we look forward to serving you again.",8.29,Flipkart
Rubi Khatoon,Osome,5,0,8.3,11-08-2025,"Hi flipkart user, thank you so much for your feedback. we are glad that you are enjoying flipkart and we look forward to serving you again.",8.3,Flipkart
Parkash Kumar,Very nice,5,0,8.29,11-08-2025,"Hi flipkart user, thank you so much for your feedback. we are glad that you are enjoying flipkart and we look forward to serving you again.",8.29,Flipkart
Laxminarayan Pradhan,Good,5,0,8.29,11-08-2025,"Hi flipkart user, thank you so much for your feedback. we are glad that you are enjoying flipkart and we look forward to serving you again.",8.29,Flipkart
Akash FF,Customer service is very bad,1,0,8.28,11-08-2025,No Reply,8.28,Flipkart
Nsuvi 16,Good service,5,0,8.29,11-08-2025,"Hi flipkart user, thank you so much for your feedback. we are glad that you are enjoying flipkart and we look forward to serving you again.",8.29,Flipkart
Karisma Majhi,Every day shopping for i know like,5,0,Unkown,11-08-2025,"Hi flipkart user, thank you so much for your feedback. we are glad that you are enjoying flipkart and we look forward to serving you again.",Unknown,Flipkart
Pintu Bangari,Better next time,2,0,8.29,11-08-2025,"Hi flipkart user, thank you for your kind words! would you also like to give us more stars? 5 stars - very good, 4 stars- good, 3 stars - okay, 2 stars - bad, 1 star- very bad",8.29,Flipkart
Shahrukh Ahmed sardar,Superb,4,0,8.3,11-08-2025,"Hi flipkart user, thank you so much for your feedback. we are glad that you are enjoying flipkart and we look forward to serving you again.",8.3,Flipkart
Magdali Pardhiya,Good,4,0,8.29,11-08-2025,"Hi flipkart user, thank you so much for your feedback. we are glad that you are enjoying flipkart and we look forward to serving you again.",8.29,Flipkart
Deepak Rao,Upon editing and saving the mobile number and email address throws invalid email or mobile number error. also unable to download the product invoice on android devices. please fix these issuea as soon as possible,3,0,Unkown,11-08-2025,No Reply,Unknown,Flipkart
Munnalal Chouhan,Thik,5,0,8.29,11-08-2025,"Hi flipkart user, thank you so much for your feedback. we are glad that you are enjoying flipkart and we look forward to serving you again.",8.29,Flipkart
Ansh Kumar,Better,5,0,8.29,11-08-2025,"Hi flipkart user, thank you so much for your feedback. we are glad that you are enjoying flipkart and we look forward to serving you again.",8.29,Flipkart
A S Love,Thank you flipkart,5,0,8.29,11-08-2025,"Hi flipkart user, thank you so much for your feedback. we are glad that you are enjoying flipkart and we look forward to serving you again.",8.29,Flipkart
Imran Khan,Very good,5,0,8.29,11-08-2025,"Hi flipkart user, thank you so much for your feedback. we are glad that you are enjoying flipkart and we look forward to serving you again.",8.29,Flipkart
Vishwajeet Patel,It's giving a very low price product but the product is batter,4,0,8.29,11-08-2025,"Hi flipkart user, thank you so much for your feedback. we are glad that you are enjoying flipkart and we look forward to serving you again.",8.29,Flipkart
Hodla Daimary,Good product,5,0,8.29,11-08-2025,"Hi flipkart user, thank you so much for your feedback. we are glad that you are enjoying flipkart and we look forward to serving you again.",8.29,Flipkart
shankarshig shankar,Okey,5,0,8.29,11-08-2025,"Hi flipkart user, thank you so much for your feedback. we are glad that you are enjoying flipkart and we look forward to serving you again.",8.29,Flipkart
ツS U D I P T O,Good app,5,0,Unkown,11-08-2025,"Hi flipkart user, thank you so much for your feedback. we are glad that you are enjoying flipkart and we look forward to serving you again.",Unknown,Flipkart
Sadhan Sarkar,Good service,5,0,8.29,11-08-2025,"Hi flipkart user, thank you so much for your feedback. we are glad that you are enjoying flipkart and we look forward to serving you again.",8.29,Flipkart
Rupal Patel,"Worst app, while i was ordering, return policy was there n as i got my order, i m trying to reach my orders, but there is error, it is not supporting to view our earlier order list, so i can't return my the product",1,0,Unkown,11-08-2025,No Reply,Unknown,Flipkart
Ranjan Roma,Super,5,0,8.25,11-08-2025,"Hi flipkart user, thank you so much for your feedback. we are glad that you are enjoying flipkart and we look forward to serving you again.",8.25,Flipkart
Emamul Sheikh,Good,5,0,8.29,11-08-2025,"Hi flipkart user, thank you so much for your feedback. we are glad that you are enjoying flipkart and we look forward to serving you again.",8.29,Flipkart
MISTI GAMING,Best app,1,0,8.29,11-08-2025,"Hi flipkart user, thank you for your kind words! would you also like to give us more stars? 5 stars - very good, 4 stars- good, 3 stars - okay, 2 stars - bad, 1 star- very bad",8.29,Flipkart
Nida Ansari,nice,5,0,8.29,11-08-2025,"Hi flipkart user, thank you so much for your feedback. we are glad that you are enjoying flipkart and we look forward to serving you again.",8.29,Flipkart
Badal Pradhan,Very nice,5,0,8.29,11-08-2025,"Hi flipkart user, thank you so much for your feedback. we are glad that you are enjoying flipkart and we look forward to serving you again.",8.29,Flipkart
Sangam Kumar,Nice,5,0,8.3,11-08-2025,"Hi flipkart user, thank you so much for your feedback. we are glad that you are enjoying flipkart and we look forward to serving you again.",8.3,Flipkart
Anurup P R,Good,1,0,8.29,11-08-2025,"Hi flipkart user, thank you for your kind words! would you also like to give us more stars? 5 stars - very good, 4 stars- good, 3 stars - okay, 2 stars - bad, 1 star- very bad",8.29,Flipkart
rasika Chorge,Good service,5,0,8.29,11-08-2025,"Hi flipkart user, thank you so much for your feedback. we are glad that you are enjoying flipkart and we look forward to serving you again.",8.29,Flipkart
Akshay Desai,Best,5,0,8.3,11-08-2025,"Hi flipkart user, thank you so much for your feedback. we are glad that you are enjoying flipkart and we look forward to serving you again.",8.3,Flipkart
rabari moti,Good,5,0,8.21,11-08-2025,"Hi flipkart user, thank you so much for your feedback. we are glad that you are enjoying flipkart and we look forward to serving you again.",8.21,Flipkart
Rajnish Kumar,Nice,5,0,8.28,11-08-2025,"Hi flipkart user, thank you so much for your feedback. we are glad that you are enjoying flipkart and we look forward to serving you again.",8.28,Flipkart
Karan Basfor,Very nice,5,0,8.29,11-08-2025,"Hi flipkart user, thank you so much for your feedback. we are glad that you are enjoying flipkart and we look forward to serving you again.",8.29,Flipkart
ARVIND KASHYAP,Vary nice app,5,0,8.18,11-08-2025,"Hi flipkart user, thank you so much for your feedback. we are glad that you are enjoying flipkart and we look forward to serving you again.",8.18,Flipkart
Mukesh Garg,Very poor delivery and service. every time they will reschedule your delivery without your consent and will deliver after 10-12 days. moreover they will display you lux brand underwear and will deliver you local product without refund scheme.,1,1,8.29,11-08-2025,No Reply,8.29,Flipkart
Dj Shankar,nan,4,0,8.29,11-08-2025,"Hi flipkart user, thank you so much for your feedback. we are glad that you are enjoying flipkart and we look forward to serving you again.",8.29,Flipkart
Sk famruz Hossain,Nice,5,0,8.29,11-08-2025,"Hi flipkart user, thank you so much for your feedback. we are glad that you are enjoying flipkart and we look forward to serving you again.",8.29,Flipkart
Inamul Islam,Flipkart deliber service is to good.,4,0,8.29,11-08-2025,"Hi flipkart user, thank you so much for your feedback. we are glad that you are enjoying flipkart and we look forward to serving you again.",8.29,Flipkart
Afsar Afsar pasha,Help full,4,0,8.29,11-08-2025,"Hi flipkart user, thank you so much for your feedback. we are glad that you are enjoying flipkart and we look forward to serving you again.",8.29,Flipkart
Asma S,Super,4,0,8.27,11-08-2025,"Hi flipkart user, thank you so much for your feedback. we are glad that you are enjoying flipkart and we look forward to serving you again.",8.27,Flipkart
Md Zishan,Fantastic quick order,5,0,8.3,10-08-2025,"Hi flipkart user, thank you so much for your feedback. we are glad that you are enjoying flipkart and we look forward to serving you again.",8.3,Flipkart
Dasari Surya,Good,5,0,8.29,10-08-2025,"Hi flipkart user, thank you so much for your feedback. we are glad that you are enjoying flipkart and we look forward to serving you again.",8.29,Flipkart
Mirza Hayat,Very good,5,0,8.29,10-08-2025,"Hi flipkart user, thank you so much for your feedback. we are glad that you are enjoying flipkart and we look forward to serving you again.",8.29,Flipkart
Alton Debbarma,Very useful,5,0,8.29,10-08-2025,"Hi flipkart user, thank you so much for your feedback. we are glad that you are enjoying flipkart and we look forward to serving you again.",8.29,Flipkart
Md A Raza,Very good,4,0,8.29,10-08-2025,"Hi flipkart user, thank you so much for your feedback. we are glad that you are enjoying flipkart and we look forward to serving you again.",8.29,Flipkart
asmak #,"Previously i used to bug everything only from flipkart but since they started charging platform fee ,now i switched to amazon and jiomart",5,0,8.3,10-08-2025,"Hi flipkart user, thank you so much for your feedback. we are glad that you are enjoying flipkart and we look forward to serving you again.",8.3,Flipkart
Keerthana Gokul,Woooo,5,0,8.29,10-08-2025,"Hi flipkart user, thank you so much for your feedback. we are glad that you are enjoying flipkart and we look forward to serving you again.",8.29,Flipkart
sandip roy,Good,5,0,8.29,10-08-2025,"Hi flipkart user, thank you so much for your feedback. we are glad that you are enjoying flipkart and we look forward to serving you again.",8.29,Flipkart
Dhiraj Wakode,nan,5,0,8.26,10-08-2025,"Hi flipkart user, thank you so much for your feedback. we are glad that you are enjoying flipkart and we look forward to serving you again.",8.26,Flipkart
Madhavi Shirke,Nice,4,0,8.29,10-08-2025,"Hi flipkart user, thank you so much for your feedback. we are glad that you are enjoying flipkart and we look forward to serving you again.",8.29,Flipkart
Shashi Kumar,Good,5,0,8.3,10-08-2025,"Hi flipkart user, thank you so much for your feedback. we are glad that you are enjoying flipkart and we look forward to serving you again.",8.3,Flipkart
Nehal Kandoriya,Thank you,5,0,8.13,10-08-2025,"Hi flipkart user, thank you so much for your feedback. we are glad that you are enjoying flipkart and we look forward to serving you again.",8.13,Flipkart
Jainit Tirkey,Best products,5,0,8.29,10-08-2025,"Hi flipkart user, thank you so much for your feedback. we are glad that you are enjoying flipkart and we look forward to serving you again.",8.29,Flipkart
nirav soni,Nice,5,0,8.29,10-08-2025,"Hi flipkart user, thank you so much for your feedback. we are glad that you are enjoying flipkart and we look forward to serving you again.",8.29,Flipkart
Kala Jibon Chakma,Good,5,0,8.3,10-08-2025,"Hi flipkart user, thank you so much for your feedback. we are glad that you are enjoying flipkart and we look forward to serving you again.",8.3,Flipkart
YELLAMMA GARI RAMANJINEYUIU,Super,5,0,8.18,10-08-2025,"Hi flipkart user, thank you so much for your feedback. we are glad that you are enjoying flipkart and we look forward to serving you again.",8.18,Flipkart
JAINATH RAJAK,It's a good products,5,0,8.29,10-08-2025,"Hi flipkart user, thank you so much for your feedback. we are glad that you are enjoying flipkart and we look forward to serving you again.",8.29,Flipkart
Dipanshu Goyal,Ek no,5,0,8.29,10-08-2025,"Hi flipkart user, thank you so much for your feedback. we are glad that you are enjoying flipkart and we look forward to serving you again.",8.29,Flipkart
Sunita Saud,Good,3,0,8.29,10-08-2025,"Thanks so much for the awesome feedback, sunita! if you think we deserve a higher rating, we'd love for you to update it to a 4 or 5 star when you get a chance!",8.29,Flipkart
SURYAKANTA MALLICK,It is so helpful,5,0,8.26,10-08-2025,"Hi flipkart user, thank you so much for your feedback. we are glad that you are enjoying flipkart and we look forward to serving you again.",8.26,Flipkart
Nisha Varma,Amezing,5,0,8.27,10-08-2025,"Hi flipkart user, thank you so much for your feedback. we are glad that you are enjoying flipkart and we look forward to serving you again.",8.27,Flipkart
mingma sherpa,Ok,5,0,8.29,10-08-2025,"Hi flipkart user, thank you so much for your feedback. we are glad that you are enjoying flipkart and we look forward to serving you again.",8.29,Flipkart
Shila Sable,Nice,5,0,8.3,10-08-2025,"Hi flipkart user, thank you so much for your feedback. we are glad that you are enjoying flipkart and we look forward to serving you again.",8.3,Flipkart
Pranab Roy,Are nic,3,0,8.26,10-08-2025,No Reply,8.26,Flipkart
Sujata Polei,Nice,5,0,8.29,10-08-2025,"Hi flipkart user, thank you so much for your feedback. we are glad that you are enjoying flipkart and we look forward to serving you again.",8.29,Flipkart
Joydev Datta,Good,5,0,8.29,10-08-2025,"Hi flipkart user, thank you so much for your feedback. we are glad that you are enjoying flipkart and we look forward to serving you again.",8.29,Flipkart
Aryan Raj,Good,1,0,8.29,10-08-2025,"Hi flipkart user, thank you for your kind words! would you also like to give us more stars? 5 stars - very good, 4 stars- good, 3 stars - okay, 2 stars - bad, 1 star- very bad",8.29,Flipkart
Hassan Siddiqui,Nice work and best app,5,0,8.29,10-08-2025,"Hi flipkart user, thank you so much for your feedback. we are glad that you are enjoying flipkart and we look forward to serving you again.",8.29,Flipkart
Geet Dassi,Flipkart is a cheater company. recently i placed an order but that order turned out to be bad. due to this i returned it and flipkart returned the order and did not refund me. flipkart is a very cheater company. no one should order any product from it because it does not refund.,1,0,8.29,10-08-2025,No Reply,8.29,Flipkart
Nidhi Singh,"Very poor service in gopalganj bihar, u can't get your items even after a week.. delivery partner delay the delivery of items as much as possible... cherry on cake is that no any flipkart service provider takes stand on this kind of irresponsible behaviour.",1,1,8.3,10-08-2025,"Hi flipkart user, we are sorry about your bad experience with us. please get in touch with us at www.flipkart.com/helpcentre to assist you. thanks for your patience!",8.3,Flipkart
Suraj Salve,Nice,5,0,8.29,10-08-2025,"Hi flipkart user, thank you so much for your feedback. we are glad that you are enjoying flipkart and we look forward to serving you again.",8.29,Flipkart
Gulraj Saini,Good app,5,0,8.3,10-08-2025,"Hi flipkart user, thank you so much for your feedback. we are glad that you are enjoying flipkart and we look forward to serving you again.",8.3,Flipkart
Akash Jadam,Supeerrr,5,0,8.29,10-08-2025,"Hi flipkart user, thank you so much for your feedback. we are glad that you are enjoying flipkart and we look forward to serving you again.",8.29,Flipkart
Prajwal Devadiga,Best app on the playstore,5,0,8.3,10-08-2025,"Hi flipkart user, thank you so much for your feedback. we are glad that you are enjoying flipkart and we look forward to serving you again.",8.3,Flipkart
Manoj Sharma,Nice,5,0,8.29,10-08-2025,"Hi flipkart user, thank you so much for your feedback. we are glad that you are enjoying flipkart and we look forward to serving you again.",8.29,Flipkart
Sangal Das,Nice,5,0,8.29,10-08-2025,"Hi flipkart user, thank you so much for your feedback. we are glad that you are enjoying flipkart and we look forward to serving you again.",8.29,Flipkart
Amar Singh,Fraudkart (flipkart) cheats customers through openbox delivery by sending used/defective items and ignoring complaints under policy excuses. i received used oneplus earbuds; my complaints were closed without resolution. a friend avoided a similar scam when a delivery partner demanded otp before showing the product. avoid buying anything via openbox delivery from fraudkart.,1,0,8.29,10-08-2025,No Reply,8.29,Flipkart
Vijaygautam Vijay gautam,Sahi,4,0,8.2,10-08-2025,"Hi flipkart user, thank you so much for your feedback. we are glad that you are enjoying flipkart and we look forward to serving you again.",8.2,Flipkart
Pravin Gappy,Great,5,0,8.14,10-08-2025,"Hi flipkart user, thank you so much for your feedback. we are glad that you are enjoying flipkart and we look forward to serving you again.",8.14,Flipkart
Rhiko Koza,Good,5,0,8.29,10-08-2025,"Hi flipkart user, thank you so much for your feedback. we are glad that you are enjoying flipkart and we look forward to serving you again.",8.29,Flipkart
kartik mehra,Osam,2,0,8.17,10-08-2025,"Hi flipkart user, thank you for your kind words! would you also like to give us more stars? 5 stars - very good, 4 stars- good, 3 stars - okay, 2 stars - bad, 1 star- very bad",8.17,Flipkart
Kolkata SOFA curtains furnishings Tailor,Very nice,5,0,8.27,10-08-2025,"Hi flipkart user, thank you so much for your feedback. we are glad that you are enjoying flipkart and we look forward to serving you again.",8.27,Flipkart
Aman Khan,Superb,3,0,8.29,10-08-2025,"Thanks for the love, aman! if you’re happy with everything, a 5-star rating would mean the world to us!",8.29,Flipkart
Fiza Mansoori,Good,5,0,8.29,10-08-2025,"Hi flipkart user, thank you so much for your feedback. we are glad that you are enjoying flipkart and we look forward to serving you again.",8.29,Flipkart
Poonam Tekade,Nice app,5,0,8.29,10-08-2025,"Hi flipkart user, thank you so much for your feedback. we are glad that you are enjoying flipkart and we look forward to serving you again.",8.29,Flipkart
Munni Khatoon,Nice,2,0,8.3,10-08-2025,"Hi flipkart user, thank you for your kind words! would you also like to give us more stars? 5 stars - very good, 4 stars- good, 3 stars - okay, 2 stars - bad, 1 star- very bad",8.3,Flipkart
Abhishek Kumar,Very good,4,0,8.29,10-08-2025,"Hi flipkart user, thank you so much for your feedback. we are glad that you are enjoying flipkart and we look forward to serving you again.",8.29,Flipkart
Asiq K,Use full,4,0,8.29,10-08-2025,"Hi flipkart user, thank you so much for your feedback. we are glad that you are enjoying flipkart and we look forward to serving you again.",8.29,Flipkart
Dhananjoy Das,Vare nice,5,0,8.29,10-08-2025,"Hi flipkart user, thank you so much for your feedback. we are glad that you are enjoying flipkart and we look forward to serving you again.",8.29,Flipkart
Puja Debnath,Good,4,0,8.29,10-08-2025,"Hi flipkart user, thank you so much for your feedback. we are glad that you are enjoying flipkart and we look forward to serving you again.",8.29,Flipkart
Maddela Spandana,ఎక్స్ల్లెంట్,5,0,Unkown,10-08-2025,"Hi flipkart user, thank you so much for your feedback. we are glad that you are enjoying flipkart and we look forward to serving you again.",Unknown,Flipkart
Basavaraj Naik,nan,5,0,8.3,10-08-2025,"Hi flipkart user, thank you so much for your feedback. we are glad that you are enjoying flipkart and we look forward to serving you again.",8.3,Flipkart
manjunatha itagi,Good,5,0,Unkown,10-08-2025,"Hi flipkart user, thank you so much for your feedback. we are glad that you are enjoying flipkart and we look forward to serving you again.",Unknown,Flipkart
Bablu Kumar,Very good,5,0,8.29,10-08-2025,"Hi flipkart user, thank you so much for your feedback. we are glad that you are enjoying flipkart and we look forward to serving you again.",8.29,Flipkart
Manuel John,Good app,5,0,8.29,10-08-2025,"Hi flipkart user, thank you so much for your feedback. we are glad that you are enjoying flipkart and we look forward to serving you again.",8.29,Flipkart
Sonu Sonu Singh,Bhai bilkul bakar app hai mene rose water order kiya tha to price 47rupess show kiya tha order kiya to price 83 ho gya mene order cancel kiya to yoh bhi nahi hua bhaiyo please is app per complain karna jay shree ram,1,0,8.21,10-08-2025,No Reply,8.21,Flipkart
Mithun Abraham,Great,5,0,8.29,10-08-2025,"Hi flipkart user, thank you so much for your feedback. we are glad that you are enjoying flipkart and we look forward to serving you again.",8.29,Flipkart
Lucky Kumar,Nice good app,5,0,8.3,10-08-2025,"Hi flipkart user, thank you so much for your feedback. we are glad that you are enjoying flipkart and we look forward to serving you again.",8.3,Flipkart
Vivek Keer,Nice,5,0,8.29,10-08-2025,"Hi flipkart user, thank you so much for your feedback. we are glad that you are enjoying flipkart and we look forward to serving you again.",8.29,Flipkart
Nitesh Thaku,No comments,5,0,8.29,10-08-2025,"Hi flipkart user, thank you so much for your feedback. we are glad that you are enjoying flipkart and we look forward to serving you again.",8.29,Flipkart
Kiran Kamble,Great,5,0,8.29,10-08-2025,"Hi flipkart user, thank you so much for your feedback. we are glad that you are enjoying flipkart and we look forward to serving you again.",8.29,Flipkart
Mantaj Ansari,Good badhiya,5,0,8.29,10-08-2025,"Hi flipkart user, thank you so much for your feedback. we are glad that you are enjoying flipkart and we look forward to serving you again.",8.29,Flipkart
Naushad Ali,Good,5,0,8.29,10-08-2025,"Hi flipkart user, thank you so much for your feedback. we are glad that you are enjoying flipkart and we look forward to serving you again.",8.29,Flipkart
Seema Devi,Good,5,0,8.3,10-08-2025,"Hi flipkart user, thank you so much for your feedback. we are glad that you are enjoying flipkart and we look forward to serving you again.",8.3,Flipkart
Johaeb Raza,Good bro the app is nice,3,0,8.29,10-08-2025,"We're glad you enjoyed our app, johaeb! if you think we deserve more stars, we'd love to see your rating updated to a 4 or 5 star!",8.29,Flipkart
AJAY S,Good,5,0,8.28,10-08-2025,"Hi flipkart user, thank you so much for your feedback. we are glad that you are enjoying flipkart and we look forward to serving you again.",8.28,Flipkart
Kushagra Awasthi,Nice ans user friendly app.,5,0,8.29,10-08-2025,"Hi flipkart user, thank you so much for your feedback. we are glad that you are enjoying flipkart and we look forward to serving you again.",8.29,Flipkart
Saidur Rahaman,Best app for buying,5,0,8.29,10-08-2025,"Hi flipkart user, thank you so much for your feedback. we are glad that you are enjoying flipkart and we look forward to serving you again.",8.29,Flipkart
Gajendra Singh,Good,5,0,8.29,10-08-2025,"Hi flipkart user, thank you so much for your feedback. we are glad that you are enjoying flipkart and we look forward to serving you again.",8.29,Flipkart
Priti Shukla,Making fool and manipulate to costumer any item added to the cart price is changed in few minutes this is very bad experience very big fraud flipkart change price when we apply any discount,1,0,Unkown,10-08-2025,No Reply,Unknown,Flipkart
Bibek Sarki,I have order gulabri cream & received wrong product 1st time very bad experience,1,0,Unkown,10-08-2025,"Hi flipkart user, we are sorry about your bad experience with us. please get in touch with us at www.flipkart.com/helpcentre to assist you. thanks for your patience!",Unknown,Flipkart
Venila N,Good service,5,0,8.29,10-08-2025,"Hi flipkart user, thank you so much for your feedback. we are glad that you are enjoying flipkart and we look forward to serving you again.",8.29,Flipkart
Raju,Good,4,0,8.29,10-08-2025,"Hi flipkart user, thank you so much for your feedback. we are glad that you are enjoying flipkart and we look forward to serving you again.",8.29,Flipkart
Shiva Baghel,Very happy,5,0,8.29,10-08-2025,"Hi flipkart user, thank you so much for your feedback. we are glad that you are enjoying flipkart and we look forward to serving you again.",8.29,Flipkart
Md Masud Hasan,Super prodect,5,0,8.29,10-08-2025,"Hi flipkart user, thank you so much for your feedback. we are glad that you are enjoying flipkart and we look forward to serving you again.",8.29,Flipkart
SHOAIB AHAMAD,Good,5,0,8.29,10-08-2025,"Hi flipkart user, thank you so much for your feedback. we are glad that you are enjoying flipkart and we look forward to serving you again.",8.29,Flipkart
Ujjwal Kundu,Nice,5,0,8.28,10-08-2025,"Hi flipkart user, thank you so much for your feedback. we are glad that you are enjoying flipkart and we look forward to serving you again.",8.28,Flipkart
Amar Thorat,Thank you flipkart,5,0,8.3,10-08-2025,"Hi flipkart user, thank you so much for your feedback. we are glad that you are enjoying flipkart and we look forward to serving you again.",8.3,Flipkart
PADVI RATILAL,Good,5,0,8.29,10-08-2025,"Hi flipkart user, thank you so much for your feedback. we are glad that you are enjoying flipkart and we look forward to serving you again.",8.29,Flipkart
JL Mithu Ajaydas,nan,5,0,8.3,10-08-2025,"Hi flipkart user, thank you so much for your feedback. we are glad that you are enjoying flipkart and we look forward to serving you again.",8.3,Flipkart
Suja Diya,Good,4,0,8.22,10-08-2025,"Hi flipkart user, thank you so much for your feedback. we are glad that you are enjoying flipkart and we look forward to serving you again.",8.22,Flipkart
Urva Nayak,Good,4,0,8.29,10-08-2025,"Hi flipkart user, thank you so much for your feedback. we are glad that you are enjoying flipkart and we look forward to serving you again.",8.29,Flipkart
Shyam Karan,Good,5,0,8.3,10-08-2025,"Hi flipkart user, thank you so much for your feedback. we are glad that you are enjoying flipkart and we look forward to serving you again.",8.3,Flipkart
Jayesh Sonule,Very good,5,0,8.29,10-08-2025,"Hi flipkart user, thank you so much for your feedback. we are glad that you are enjoying flipkart and we look forward to serving you again.",8.29,Flipkart
N Chandu,Super,5,0,8.15,10-08-2025,"Hi flipkart user, thank you so much for your feedback. we are glad that you are enjoying flipkart and we look forward to serving you again.",8.15,Flipkart
SHASHI KIRAN N R,Super,2,0,8.29,10-08-2025,"Hi flipkart user, thank you for your kind words! would you also like to give us more stars? 5 stars - very good, 4 stars- good, 3 stars - okay, 2 stars - bad, 1 star- very bad",8.29,Flipkart
Sachin Kumar,Flipkart bahut achcha hai isase bahut hi badhiya product milta hai,5,0,8.29,10-08-2025,"Hi flipkart user, thank you so much for your feedback. we are glad that you are enjoying flipkart and we look forward to serving you again.",8.29,Flipkart
ARUN HUBBALLI,Supar,1,0,8.29,10-08-2025,"Hi flipkart user, thank you for your kind words! would you also like to give us more stars? 5 stars - very good, 4 stars- good, 3 stars - okay, 2 stars - bad, 1 star- very bad",8.29,Flipkart
pratik watgure,Good,5,0,8.13,10-08-2025,"Hi flipkart user, thank you so much for your feedback. we are glad that you are enjoying flipkart and we look forward to serving you again.",8.13,Flipkart
Munesh mourya,Excellent,4,0,8.28,10-08-2025,"Hi flipkart user, thank you so much for your feedback. we are glad that you are enjoying flipkart and we look forward to serving you again.",8.28,Flipkart
H S Sharath,Good,5,0,8.29,10-08-2025,"Hi flipkart user, thank you so much for your feedback. we are glad that you are enjoying flipkart and we look forward to serving you again.",8.29,Flipkart
pankaj shaw,Great,5,0,8.29,10-08-2025,"Hi flipkart user, thank you so much for your feedback. we are glad that you are enjoying flipkart and we look forward to serving you again.",8.29,Flipkart
Jitin Maurya,Good,5,0,8.29,10-08-2025,"Hi flipkart user, thank you so much for your feedback. we are glad that you are enjoying flipkart and we look forward to serving you again.",8.29,Flipkart
Irfan Abbasi,Good,5,0,8.28,10-08-2025,"Hi flipkart user, thank you so much for your feedback. we are glad that you are enjoying flipkart and we look forward to serving you again.",8.28,Flipkart
Mahendra Gora,Very good,5,0,8.29,10-08-2025,"Hi flipkart user, thank you so much for your feedback. we are glad that you are enjoying flipkart and we look forward to serving you again.",8.29,Flipkart
Adeeb Zaid,Good,5,0,8.29,10-08-2025,"Hi flipkart user, thank you so much for your feedback. we are glad that you are enjoying flipkart and we look forward to serving you again.",8.29,Flipkart
Bhayu Sedmake,सुपर so beautiful,5,0,8.29,10-08-2025,"Hi flipkart user, thank you so much for your feedback. we are glad that you are enjoying flipkart and we look forward to serving you again.",8.29,Flipkart
Honeypriya's Khazana,Very good very fast delivery,5,0,8.3,10-08-2025,"Hi flipkart user, thank you so much for your feedback. we are glad that you are enjoying flipkart and we look forward to serving you again.",8.3,Flipkart
Ganeshkumar Buddha,Good,5,0,8.29,10-08-2025,"Hi flipkart user, thank you so much for your feedback. we are glad that you are enjoying flipkart and we look forward to serving you again.",8.29,Flipkart
Amit Bhunia,Nice products,5,0,8.3,10-08-2025,"Hi flipkart user, thank you so much for your feedback. we are glad that you are enjoying flipkart and we look forward to serving you again.",8.3,Flipkart
Sadhan Halder,V good,5,0,Unkown,10-08-2025,"Hi flipkart user, thank you so much for your feedback. we are glad that you are enjoying flipkart and we look forward to serving you again.",Unknown,Flipkart
Veenith,Good,5,0,8.29,10-08-2025,"Hi flipkart user, thank you so much for your feedback. we are glad that you are enjoying flipkart and we look forward to serving you again.",8.29,Flipkart
Rameshbhai Ravan,बोहोत बढ़िया है पर कभी कभी चीज वस्तु खराब भी निकल जाती हैं,3,0,8.29,10-08-2025,No Reply,8.29,Flipkart
Kajal Sharma,Great,5,0,8.29,10-08-2025,"Hi flipkart user, thank you so much for your feedback. we are glad that you are enjoying flipkart and we look forward to serving you again.",8.29,Flipkart
Sheetal Gill,Wow flipkart,5,0,8.29,10-08-2025,"Hi flipkart user, thank you so much for your feedback. we are glad that you are enjoying flipkart and we look forward to serving you again.",8.29,Flipkart
Ashvina Amaliyar,Okay,5,0,8.29,10-08-2025,"Hi flipkart user, thank you so much for your feedback. we are glad that you are enjoying flipkart and we look forward to serving you again.",8.29,Flipkart
Sanjoy kumar ghosh,Good,5,0,Unkown,10-08-2025,"Hi flipkart user, thank you so much for your feedback. we are glad that you are enjoying flipkart and we look forward to serving you again.",Unknown,Flipkart
Anandhu Kalarikkal,Good,5,0,8.29,10-08-2025,"Hi flipkart user, thank you so much for your feedback. we are glad that you are enjoying flipkart and we look forward to serving you again.",8.29,Flipkart
Ganesh yadav,Good,5,0,8.29,10-08-2025,"Hi flipkart user, thank you so much for your feedback. we are glad that you are enjoying flipkart and we look forward to serving you again.",8.29,Flipkart
Zahoor Mir,Very authentic products,3,0,8.29,10-08-2025,No Reply,8.29,Flipkart
Ankit Ray,Good,4,0,8.28,10-08-2025,"Hi flipkart user, thank you so much for your feedback. we are glad that you are enjoying flipkart and we look forward to serving you again.",8.28,Flipkart
Amol Dengale,Good,3,0,8.29,10-08-2025,"Thanks so much for the awesome feedback, amol! if you think we deserve a higher rating, we'd love for you to update it to a 4 or 5 star when you get a chance!",8.29,Flipkart
Sunitha B,Its very good,4,0,8.29,10-08-2025,"Hi flipkart user, thank you so much for your feedback. we are glad that you are enjoying flipkart and we look forward to serving you again.",8.29,Flipkart
Azhar Pasha,Good product,4,0,8.19,10-08-2025,"Hi flipkart user, thank you so much for your feedback. we are glad that you are enjoying flipkart and we look forward to serving you again.",8.19,Flipkart
Rakesh Bairagi,nan,5,0,8.29,10-08-2025,"Hi flipkart user, thank you so much for your feedback. we are glad that you are enjoying flipkart and we look forward to serving you again.",8.29,Flipkart
Salim Saiyed,Superb,5,0,8.29,10-08-2025,"Hi flipkart user, thank you so much for your feedback. we are glad that you are enjoying flipkart and we look forward to serving you again.",8.29,Flipkart
Vijay senthil,Excellent valueable product only to sale for filpkart it's very great than,5,0,8.29,10-08-2025,"Hi flipkart user, thank you so much for your feedback. we are glad that you are enjoying flipkart and we look forward to serving you again.",8.29,Flipkart
Venkadesh A,Good product,3,0,8.25,10-08-2025,"Super happy to hear that you loved your order, venkadesh. if you think we deserve a 4 or 5-star, an update would be very appreciated.",8.25,Flipkart
Apoorv Saini,Becoming bad day by day i ordered ghee and received harpic instead and the delivery agents are also fraud they said they will raise the complaint from their end but they did nothing. really pathetic,1,1,8.29,10-08-2025,No Reply,8.29,Flipkart
Nitin Shon,This platform product is very good quality,5,0,8.27,10-08-2025,"Hi flipkart user, thank you so much for your feedback. we are glad that you are enjoying flipkart and we look forward to serving you again.",8.27,Flipkart
Nishat Sarkar,Good,5,0,8.29,10-08-2025,"Hi flipkart user, thank you so much for your feedback. we are glad that you are enjoying flipkart and we look forward to serving you again.",8.29,Flipkart
Ruparam Dewasi,5supper,5,0,8.26,10-08-2025,"Hi flipkart user, thank you so much for your feedback. we are glad that you are enjoying flipkart and we look forward to serving you again.",8.26,Flipkart
Ashish mehroliya,Nice,5,0,8.29,10-08-2025,"Hi flipkart user, thank you so much for your feedback. we are glad that you are enjoying flipkart and we look forward to serving you again.",8.29,Flipkart
Sumayya Salahudeen,"Really usefull shopping app, affordable and trustable",5,0,8.21,10-08-2025,"Hi flipkart user, thank you so much for your feedback. we are glad that you are enjoying flipkart and we look forward to serving you again.",8.21,Flipkart
Soney Limbu,Good,2,0,8.29,10-08-2025,"Hi flipkart user, thank you for your kind words! would you also like to give us more stars? 5 stars - very good, 4 stars- good, 3 stars - okay, 2 stars - bad, 1 star- very bad",8.29,Flipkart
Kailash Mahour,Good,5,0,8.29,10-08-2025,"Hi flipkart user, thank you so much for your feedback. we are glad that you are enjoying flipkart and we look forward to serving you again.",8.29,Flipkart
Ankit Solanki,Good,5,0,8.29,10-08-2025,"Hi flipkart user, thank you so much for your feedback. we are glad that you are enjoying flipkart and we look forward to serving you again.",8.29,Flipkart
Vg Vg,Super,5,0,8.29,10-08-2025,"Hi flipkart user, thank you so much for your feedback. we are glad that you are enjoying flipkart and we look forward to serving you again.",8.29,Flipkart
Payal Gupta,Totally fraud app i have ordered some products and all are prepaid orders.when i received different product then i made a complaint on help center n requested to do my refund. but after sometime what i saw that they have blocked my account. it's totally disgusting.....pls don't do pre payments...,1,1,8.3,10-08-2025,No Reply,8.3,Flipkart
debdutta mukherjee,"Their ethics are compromised. they selectively post the customer reviews of products sold, reducing negative ones. often first copies are sold as originals. most reviews are fake, you can make out from the language.",1,2,8.29,10-08-2025,No Reply,8.29,Flipkart
ಮೌನೇಶ Lgs,Nice,4,0,8.3,10-08-2025,"Hi flipkart user, thank you so much for your feedback. we are glad that you are enjoying flipkart and we look forward to serving you again.",8.3,Flipkart
Bhardwaj Tandan,Not better service,1,0,8.27,10-08-2025,No Reply,8.27,Flipkart
Sartaj Ali,Very good,5,0,8.29,10-08-2025,"Hi flipkart user, thank you so much for your feedback. we are glad that you are enjoying flipkart and we look forward to serving you again.",8.29,Flipkart
Tahir Mew,Good good,4,0,8.29,10-08-2025,"Hi flipkart user, thank you so much for your feedback. we are glad that you are enjoying flipkart and we look forward to serving you again.",8.29,Flipkart
Rakib Mondal,Nice,5,0,8.26,10-08-2025,"Hi flipkart user, thank you so much for your feedback. we are glad that you are enjoying flipkart and we look forward to serving you again.",8.26,Flipkart
MASUD KHAN,Poor quality items,1,0,8.29,10-08-2025,"Hi flipkart user, we are sorry about your bad experience with us. please get in touch with us at www.flipkart.com/helpcentre to assist you. thanks for your patience!",8.29,Flipkart
Jubair Ahmed,Thank you,5,0,8.29,10-08-2025,"Hi flipkart user, thank you so much for your feedback. we are glad that you are enjoying flipkart and we look forward to serving you again.",8.29,Flipkart
Bishal Basfor,nan,3,0,8.22,10-08-2025,No Reply,8.22,Flipkart
dinesh kumar stunner,Amazing,5,0,8.29,10-08-2025,"Hi flipkart user, thank you so much for your feedback. we are glad that you are enjoying flipkart and we look forward to serving you again.",8.29,Flipkart
Rocky Naik,Good,5,0,Unkown,10-08-2025,"Hi flipkart user, thank you so much for your feedback. we are glad that you are enjoying flipkart and we look forward to serving you again.",Unknown,Flipkart
srinivas gowthu,Superb,4,0,8.29,10-08-2025,"Hi flipkart user, thank you so much for your feedback. we are glad that you are enjoying flipkart and we look forward to serving you again.",8.29,Flipkart
Ravi Singh,Ok,2,0,8.28,10-08-2025,"Hi flipkart user, thank you for your kind words! would you also like to give us more stars? 5 stars - very good, 4 stars- good, 3 stars - okay, 2 stars - bad, 1 star- very bad",8.28,Flipkart
Saroj Kumar,बहुत खराब है यह ऐप ऑडर करने बाद भी कैंसिल हो जाता है ऑटोमेटिक बिना इन्फॉर्म किए,1,1,8.29,10-08-2025,"Hi flipkart user, we are sorry about your bad experience with us. please get in touch with us at www.flipkart.com/helpcentre to assist you. thanks for your patience!",8.29,Flipkart
Dev Rawat,Very useful,1,0,8.29,10-08-2025,"Hi flipkart user, thank you for your kind words! would you also like to give us more stars? 5 stars - very good, 4 stars- good, 3 stars - okay, 2 stars - bad, 1 star- very bad",8.29,Flipkart
chayaputhra G,Good,5,0,8.29,10-08-2025,"Hi flipkart user, thank you so much for your feedback. we are glad that you are enjoying flipkart and we look forward to serving you again.",8.29,Flipkart
Birendar Murmu,Nice,5,0,8.29,10-08-2025,"Hi flipkart user, thank you so much for your feedback. we are glad that you are enjoying flipkart and we look forward to serving you again.",8.29,Flipkart
borra suma,Thank you,5,0,8.3,10-08-2025,"Hi flipkart user, thank you so much for your feedback. we are glad that you are enjoying flipkart and we look forward to serving you again.",8.3,Flipkart
Manoj Kumar,Flipkart is very best platform for shopping,5,0,8.29,10-08-2025,"Hi flipkart user, thank you so much for your feedback. we are glad that you are enjoying flipkart and we look forward to serving you again.",8.29,Flipkart
SANSKAR KUMAR,Not good product,1,0,Unkown,10-08-2025,No Reply,Unknown,Flipkart
Rambo Romeo,Most affordable price for everything's,4,0,8.29,10-08-2025,"Hi flipkart user, thank you so much for your feedback. we are glad that you are enjoying flipkart and we look forward to serving you again.",8.29,Flipkart
Mᴀʏᴜʀ Wᴀʜᴀɴᴇ,Nice,5,0,8.29,10-08-2025,"Hi flipkart user, thank you so much for your feedback. we are glad that you are enjoying flipkart and we look forward to serving you again.",8.29,Flipkart
Dhansigh Chouhan,Ok,5,0,8.29,10-08-2025,"Hi flipkart user, thank you so much for your feedback. we are glad that you are enjoying flipkart and we look forward to serving you again.",8.29,Flipkart
Jagdev Prasad,"After placing the order product still not arrived yet, i placed five items 10 days ago and only one has arrived and they delayed the date of delivery everytime ,very disappointed with this app",1,0,8.29,10-08-2025,"Hi flipkart user, we are sorry about your bad experience with us. please get in touch with us at www.flipkart.com/helpcentre to assist you. thanks for your patience!",8.29,Flipkart
Syed Masthani,Good,5,0,8.29,10-08-2025,"Hi flipkart user, thank you so much for your feedback. we are glad that you are enjoying flipkart and we look forward to serving you again.",8.29,Flipkart
Akio 07,Useless app everytime deliver issue,1,0,8.29,10-08-2025,"Hi flipkart user, we are sorry about your bad experience with us. please get in touch with us at www.flipkart.com/helpcentre to assist you. thanks for your patience!",8.29,Flipkart
sumit kumar,Great,5,0,8.3,10-08-2025,"Hi flipkart user, thank you so much for your feedback. we are glad that you are enjoying flipkart and we look forward to serving you again.",8.3,Flipkart
Naheem Kanchirala,Need improvement in updating the anticipated items of tracking and the authenticity of the subject product. keeping the word promise is the top priority always.,4,0,8.21,10-08-2025,"Hi flipkart user, thank you so much for your feedback. we are glad that you are enjoying flipkart and we look forward to serving you again.",8.21,Flipkart
sim Ket,Good,3,0,8.29,10-08-2025,"Thanks so much for the awesome feedback! if you think we deserve a higher rating, we'd love for you to update it to a 4 or 5 star when you get a chance!",8.29,Flipkart
Deepak Singh,Good,5,0,8.29,10-08-2025,"Hi flipkart user, thank you so much for your feedback. we are glad that you are enjoying flipkart and we look forward to serving you again.",8.29,Flipkart
Sanandhu S S,Its good,5,0,8.29,10-08-2025,"Hi flipkart user, thank you so much for your feedback. we are glad that you are enjoying flipkart and we look forward to serving you again.",8.29,Flipkart
Komal Bhumalwad,Good,5,0,8.29,10-08-2025,"Hi flipkart user, thank you so much for your feedback. we are glad that you are enjoying flipkart and we look forward to serving you again.",8.29,Flipkart
Amin ali,Good quality,5,0,8.29,10-08-2025,"Hi flipkart user, thank you so much for your feedback. we are glad that you are enjoying flipkart and we look forward to serving you again.",8.29,Flipkart
PUJA MANDAL,"Such a bad interface, where is the customer care number? if i want to reach out to customer care, where is the number? why are you guys not making it easy to use.",1,0,8.29,10-08-2025,No Reply,8.29,Flipkart
rahul Chakraborty,Vary good app,5,0,8.29,10-08-2025,"Hi flipkart user, thank you so much for your feedback. we are glad that you are enjoying flipkart and we look forward to serving you again.",8.29,Flipkart
Mrigan Medhi,Good,4,0,8.29,10-08-2025,"Hi flipkart user, thank you so much for your feedback. we are glad that you are enjoying flipkart and we look forward to serving you again.",8.29,Flipkart
Asad Mansoori,Good,5,0,8.29,10-08-2025,"Hi flipkart user, thank you so much for your feedback. we are glad that you are enjoying flipkart and we look forward to serving you again.",8.29,Flipkart
lakshmi narayana,Fervent,5,0,7.83,10-08-2025,"Hi flipkart user, thank you so much for your feedback. we are glad that you are enjoying flipkart and we look forward to serving you again.",7.83,Flipkart
Jay Savaliya,Good,5,0,8.29,10-08-2025,"Hi flipkart user, thank you so much for your feedback. we are glad that you are enjoying flipkart and we look forward to serving you again.",8.29,Flipkart
Vijay,Good,5,0,8.29,10-08-2025,"Hi flipkart user, thank you so much for your feedback. we are glad that you are enjoying flipkart and we look forward to serving you again.",8.29,Flipkart
Harish Harini,Good,5,0,8.27,10-08-2025,"Hi flipkart user, thank you so much for your feedback. we are glad that you are enjoying flipkart and we look forward to serving you again.",8.27,Flipkart
Haseeb Khan,Nice,5,0,8.3,10-08-2025,"Hi flipkart user, thank you so much for your feedback. we are glad that you are enjoying flipkart and we look forward to serving you again.",8.3,Flipkart
Hari Krishnan,Best app,4,0,8.28,10-08-2025,"Hi flipkart user, thank you so much for your feedback. we are glad that you are enjoying flipkart and we look forward to serving you again.",8.28,Flipkart
Murali Krishna,Happy,5,0,8.13,10-08-2025,"Hi flipkart user, thank you so much for your feedback. we are glad that you are enjoying flipkart and we look forward to serving you again.",8.13,Flipkart
kaustubh singh,Good,5,0,8.29,10-08-2025,"Hi flipkart user, thank you so much for your feedback. we are glad that you are enjoying flipkart and we look forward to serving you again.",8.29,Flipkart
Azhar Chauhan,Good,5,0,8.29,10-08-2025,"Hi flipkart user, thank you so much for your feedback. we are glad that you are enjoying flipkart and we look forward to serving you again.",8.29,Flipkart
MIHIR ROY,Very good,5,0,8.29,10-08-2025,"Hi flipkart user, thank you so much for your feedback. we are glad that you are enjoying flipkart and we look forward to serving you again.",8.29,Flipkart
Rupesh Alone,Very good nice,4,0,8.3,10-08-2025,"Hi flipkart user, thank you so much for your feedback. we are glad that you are enjoying flipkart and we look forward to serving you again.",8.3,Flipkart
Shivam Kumar,Best,5,0,8.29,10-08-2025,"Hi flipkart user, thank you so much for your feedback. we are glad that you are enjoying flipkart and we look forward to serving you again.",8.29,Flipkart
Rohit Gupta,Very nice,5,0,8.3,10-08-2025,"Hi flipkart user, thank you so much for your feedback. we are glad that you are enjoying flipkart and we look forward to serving you again.",8.3,Flipkart
Md Mondal,Awesome,5,0,8.29,10-08-2025,"Hi flipkart user, thank you so much for your feedback. we are glad that you are enjoying flipkart and we look forward to serving you again.",8.29,Flipkart
Harini Beda,Amazing shopping,5,0,8.29,10-08-2025,"Hi flipkart user, thank you so much for your feedback. we are glad that you are enjoying flipkart and we look forward to serving you again.",8.29,Flipkart
Rani chakraborty,I love this app,5,0,8.29,10-08-2025,"Hi flipkart user, thank you so much for your feedback. we are glad that you are enjoying flipkart and we look forward to serving you again.",8.29,Flipkart
Raza Taukeer,Thenk you,5,0,8.3,10-08-2025,"Hi flipkart user, thank you so much for your feedback. we are glad that you are enjoying flipkart and we look forward to serving you again.",8.3,Flipkart
Meena,Good,4,0,8.28,10-08-2025,"Hi flipkart user, thank you so much for your feedback. we are glad that you are enjoying flipkart and we look forward to serving you again.",8.28,Flipkart
Abhay Ojha,Good,5,0,8.3,10-08-2025,"Hi flipkart user, thank you so much for your feedback. we are glad that you are enjoying flipkart and we look forward to serving you again.",8.3,Flipkart
Sajid Dharwad,Very good,5,0,8.29,10-08-2025,"Hi flipkart user, thank you so much for your feedback. we are glad that you are enjoying flipkart and we look forward to serving you again.",8.29,Flipkart
Rasvin Bestus,This is wonderful,5,0,8.28,10-08-2025,"Hi flipkart user, thank you so much for your feedback. we are glad that you are enjoying flipkart and we look forward to serving you again.",8.28,Flipkart
Anupam Sardar,It's a very good marking app where u can find ur necessary products on just a simple click at ur home.,5,0,8.29,10-08-2025,"Hi flipkart user, thank you so much for your feedback. we are glad that you are enjoying flipkart and we look forward to serving you again.",8.29,Flipkart
Hari Magar,Nice,5,0,8.29,10-08-2025,"Hi flipkart user, thank you so much for your feedback. we are glad that you are enjoying flipkart and we look forward to serving you again.",8.29,Flipkart
Jammu Thatarao,Good,5,0,8.29,10-08-2025,"Hi flipkart user, thank you so much for your feedback. we are glad that you are enjoying flipkart and we look forward to serving you again.",8.29,Flipkart
vikas kumar,Good,5,0,8.29,10-08-2025,"Hi flipkart user, thank you so much for your feedback. we are glad that you are enjoying flipkart and we look forward to serving you again.",8.29,Flipkart
Zoyab Zoyab,Nice app,5,0,Unkown,10-08-2025,"Hi flipkart user, thank you so much for your feedback. we are glad that you are enjoying flipkart and we look forward to serving you again.",Unknown,Flipkart
Mogili Ravi Raj,I can't even access the my order section after a delivery it says something went wrong and it is pretty useless if i want to cancel the order i can't even open the my order section .,1,0,8.29,10-08-2025,No Reply,8.29,Flipkart
Aman Kumar,Nice performance of this app,5,0,8.29,10-08-2025,"Hi flipkart user, thank you so much for your feedback. we are glad that you are enjoying flipkart and we look forward to serving you again.",8.29,Flipkart
Dìganta Gouda,Good,1,0,8.29,10-08-2025,"Hi flipkart user, thank you for your kind words! would you also like to give us more stars? 5 stars - very good, 4 stars- good, 3 stars - okay, 2 stars - bad, 1 star- very bad",8.29,Flipkart
Basha Falcon,Showing not delivering issue,1,0,Unkown,10-08-2025,"Hi flipkart user, we are sorry about your bad experience with us. please get in touch with us at www.flipkart.com/helpcentre to assist you. thanks for your patience!",Unknown,Flipkart
M.s.Karthik Selvaraj,Super,5,0,8.29,10-08-2025,"Hi flipkart user, thank you so much for your feedback. we are glad that you are enjoying flipkart and we look forward to serving you again.",8.29,Flipkart
Abdulla Molla,Good,5,0,8.1,10-08-2025,"Hi flipkart user, thank you so much for your feedback. we are glad that you are enjoying flipkart and we look forward to serving you again.",8.1,Flipkart
Sakthi Perumal,Good service,5,0,8.13,10-08-2025,"Hi flipkart user, thank you so much for your feedback. we are glad that you are enjoying flipkart and we look forward to serving you again.",8.13,Flipkart
Seshu Dodda,Good product,5,0,8.28,10-08-2025,"Hi flipkart user, thank you so much for your feedback. we are glad that you are enjoying flipkart and we look forward to serving you again.",8.28,Flipkart
T laxmi,It's not a user friendly app. they never deliver the order on time they just keep delaying without any reason. no option to reach customer service just the robot chat.,1,0,8.29,10-08-2025,"Hi flipkart user, we are sorry about your bad experience with us. please get in touch with us at www.flipkart.com/helpcentre to assist you. thanks for your patience!",8.29,Flipkart
Ayush Raj,They provide us best quality products,5,0,8.29,10-08-2025,"Hi flipkart user, thank you so much for your feedback. we are glad that you are enjoying flipkart and we look forward to serving you again.",8.29,Flipkart
ranvijay kumar,Very good,5,0,8.29,10-08-2025,"Hi flipkart user, thank you so much for your feedback. we are glad that you are enjoying flipkart and we look forward to serving you again.",8.29,Flipkart
Kenny Kumar,Fast delivery,5,0,8.29,10-08-2025,"Hi flipkart user, thank you so much for your feedback. we are glad that you are enjoying flipkart and we look forward to serving you again.",8.29,Flipkart
Mina Debdas,Very good,5,0,8.29,10-08-2025,"Hi flipkart user, thank you so much for your feedback. we are glad that you are enjoying flipkart and we look forward to serving you again.",8.29,Flipkart
Kokila Kokilamurugan,குட்,5,0,8.29,10-08-2025,"Hi flipkart user, thank you so much for your feedback. we are glad that you are enjoying flipkart and we look forward to serving you again.",8.29,Flipkart
Ramesh Ahir,Good,5,0,8.28,10-08-2025,"Hi flipkart user, thank you so much for your feedback. we are glad that you are enjoying flipkart and we look forward to serving you again.",8.28,Flipkart
Emmanuel Emmanuel 1234,Good delveari,5,0,8.29,10-08-2025,"Hi flipkart user, thank you so much for your feedback. we are glad that you are enjoying flipkart and we look forward to serving you again.",8.29,Flipkart
Gayatri Kumari,Good,5,0,Unkown,10-08-2025,"Hi flipkart user, thank you so much for your feedback. we are glad that you are enjoying flipkart and we look forward to serving you again.",Unknown,Flipkart
Pramod Choti,Nice,4,0,8.29,10-08-2025,"Hi flipkart user, thank you so much for your feedback. we are glad that you are enjoying flipkart and we look forward to serving you again.",8.29,Flipkart
Munna Mobile,Best app,4,0,Unkown,10-08-2025,"Hi flipkart user, thank you so much for your feedback. we are glad that you are enjoying flipkart and we look forward to serving you again.",Unknown,Flipkart
Saleem Hussain,Nice,5,0,8.28,10-08-2025,"Hi flipkart user, thank you so much for your feedback. we are glad that you are enjoying flipkart and we look forward to serving you again.",8.28,Flipkart
Aravind Kumar,"Worst delivery experience. without customer request, ekart is changing the delivery dates and sending msgs like we tried reaching you but are not reachable. don't put orders from flipkart. irresponsible and pathetic delivery.",1,0,8.3,10-08-2025,"Hi flipkart user, we are sorry about your bad experience with us. please get in touch with us at www.flipkart.com/helpcentre to assist you. thanks for your patience!",8.3,Flipkart
Mishrilal Kamat,Good,5,0,8.29,10-08-2025,"Hi flipkart user, thank you so much for your feedback. we are glad that you are enjoying flipkart and we look forward to serving you again.",8.29,Flipkart
Shiva Kumar,Mast,1,0,8.29,10-08-2025,"Hi flipkart user, thank you for your kind words! would you also like to give us more stars? 5 stars - very good, 4 stars- good, 3 stars - okay, 2 stars - bad, 1 star- very bad",8.29,Flipkart
Saleem Mohammad,Super.....,5,0,8.29,10-08-2025,"Hi flipkart user, thank you so much for your feedback. we are glad that you are enjoying flipkart and we look forward to serving you again.",8.29,Flipkart
Subham Panigrahi,Very good product,5,0,8.27,10-08-2025,"Hi flipkart user, thank you so much for your feedback. we are glad that you are enjoying flipkart and we look forward to serving you again.",8.27,Flipkart
R K FAIYAZ AHMED,Good quality and reasonable,4,0,8.29,10-08-2025,"Hi flipkart user, thank you so much for your feedback. we are glad that you are enjoying flipkart and we look forward to serving you again.",8.29,Flipkart
MD Shafi,Good,4,0,8.29,10-08-2025,"Hi flipkart user, thank you so much for your feedback. we are glad that you are enjoying flipkart and we look forward to serving you again.",8.29,Flipkart
kamil Pardhan,Very nice,5,0,7.8,10-08-2025,"Hi flipkart user, thank you so much for your feedback. we are glad that you are enjoying flipkart and we look forward to serving you again.",7.8,Flipkart
Farman Khan,Good aap,5,0,8.15,10-08-2025,"Hi flipkart user, thank you so much for your feedback. we are glad that you are enjoying flipkart and we look forward to serving you again.",8.15,Flipkart
Golu Kumar,Nice,5,0,8.26,10-08-2025,"Hi flipkart user, thank you so much for your feedback. we are glad that you are enjoying flipkart and we look forward to serving you again.",8.26,Flipkart
Navneet Kumar,Very bad experience very long time delivery,1,0,8.29,10-08-2025,"Hi flipkart user, we are sorry about your bad experience with us. please get in touch with us at www.flipkart.com/helpcentre to assist you. thanks for your patience!",8.29,Flipkart
Sanskar Varshney,Good,5,0,8.29,10-08-2025,"Hi flipkart user, thank you so much for your feedback. we are glad that you are enjoying flipkart and we look forward to serving you again.",8.29,Flipkart
Kushal Rajbongshi,Nice,5,0,8.29,10-08-2025,"Hi flipkart user, thank you so much for your feedback. we are glad that you are enjoying flipkart and we look forward to serving you again.",8.29,Flipkart
Sandhyarani Sonawane,Very good very nice,3,0,8.29,10-08-2025,"Thanks for the love, sandhyarani! if you’re happy with everything, a 5-star rating would mean the world to us!",8.29,Flipkart
NITHIN N,Ok,1,0,8.22,10-08-2025,"Hi flipkart user, thank you for your kind words! would you also like to give us more stars? 5 stars - very good, 4 stars- good, 3 stars - okay, 2 stars - bad, 1 star- very bad",8.22,Flipkart
Vijay gupta,Good,5,0,8.29,10-08-2025,"Hi flipkart user, thank you so much for your feedback. we are glad that you are enjoying flipkart and we look forward to serving you again.",8.29,Flipkart
abdus salam,Good,5,0,8.28,10-08-2025,"Hi flipkart user, thank you so much for your feedback. we are glad that you are enjoying flipkart and we look forward to serving you again.",8.28,Flipkart
Max Vicky,nan,5,0,8.3,10-08-2025,"Hi flipkart user, thank you so much for your feedback. we are glad that you are enjoying flipkart and we look forward to serving you again.",8.3,Flipkart
Vikash Soni,Good,5,0,8.29,10-08-2025,"Hi flipkart user, thank you so much for your feedback. we are glad that you are enjoying flipkart and we look forward to serving you again.",8.29,Flipkart
Arjun Shetty,Amazing thank you filpkart i loved this app and i have this is the correct app for everything thank you,5,0,8.28,10-08-2025,"Hi flipkart user, thank you so much for your feedback. we are glad that you are enjoying flipkart and we look forward to serving you again.",8.28,Flipkart
Tushar Kare,Nice,5,0,8.29,10-08-2025,"Hi flipkart user, thank you so much for your feedback. we are glad that you are enjoying flipkart and we look forward to serving you again.",8.29,Flipkart
Jeetendra Paal,Super,5,0,8.29,10-08-2025,"Hi flipkart user, thank you so much for your feedback. we are glad that you are enjoying flipkart and we look forward to serving you again.",8.29,Flipkart
CA. Prof. VimalKumar Ashar,Very nice,5,0,8.29,10-08-2025,"Hi flipkart user, thank you so much for your feedback. we are glad that you are enjoying flipkart and we look forward to serving you again.",8.29,Flipkart
Pinky Vijay,Nice,5,0,8.29,10-08-2025,"Hi flipkart user, thank you so much for your feedback. we are glad that you are enjoying flipkart and we look forward to serving you again.",8.29,Flipkart
Narayan Singh khangarot,nan,5,0,8.29,10-08-2025,"Hi flipkart user, thank you so much for your feedback. we are glad that you are enjoying flipkart and we look forward to serving you again.",8.29,Flipkart
Deepkant Bhaskar,Flipkart grocery is the best of market.,5,0,8.29,10-08-2025,"Hi flipkart user, thank you so much for your feedback. we are glad that you are enjoying flipkart and we look forward to serving you again.",8.29,Flipkart
Deepu Kumar,Good instrument kill mosquito,4,0,8.28,10-08-2025,"Hi flipkart user, thank you so much for your feedback. we are glad that you are enjoying flipkart and we look forward to serving you again.",8.28,Flipkart
NagaLakshmi.M,Good,5,0,8.29,10-08-2025,"Hi flipkart user, thank you so much for your feedback. we are glad that you are enjoying flipkart and we look forward to serving you again.",8.29,Flipkart
Prem Mandal,Good,2,0,7.73,10-08-2025,"Hi flipkart user, thank you for your kind words! would you also like to give us more stars? 5 stars - very good, 4 stars- good, 3 stars - okay, 2 stars - bad, 1 star- very bad",7.73,Flipkart
Ayush Negi,Add case and cover for one plus nord 5 premium and good quality,5,0,8.29,10-08-2025,"Hi flipkart user, thank you so much for your feedback. we are glad that you are enjoying flipkart and we look forward to serving you again.",8.29,Flipkart
Manu Shankar,Smartphone emi section crashed in your app it just shows a blank screen when i check emi offers it's been happening a couple of times now please have a look in that,5,0,8.29,10-08-2025,"Hi flipkart user, thank you so much for your feedback. we are glad that you are enjoying flipkart and we look forward to serving you again.",8.29,Flipkart
Reetesh Nagesh,Good,5,0,8.29,10-08-2025,"Hi flipkart user, thank you so much for your feedback. we are glad that you are enjoying flipkart and we look forward to serving you again.",8.29,Flipkart
Raki Das,Good,1,0,8.28,10-08-2025,"Hi flipkart user, thank you for your kind words! would you also like to give us more stars? 5 stars - very good, 4 stars- good, 3 stars - okay, 2 stars - bad, 1 star- very bad",8.28,Flipkart
Bipin Yadav,Best app,4,0,8.29,10-08-2025,"Hi flipkart user, thank you so much for your feedback. we are glad that you are enjoying flipkart and we look forward to serving you again.",8.29,Flipkart
Anas Khan,Very good super flipkart very good,5,0,8.29,10-08-2025,"Hi flipkart user, thank you so much for your feedback. we are glad that you are enjoying flipkart and we look forward to serving you again.",8.29,Flipkart
Shiva Singh,Nice app and so impressed,4,0,8.29,10-08-2025,"Hi flipkart user, thank you so much for your feedback. we are glad that you are enjoying flipkart and we look forward to serving you again.",8.29,Flipkart
shalini Kashyap,Good,3,0,8.29,10-08-2025,"Thanks so much for the awesome feedback, shalini! if you think we deserve a higher rating, we'd love for you to update it to a 4 or 5 star when you get a chance!",8.29,Flipkart
Rajjk Ali,Verry good,5,0,8.29,10-08-2025,"Hi flipkart user, thank you so much for your feedback. we are glad that you are enjoying flipkart and we look forward to serving you again.",8.29,Flipkart
cs dubey,Very good,5,0,8.28,10-08-2025,"Hi flipkart user, thank you so much for your feedback. we are glad that you are enjoying flipkart and we look forward to serving you again.",8.28,Flipkart
Pavan Kambale,ಸೂಪರ್,5,0,8.29,10-08-2025,"Hi flipkart user, thank you so much for your feedback. we are glad that you are enjoying flipkart and we look forward to serving you again.",8.29,Flipkart
Jomon Johnson,Good,5,0,8.29,10-08-2025,"Hi flipkart user, thank you so much for your feedback. we are glad that you are enjoying flipkart and we look forward to serving you again.",8.29,Flipkart
Sundar Jat,Flipkard best sarvish,5,0,8.3,10-08-2025,"Hi flipkart user, thank you so much for your feedback. we are glad that you are enjoying flipkart and we look forward to serving you again.",8.3,Flipkart
Sunil Kumar,Good,5,0,8.29,10-08-2025,"Hi flipkart user, thank you so much for your feedback. we are glad that you are enjoying flipkart and we look forward to serving you again.",8.29,Flipkart
Natha Chalwania,Nice job,5,0,8.3,10-08-2025,"Hi flipkart user, thank you so much for your feedback. we are glad that you are enjoying flipkart and we look forward to serving you again.",8.3,Flipkart
Balaji Balu,Good,5,0,8.29,10-08-2025,"Hi flipkart user, thank you so much for your feedback. we are glad that you are enjoying flipkart and we look forward to serving you again.",8.29,Flipkart
chinna jagatha,Nice,5,0,8.29,10-08-2025,"Hi flipkart user, thank you so much for your feedback. we are glad that you are enjoying flipkart and we look forward to serving you again.",8.29,Flipkart
Magimai Nathan,Good,1,0,8.28,10-08-2025,"Hi flipkart user, thank you for your kind words! would you also like to give us more stars? 5 stars - very good, 4 stars- good, 3 stars - okay, 2 stars - bad, 1 star- very bad",8.28,Flipkart
Chigan Kawer,Nice,5,0,8.29,10-08-2025,"Hi flipkart user, thank you so much for your feedback. we are glad that you are enjoying flipkart and we look forward to serving you again.",8.29,Flipkart
Fatema Kubra,Good product,5,0,8.29,10-08-2025,"Hi flipkart user, thank you so much for your feedback. we are glad that you are enjoying flipkart and we look forward to serving you again.",8.29,Flipkart
Gapinath Bhatra,Wow www,4,0,8.29,10-08-2025,"Hi flipkart user, thank you so much for your feedback. we are glad that you are enjoying flipkart and we look forward to serving you again.",8.29,Flipkart
Vipin Varma ji,Good,5,0,8.29,10-08-2025,"Hi flipkart user, thank you so much for your feedback. we are glad that you are enjoying flipkart and we look forward to serving you again.",8.29,Flipkart
Parlad Kumar,Good platform,5,0,8.29,10-08-2025,"Hi flipkart user, thank you so much for your feedback. we are glad that you are enjoying flipkart and we look forward to serving you again.",8.29,Flipkart
Anjana Sen,Good,5,0,Unkown,10-08-2025,"Hi flipkart user, thank you so much for your feedback. we are glad that you are enjoying flipkart and we look forward to serving you again.",Unknown,Flipkart
swapnil salunkhe,Good,4,0,8.29,10-08-2025,"Hi flipkart user, thank you so much for your feedback. we are glad that you are enjoying flipkart and we look forward to serving you again.",8.29,Flipkart
Harsha Vardhan reddy,Good,5,0,8.29,10-08-2025,"Hi flipkart user, thank you so much for your feedback. we are glad that you are enjoying flipkart and we look forward to serving you again.",8.29,Flipkart
Modi Singh,Sab se best aap hai flipkart,5,0,Unkown,10-08-2025,"Hi flipkart user, thank you so much for your feedback. we are glad that you are enjoying flipkart and we look forward to serving you again.",Unknown,Flipkart
gowrisankar regu,Good,4,0,8.29,10-08-2025,"Hi flipkart user, thank you so much for your feedback. we are glad that you are enjoying flipkart and we look forward to serving you again.",8.29,Flipkart
SK MSVL,"I'm very sorry to say that i feel that it's time to start 'boycott flipkart', showing instant cashback offers but not applicable on upi platforms, every time asking for an extra platform fee, handling charges, but beyond this if you cancel any order the platform fee is not refundable? i have been a plus user for the past 8 years i have faced these types of minus situations.",1,0,Unkown,10-08-2025,No Reply,Unknown,Flipkart
Palanikumar 3453,Super flipkart thanks,5,0,8.29,10-08-2025,"Hi flipkart user, thank you so much for your feedback. we are glad that you are enjoying flipkart and we look forward to serving you again.",8.29,Flipkart
bhaskar vijay,Good,5,0,8.3,10-08-2025,"Hi flipkart user, thank you so much for your feedback. we are glad that you are enjoying flipkart and we look forward to serving you again.",8.3,Flipkart
Vrushali Wankhade,Nice,5,0,8.26,10-08-2025,"Hi flipkart user, thank you so much for your feedback. we are glad that you are enjoying flipkart and we look forward to serving you again.",8.26,Flipkart
Samay Hansda,Good,1,0,8.29,10-08-2025,"Hi flipkart user, thank you for your kind words! would you also like to give us more stars? 5 stars - very good, 4 stars- good, 3 stars - okay, 2 stars - bad, 1 star- very bad",8.29,Flipkart
Sana Firdous,Trustable application,3,0,8.29,10-08-2025,No Reply,8.29,Flipkart
Deva Nathane,Good,5,0,8.29,10-08-2025,"Hi flipkart user, thank you so much for your feedback. we are glad that you are enjoying flipkart and we look forward to serving you again.",8.29,Flipkart
Rohan Chauhan,These people never deliver on their mentioned date even their customer support is of no use useless app worst user experience,1,0,8.29,10-08-2025,No Reply,8.29,Flipkart
Anjani Tiwari,Good app,5,0,8.3,10-08-2025,"Hi flipkart user, thank you so much for your feedback. we are glad that you are enjoying flipkart and we look forward to serving you again.",8.3,Flipkart
nikka Singh,Excellent service,5,0,8.29,10-08-2025,"Hi flipkart user, thank you so much for your feedback. we are glad that you are enjoying flipkart and we look forward to serving you again.",8.29,Flipkart
Shani Yadav,Very good,5,0,8.29,10-08-2025,"Hi flipkart user, thank you so much for your feedback. we are glad that you are enjoying flipkart and we look forward to serving you again.",8.29,Flipkart
Prathamsinh Rajparmar,Good service,4,0,8.29,10-08-2025,"Hi flipkart user, thank you so much for your feedback. we are glad that you are enjoying flipkart and we look forward to serving you again.",8.29,Flipkart
Pardum Yadav,Good,1,0,8.15,10-08-2025,"Hi flipkart user, thank you for your kind words! would you also like to give us more stars? 5 stars - very good, 4 stars- good, 3 stars - okay, 2 stars - bad, 1 star- very bad",8.15,Flipkart
Samaresh Dhar,Very bad service,1,0,8.29,10-08-2025,No Reply,8.29,Flipkart
Di ba kar,Time se delivery nahin deta hai,1,0,8.2,10-08-2025,"Hi flipkart user, we are sorry about your bad experience with us. please get in touch with us at www.flipkart.com/helpcentre to assist you. thanks for your patience!",8.2,Flipkart
ARUL MANI,Good app it's very useful,5,0,8.29,10-08-2025,"Hi flipkart user, thank you so much for your feedback. we are glad that you are enjoying flipkart and we look forward to serving you again.",8.29,Flipkart
Jay Anshika,Good,4,0,8.29,10-08-2025,"Hi flipkart user, thank you so much for your feedback. we are glad that you are enjoying flipkart and we look forward to serving you again.",8.29,Flipkart
Subhash Prasad,Good,5,0,8.22,10-08-2025,"Hi flipkart user, thank you so much for your feedback. we are glad that you are enjoying flipkart and we look forward to serving you again.",8.22,Flipkart
Sk Aleem,Nice,5,0,8.29,10-08-2025,"Hi flipkart user, thank you so much for your feedback. we are glad that you are enjoying flipkart and we look forward to serving you again.",8.29,Flipkart
Dilwar Hossain,Good flipkart,5,0,8.3,10-08-2025,"Hi flipkart user, thank you so much for your feedback. we are glad that you are enjoying flipkart and we look forward to serving you again.",8.3,Flipkart
Sandeep Kumar,नाइस,5,0,8.3,10-08-2025,"Hi flipkart user, thank you so much for your feedback. we are glad that you are enjoying flipkart and we look forward to serving you again.",8.3,Flipkart
Lyra Boy,Affordable price,5,0,8.3,10-08-2025,"Hi flipkart user, thank you so much for your feedback. we are glad that you are enjoying flipkart and we look forward to serving you again.",8.3,Flipkart
Harshitarathod Rathodharshita,Good aap working,5,0,Unkown,10-08-2025,"Hi flipkart user, thank you so much for your feedback. we are glad that you are enjoying flipkart and we look forward to serving you again.",Unknown,Flipkart
Bhinda Thaper,Good,5,0,8.29,10-08-2025,"Hi flipkart user, thank you so much for your feedback. we are glad that you are enjoying flipkart and we look forward to serving you again.",8.29,Flipkart
Mohsin Mondal,Nice,5,0,8.27,10-08-2025,"Hi flipkart user, thank you so much for your feedback. we are glad that you are enjoying flipkart and we look forward to serving you again.",8.27,Flipkart
santanu Mondal,Akbare faltu service (howrah),1,0,8.29,10-08-2025,No Reply,8.29,Flipkart
Daniel Victor,Nice thanks,5,0,8.3,10-08-2025,"Hi flipkart user, thank you so much for your feedback. we are glad that you are enjoying flipkart and we look forward to serving you again.",8.3,Flipkart
PRADEEP KUNJAM,Very nice good product,5,0,8.29,10-08-2025,"Hi flipkart user, thank you so much for your feedback. we are glad that you are enjoying flipkart and we look forward to serving you again.",8.29,Flipkart
Atul Kapare,Good service,5,0,8.29,10-08-2025,"Hi flipkart user, thank you so much for your feedback. we are glad that you are enjoying flipkart and we look forward to serving you again.",8.29,Flipkart
L.k Phangkhuhring,Very good,4,0,8.29,10-08-2025,"Hi flipkart user, thank you so much for your feedback. we are glad that you are enjoying flipkart and we look forward to serving you again.",8.29,Flipkart
Naresh Doosa,"Worst service from flipkart, don't use this app and don't waste your time. fake offers and fake sales. worst customer support. and flipkart ui is also the worst.",1,0,8.29,10-08-2025,No Reply,8.29,Flipkart
Pinku Singh,Outstanding,5,0,7.61,10-08-2025,"Hi flipkart user, thank you so much for your feedback. we are glad that you are enjoying flipkart and we look forward to serving you again.",7.61,Flipkart
Mahammad Ibrahim,Meri order kyon nahin ho raha hai meri paise ghar mein dunga please order confirm kar lo,5,0,Unkown,10-08-2025,"Hi flipkart user, thank you so much for your feedback. we are glad that you are enjoying flipkart and we look forward to serving you again.",Unknown,Flipkart
Suresh Kodate,"Excellent e-commerce platform ""the flipkart""",5,0,8.29,10-08-2025,"Hi flipkart user, thank you so much for your feedback. we are glad that you are enjoying flipkart and we look forward to serving you again.",8.29,Flipkart
M samalarao M samalaro M samalarao M samalarao,Super,5,0,8.29,10-08-2025,"Hi flipkart user, thank you so much for your feedback. we are glad that you are enjoying flipkart and we look forward to serving you again.",8.29,Flipkart
Ayishath Sitika,Super,5,0,8.3,10-08-2025,"Hi flipkart user, thank you so much for your feedback. we are glad that you are enjoying flipkart and we look forward to serving you again.",8.3,Flipkart
Subramanyam Kunchala,Good product,5,0,8.29,10-08-2025,"Hi flipkart user, thank you so much for your feedback. we are glad that you are enjoying flipkart and we look forward to serving you again.",8.29,Flipkart
Laxmi Verma,Good,5,0,8.29,10-08-2025,"Hi flipkart user, thank you so much for your feedback. we are glad that you are enjoying flipkart and we look forward to serving you again.",8.29,Flipkart
Viji Vicky,Super,5,0,8.3,10-08-2025,"Hi flipkart user, thank you so much for your feedback. we are glad that you are enjoying flipkart and we look forward to serving you again.",8.3,Flipkart
Yashu Yashavanth,Ok,2,0,8.29,10-08-2025,"Hi flipkart user, thank you for your kind words! would you also like to give us more stars? 5 stars - very good, 4 stars- good, 3 stars - okay, 2 stars - bad, 1 star- very bad",8.29,Flipkart
rahul kewat,Thank you,5,0,8.28,10-08-2025,"Hi flipkart user, thank you so much for your feedback. we are glad that you are enjoying flipkart and we look forward to serving you again.",8.28,Flipkart
Manju Sreejith,Good,5,0,8.3,10-08-2025,"Hi flipkart user, thank you so much for your feedback. we are glad that you are enjoying flipkart and we look forward to serving you again.",8.3,Flipkart
Abi Naya,Super,5,0,8.29,10-08-2025,"Hi flipkart user, thank you so much for your feedback. we are glad that you are enjoying flipkart and we look forward to serving you again.",8.29,Flipkart
Jatin Kandola,Fake promises low quality products,1,0,8.18,10-08-2025,"Hi flipkart user, we are sorry about your bad experience with us. please get in touch with us at www.flipkart.com/helpcentre to assist you. thanks for your patience!",8.18,Flipkart
Momin Tausif,Best app,5,0,8.29,10-08-2025,"Hi flipkart user, thank you so much for your feedback. we are glad that you are enjoying flipkart and we look forward to serving you again.",8.29,Flipkart
ALBIN KK,Good,4,0,8.29,10-08-2025,"Hi flipkart user, thank you so much for your feedback. we are glad that you are enjoying flipkart and we look forward to serving you again.",8.29,Flipkart
Aman Kumar,Good app,2,0,8.3,10-08-2025,"Hi flipkart user, thank you for your kind words! would you also like to give us more stars? 5 stars - very good, 4 stars- good, 3 stars - okay, 2 stars - bad, 1 star- very bad",8.3,Flipkart
Durgesh Jaiswal,Nice app,4,0,8.29,10-08-2025,"Hi flipkart user, thank you so much for your feedback. we are glad that you are enjoying flipkart and we look forward to serving you again.",8.29,Flipkart
Bibhuti bhusan Khilar,Do not supported customer service is very bad,1,0,8.29,10-08-2025,No Reply,8.29,Flipkart
Sania Siddiki,Best very good,5,0,8.28,10-08-2025,"Hi flipkart user, thank you so much for your feedback. we are glad that you are enjoying flipkart and we look forward to serving you again.",8.28,Flipkart
Rohit Solanki,Refund not received,1,0,8.29,10-08-2025,No Reply,8.29,Flipkart
SREENIVASAN KUNNAMBATH,Very good service,5,0,8.24,10-08-2025,"Hi flipkart user, thank you so much for your feedback. we are glad that you are enjoying flipkart and we look forward to serving you again.",8.24,Flipkart
Nilu Kotak,Excellent,4,0,8.29,10-08-2025,"Hi flipkart user, thank you so much for your feedback. we are glad that you are enjoying flipkart and we look forward to serving you again.",8.29,Flipkart
Rakesh Ff,Nice,1,0,8.29,10-08-2025,"Hi flipkart user, thank you for your kind words! would you also like to give us more stars? 5 stars - very good, 4 stars- good, 3 stars - okay, 2 stars - bad, 1 star- very bad",8.29,Flipkart
kumar naveen,Good,5,0,Unkown,10-08-2025,"Hi flipkart user, thank you so much for your feedback. we are glad that you are enjoying flipkart and we look forward to serving you again.",Unknown,Flipkart
Binod Thapa,This is nice bed set i am alredy by for bed set,5,0,8.29,10-08-2025,"Hi flipkart user, thank you so much for your feedback. we are glad that you are enjoying flipkart and we look forward to serving you again.",8.29,Flipkart
srinivasulu reddy govindu,"This app is getting worse every day. i have tried multiple times to reach their customer service due to multiple issues, but they cannot register a single complaint.",1,0,8.29,10-08-2025,No Reply,8.29,Flipkart
Ashish Panwar,Great shopping app,5,0,8.3,10-08-2025,"Hi flipkart user, thank you so much for your feedback. we are glad that you are enjoying flipkart and we look forward to serving you again.",8.3,Flipkart
Santosh Das,Good,5,0,8.15,10-08-2025,"Hi flipkart user, thank you so much for your feedback. we are glad that you are enjoying flipkart and we look forward to serving you again.",8.15,Flipkart
Ranjit Kumar,Good,3,0,8.29,10-08-2025,"Thanks for the love, ranjit! if you’re happy with everything, a 5-star rating would mean the world to us!",8.29,Flipkart
Vasanthy Chander,"Waste app. the products are not delivering at the said timings, customer service is totally waste .. not solving our problems",1,0,8.29,10-08-2025,No Reply,8.29,Flipkart
Arjun Kumar,Nice,5,0,8.29,10-08-2025,"Hi flipkart user, thank you so much for your feedback. we are glad that you are enjoying flipkart and we look forward to serving you again.",8.29,Flipkart
Archana Rajbhar,Ok,5,0,8.29,10-08-2025,"Hi flipkart user, thank you so much for your feedback. we are glad that you are enjoying flipkart and we look forward to serving you again.",8.29,Flipkart
Ukani Dipak,Ok,5,0,8.29,10-08-2025,"Hi flipkart user, thank you so much for your feedback. we are glad that you are enjoying flipkart and we look forward to serving you again.",8.29,Flipkart
Abdul ohid Mondal,Thank you,5,0,8.3,10-08-2025,"Hi flipkart user, thank you so much for your feedback. we are glad that you are enjoying flipkart and we look forward to serving you again.",8.3,Flipkart
PRATYUSHA PHONDEKAR,Good,5,0,8.3,10-08-2025,"Hi flipkart user, thank you so much for your feedback. we are glad that you are enjoying flipkart and we look forward to serving you again.",8.3,Flipkart
pratik Gangani,Nice,5,0,8.29,10-08-2025,"Hi flipkart user, thank you so much for your feedback. we are glad that you are enjoying flipkart and we look forward to serving you again.",8.29,Flipkart
Pearl,Best website,5,0,8.29,10-08-2025,"Hi flipkart user, thank you so much for your feedback. we are glad that you are enjoying flipkart and we look forward to serving you again.",8.29,Flipkart
Priom Barman,Very nice,5,0,8.29,10-08-2025,"Hi flipkart user, thank you so much for your feedback. we are glad that you are enjoying flipkart and we look forward to serving you again.",8.29,Flipkart
pRaNaV,So seamless.,5,0,8.13,10-08-2025,"Hi flipkart user, thank you so much for your feedback. we are glad that you are enjoying flipkart and we look forward to serving you again.",8.13,Flipkart
Kanchan kk,Nice,5,0,8.29,10-08-2025,"Hi flipkart user, thank you so much for your feedback. we are glad that you are enjoying flipkart and we look forward to serving you again.",8.29,Flipkart
Riteeka Singh,Very good,5,0,8.3,10-08-2025,"Hi flipkart user, thank you so much for your feedback. we are glad that you are enjoying flipkart and we look forward to serving you again.",8.3,Flipkart
Ashwin S,Supper app price very good,5,0,8.29,10-08-2025,"Hi flipkart user, thank you so much for your feedback. we are glad that you are enjoying flipkart and we look forward to serving you again.",8.29,Flipkart
Satish Kumar,Best,2,0,8.16,10-08-2025,"Hi flipkart user, thank you for your kind words! would you also like to give us more stars? 5 stars - very good, 4 stars- good, 3 stars - okay, 2 stars - bad, 1 star- very bad",8.16,Flipkart
Nageshwar Patel,"Worst customer service, it's customer care only interested in saying sorry than doing any good. amazon is thousand times better than it , only use when it's cheap to use",1,0,8.3,10-08-2025,No Reply,8.3,Flipkart
Rajput Mohan,Nice,5,0,8.28,10-08-2025,"Hi flipkart user, thank you so much for your feedback. we are glad that you are enjoying flipkart and we look forward to serving you again.",8.28,Flipkart
Md Safi,Nice app,5,0,8.29,10-08-2025,"Hi flipkart user, thank you so much for your feedback. we are glad that you are enjoying flipkart and we look forward to serving you again.",8.29,Flipkart
Aayushi Patil,Very good,3,0,8.27,10-08-2025,"Thanks so much for the awesome feedback, aayushi! if you think we deserve a higher rating, we'd love for you to update it to a 4 or 5 star when you get a chance!",8.27,Flipkart
Ak Hussain,Nice,5,0,8.3,10-08-2025,"Hi flipkart user, thank you so much for your feedback. we are glad that you are enjoying flipkart and we look forward to serving you again.",8.3,Flipkart
Satendragangwar Satendra gangwar,Ok,3,0,8.29,10-08-2025,No Reply,8.29,Flipkart
Satish Musale,Nice,5,0,Unkown,10-08-2025,"Hi flipkart user, thank you so much for your feedback. we are glad that you are enjoying flipkart and we look forward to serving you again.",Unknown,Flipkart
Manas Dutta,"Unnecessary charges, like platform fees, handling cost.",1,0,8.17,10-08-2025,No Reply,8.17,Flipkart
Ajith Kumar,Great,5,0,8.22,10-08-2025,"Hi flipkart user, thank you so much for your feedback. we are glad that you are enjoying flipkart and we look forward to serving you again.",8.22,Flipkart
shakti singh,Ok,4,0,8.26,10-08-2025,"Hi flipkart user, thank you so much for your feedback. we are glad that you are enjoying flipkart and we look forward to serving you again.",8.26,Flipkart
Rama devi,Yes it good app for all products for buying,5,0,8.3,10-08-2025,"Hi flipkart user, thank you so much for your feedback. we are glad that you are enjoying flipkart and we look forward to serving you again.",8.3,Flipkart
Tawfeeq Raina,Best app,1,0,8.29,10-08-2025,"Hi flipkart user, thank you for your kind words! would you also like to give us more stars? 5 stars - very good, 4 stars- good, 3 stars - okay, 2 stars - bad, 1 star- very bad",8.29,Flipkart
Satyam srivastav,"Nowadays flipkart has become swiggy zomato. they are charging on every product,like -packing charges, secure packing charges and now platform fees and now a new thing has come, handling fee. now i would prefer to buy the product from the market rather than paying such high charges on it.",1,0,8.29,10-08-2025,No Reply,8.29,Flipkart
Anbu Anbu,Good,5,0,8.29,10-08-2025,"Hi flipkart user, thank you so much for your feedback. we are glad that you are enjoying flipkart and we look forward to serving you again.",8.29,Flipkart
Madhvi Patsariya,I have order grocery items 8 august but 9 .10.11.12 days not deleverd yet very poor services by flipkart,1,0,8.13,10-08-2025,"Hi flipkart user, we are sorry about your bad experience with us. please get in touch with us at www.flipkart.com/helpcentre to assist you. thanks for your patience!",8.13,Flipkart
rajeshwari Maisa,Nice,3,0,8.27,10-08-2025,"Thanks for the love, rajeshwari! if you’re happy with everything, a 5-star rating would mean the world to us!",8.27,Flipkart
Firdosh Bano,Good service,4,0,Unkown,10-08-2025,"Hi flipkart user, thank you so much for your feedback. we are glad that you are enjoying flipkart and we look forward to serving you again.",Unknown,Flipkart
Kartik Majhi,Aabe tum logon ke pass wohi 2019 20 ka hi saman pada huaa hai kuch naya laoo naa bee,1,0,8.29,10-08-2025,No Reply,8.29,Flipkart
Lovelesh Sharma,Nice,2,0,8.28,10-08-2025,"Hi flipkart user, thank you for your kind words! would you also like to give us more stars? 5 stars - very good, 4 stars- good, 3 stars - okay, 2 stars - bad, 1 star- very bad",8.28,Flipkart
SUBEESH CM,Good,5,0,8.29,10-08-2025,"Hi flipkart user, thank you so much for your feedback. we are glad that you are enjoying flipkart and we look forward to serving you again.",8.29,Flipkart
Ajay Singh,Nice best app,5,0,8.26,10-08-2025,"Hi flipkart user, thank you so much for your feedback. we are glad that you are enjoying flipkart and we look forward to serving you again.",8.26,Flipkart
Navyanavvu,Best app,5,0,8.27,10-08-2025,"Hi flipkart user, thank you so much for your feedback. we are glad that you are enjoying flipkart and we look forward to serving you again.",8.27,Flipkart
Rajib Patra,Good,5,0,Unkown,10-08-2025,"Hi flipkart user, thank you so much for your feedback. we are glad that you are enjoying flipkart and we look forward to serving you again.",Unknown,Flipkart
Babulal,Super,5,0,8.29,10-08-2025,"Hi flipkart user, thank you so much for your feedback. we are glad that you are enjoying flipkart and we look forward to serving you again.",8.29,Flipkart
ABILASH J,Good,5,0,8.29,10-08-2025,"Hi flipkart user, thank you so much for your feedback. we are glad that you are enjoying flipkart and we look forward to serving you again.",8.29,Flipkart
sunil kumar,Super,5,0,8.23,10-08-2025,"Hi flipkart user, thank you so much for your feedback. we are glad that you are enjoying flipkart and we look forward to serving you again.",8.23,Flipkart
Sagar MI,Bakwas experience... america bharat pe tarif lagayega to uninstall hi karenge...,1,0,8.29,10-08-2025,No Reply,8.29,Flipkart
ashok kumar,Good,5,0,8.28,10-08-2025,"Hi flipkart user, thank you so much for your feedback. we are glad that you are enjoying flipkart and we look forward to serving you again.",8.28,Flipkart
Md samiullah Ansari,Amazing,5,0,7.44,10-08-2025,"Hi flipkart user, thank you so much for your feedback. we are glad that you are enjoying flipkart and we look forward to serving you again.",7.44,Flipkart
apurba mahato,Good,5,0,8.3,10-08-2025,"Hi flipkart user, thank you so much for your feedback. we are glad that you are enjoying flipkart and we look forward to serving you again.",8.3,Flipkart
JAI__ MAHAKAL,nan,2,0,8.28,10-08-2025,No Reply,8.28,Flipkart
Rishi Pandey,Good,5,0,8.27,10-08-2025,"Hi flipkart user, thank you so much for your feedback. we are glad that you are enjoying flipkart and we look forward to serving you again.",8.27,Flipkart
Chhabi Das,Good,4,0,8.29,10-08-2025,"Hi flipkart user, thank you so much for your feedback. we are glad that you are enjoying flipkart and we look forward to serving you again.",8.29,Flipkart
Gulab Mewada,Good very,5,0,8.3,10-08-2025,"Hi flipkart user, thank you so much for your feedback. we are glad that you are enjoying flipkart and we look forward to serving you again.",8.3,Flipkart
Pawan kalyan,Super,3,0,8.3,10-08-2025,"Thanks so much for the awesome feedback, pawan! if you think we deserve a higher rating, we'd love for you to update it to a 4 or 5 star when you get a chance!",8.3,Flipkart
mortuja mallick,Good,5,0,8.24,10-08-2025,"Hi flipkart user, thank you so much for your feedback. we are glad that you are enjoying flipkart and we look forward to serving you again.",8.24,Flipkart
Chinmaya Pahan,So nicee app,5,0,8.26,10-08-2025,"Hi flipkart user, thank you so much for your feedback. we are glad that you are enjoying flipkart and we look forward to serving you again.",8.26,Flipkart
PERWEZ ALAM,Good,1,0,8.29,10-08-2025,"Hi flipkart user, thank you for your kind words! would you also like to give us more stars? 5 stars - very good, 4 stars- good, 3 stars - okay, 2 stars - bad, 1 star- very bad",8.29,Flipkart
Anjitha S,Good,5,0,8.29,10-08-2025,"Hi flipkart user, thank you so much for your feedback. we are glad that you are enjoying flipkart and we look forward to serving you again.",8.29,Flipkart
Gulshan Thakur,Ok,5,0,8.29,10-08-2025,"Hi flipkart user, thank you so much for your feedback. we are glad that you are enjoying flipkart and we look forward to serving you again.",8.29,Flipkart
Sagar Shiyale,Best app,5,0,8.29,10-08-2025,"Hi flipkart user, thank you so much for your feedback. we are glad that you are enjoying flipkart and we look forward to serving you again.",8.29,Flipkart
Mohammad Ekram,So useful app,5,0,8.29,10-08-2025,"Hi flipkart user, thank you so much for your feedback. we are glad that you are enjoying flipkart and we look forward to serving you again.",8.29,Flipkart
srinivash Srine,I love flipkart,5,0,8.29,10-08-2025,"Hi flipkart user, thank you so much for your feedback. we are glad that you are enjoying flipkart and we look forward to serving you again.",8.29,Flipkart
Gopal panwar,Good,5,0,8.29,10-08-2025,"Hi flipkart user, thank you so much for your feedback. we are glad that you are enjoying flipkart and we look forward to serving you again.",8.29,Flipkart
Bablu Yadav,Nice,5,0,8.29,10-08-2025,"Hi flipkart user, thank you so much for your feedback. we are glad that you are enjoying flipkart and we look forward to serving you again.",8.29,Flipkart
Abinash Er,Nice,5,0,8.15,10-08-2025,"Hi flipkart user, thank you so much for your feedback. we are glad that you are enjoying flipkart and we look forward to serving you again.",8.15,Flipkart
GAMER TECNOLOGY,"I never buy on flipkart, delivery is so delay",1,0,8.29,10-08-2025,"Hi flipkart user, we are sorry about your bad experience with us. please get in touch with us at www.flipkart.com/helpcentre to assist you. thanks for your patience!",8.29,Flipkart
March King,Good,5,0,8.25,10-08-2025,"Hi flipkart user, thank you so much for your feedback. we are glad that you are enjoying flipkart and we look forward to serving you again.",8.25,Flipkart
MANISHA YADAV,Good,5,0,8.29,10-08-2025,"Hi flipkart user, thank you so much for your feedback. we are glad that you are enjoying flipkart and we look forward to serving you again.",8.29,Flipkart
Monu Kumar,Nice,5,0,8.29,10-08-2025,"Hi flipkart user, thank you so much for your feedback. we are glad that you are enjoying flipkart and we look forward to serving you again.",8.29,Flipkart
Bachelor of Law LLB,Thank you for the flipkart discount,5,0,8.29,10-08-2025,"Hi flipkart user, thank you so much for your feedback. we are glad that you are enjoying flipkart and we look forward to serving you again.",8.29,Flipkart
Anu Singh,Fruad,1,0,Unkown,10-08-2025,No Reply,Unknown,Flipkart
MD Israfil Israfil,"Nice ,,igkuvkl",4,0,8.29,10-08-2025,"Hi flipkart user, thank you so much for your feedback. we are glad that you are enjoying flipkart and we look forward to serving you again.",8.29,Flipkart
Sorang dadung Official,Fast delivery,5,0,8.29,10-08-2025,"Hi flipkart user, thank you so much for your feedback. we are glad that you are enjoying flipkart and we look forward to serving you again.",8.29,Flipkart
Rehan Khan,So very nice collection,5,0,8.14,10-08-2025,"Hi flipkart user, thank you so much for your feedback. we are glad that you are enjoying flipkart and we look forward to serving you again.",8.14,Flipkart
Rahul Singh,गुड,4,0,8.29,10-08-2025,"Hi flipkart user, thank you so much for your feedback. we are glad that you are enjoying flipkart and we look forward to serving you again.",8.29,Flipkart
HARIOM VISHWAKARMA,Better,5,0,8.29,10-08-2025,"Hi flipkart user, thank you so much for your feedback. we are glad that you are enjoying flipkart and we look forward to serving you again.",8.29,Flipkart
AsfiyaKhan,Good,3,0,8.29,10-08-2025,"Thanks for the love, asfiya! if you’re happy with everything, a 5-star rating would mean the world to us!",8.29,Flipkart
Guddu Alam,One of the best setup,5,0,8.27,10-08-2025,"Hi flipkart user, thank you so much for your feedback. we are glad that you are enjoying flipkart and we look forward to serving you again.",8.27,Flipkart
Firoj Khan,Very nice,1,0,Unkown,10-08-2025,"Hi flipkart user, thank you for your kind words! would you also like to give us more stars? 5 stars - very good, 4 stars- good, 3 stars - okay, 2 stars - bad, 1 star- very bad",Unknown,Flipkart
satvinder singh,"Worst app, worst customer support. no resolution even they know everything",1,0,8.29,10-08-2025,No Reply,8.29,Flipkart
Shaik Nasar,nice,3,0,8.29,10-08-2025,"Thanks so much for the awesome feedback, nasar! if you think we deserve a higher rating, we'd love for you to update it to a 4 or 5 star when you get a chance!",8.29,Flipkart
Shyam Magar,Super,3,0,Unkown,10-08-2025,"Thanks for the love, shyam! if you’re happy with everything, a 5-star rating would mean the world to us!",Unknown,Flipkart
ratan singh Rajput,Acha,5,0,8.29,10-08-2025,"Hi flipkart user, thank you so much for your feedback. we are glad that you are enjoying flipkart and we look forward to serving you again.",8.29,Flipkart
Subramani Karunakaran,Good,5,0,8.29,10-08-2025,"Hi flipkart user, thank you so much for your feedback. we are glad that you are enjoying flipkart and we look forward to serving you again.",8.29,Flipkart
Ranga chinnu,Nice,5,0,8.29,10-08-2025,"Hi flipkart user, thank you so much for your feedback. we are glad that you are enjoying flipkart and we look forward to serving you again.",8.29,Flipkart
Ejaz Ladu,Good experience!,5,0,8.28,10-08-2025,"Hi flipkart user, thank you so much for your feedback. we are glad that you are enjoying flipkart and we look forward to serving you again.",8.28,Flipkart
Sima Khan,Good,5,0,8.29,10-08-2025,"Hi flipkart user, thank you so much for your feedback. we are glad that you are enjoying flipkart and we look forward to serving you again.",8.29,Flipkart
Vinu Joe,Great app,5,0,8.27,10-08-2025,"Hi flipkart user, thank you so much for your feedback. we are glad that you are enjoying flipkart and we look forward to serving you again.",8.27,Flipkart
RASHMI SHARMA,They want ₹759 in advance when we order my delivery in cash on delivery and why they are wanting this no reason what is this i frustrated by this.,1,0,8.29,10-08-2025,No Reply,8.29,Flipkart
Ullash Khemundu,Very good,1,0,8.25,10-08-2025,"Hi flipkart user, thank you for your kind words! would you also like to give us more stars? 5 stars - very good, 4 stars- good, 3 stars - okay, 2 stars - bad, 1 star- very bad",8.25,Flipkart
PRASATH S P,Good,4,0,8.27,10-08-2025,"Hi flipkart user, thank you so much for your feedback. we are glad that you are enjoying flipkart and we look forward to serving you again.",8.27,Flipkart
Rahul Kon,Good product all,4,0,8.25,10-08-2025,"Hi flipkart user, thank you so much for your feedback. we are glad that you are enjoying flipkart and we look forward to serving you again.",8.25,Flipkart
Abhishek Kumar,Badhiya product,5,0,8.29,10-08-2025,"Hi flipkart user, thank you so much for your feedback. we are glad that you are enjoying flipkart and we look forward to serving you again.",8.29,Flipkart
Himamruth V,Good,5,0,8.3,10-08-2025,"Hi flipkart user, thank you so much for your feedback. we are glad that you are enjoying flipkart and we look forward to serving you again.",8.3,Flipkart
Lalan Kumar,nan,5,0,8.29,10-08-2025,"Hi flipkart user, thank you so much for your feedback. we are glad that you are enjoying flipkart and we look forward to serving you again.",8.29,Flipkart
love music,"I placed a grocery order on aug 4 and paid 2,417 rupees on the same day. it's been over a week, and delivery is still pending with no update. these are essential items, and i can’t wait any longer. i’ve contacted customer care twice and was told the cancel option would appear soon, but it hasn’t. there's still no way to cancel on the website. this is unacceptable. i no longer wish to wait—i want the order cancelled and a full refund issued immediately.",1,33,8.29,10-08-2025,No Reply,8.29,Flipkart
Farmina Khatun,Waoo,3,0,8.4,10-08-2025,"Thanks so much for the awesome feedback, farmina! if you think we deserve a higher rating, we'd love for you to update it to a 4 or 5 star when you get a chance!",8.4,Flipkart
Roshan Kumar,Good,5,0,8.29,10-08-2025,"Hi flipkart user, thank you so much for your feedback. we are glad that you are enjoying flipkart and we look forward to serving you again.",8.29,Flipkart
Shreehari Taluri,Good,5,0,8.27,10-08-2025,"Hi flipkart user, thank you so much for your feedback. we are glad that you are enjoying flipkart and we look forward to serving you again.",8.27,Flipkart
devansh tripathi,Nice quality,5,0,8.3,10-08-2025,"Hi flipkart user, thank you so much for your feedback. we are glad that you are enjoying flipkart and we look forward to serving you again.",8.3,Flipkart
Sumala Gowri,Prefect,5,0,Unkown,10-08-2025,"Hi flipkart user, thank you so much for your feedback. we are glad that you are enjoying flipkart and we look forward to serving you again.",Unknown,Flipkart
Ankit Rathour,Good,5,0,Unkown,10-08-2025,"Hi flipkart user, thank you so much for your feedback. we are glad that you are enjoying flipkart and we look forward to serving you again.",Unknown,Flipkart
Harish Kumar,Good,5,0,Unkown,10-08-2025,"Hi flipkart user, thank you so much for your feedback. we are glad that you are enjoying flipkart and we look forward to serving you again.",Unknown,Flipkart
Rajkumar Shah,Good,1,0,8.29,10-08-2025,"Hi flipkart user, thank you for your kind words! would you also like to give us more stars? 5 stars - very good, 4 stars- good, 3 stars - okay, 2 stars - bad, 1 star- very bad",8.29,Flipkart
Raju mudhol,Super services,4,0,8.18,10-08-2025,"Hi flipkart user, thank you so much for your feedback. we are glad that you are enjoying flipkart and we look forward to serving you again.",8.18,Flipkart
Karthi Karthikeyan,Very good flipkart,5,0,Unkown,10-08-2025,"Hi flipkart user, thank you so much for your feedback. we are glad that you are enjoying flipkart and we look forward to serving you again.",Unknown,Flipkart
Parminder Singh,Good,5,0,8.3,10-08-2025,"Hi flipkart user, thank you so much for your feedback. we are glad that you are enjoying flipkart and we look forward to serving you again.",8.3,Flipkart
Adarsh Gupta,Ok,5,0,8.29,10-08-2025,"Hi flipkart user, thank you so much for your feedback. we are glad that you are enjoying flipkart and we look forward to serving you again.",8.29,Flipkart
sidharam yamaji,Supportive platform,5,0,Unkown,10-08-2025,"Hi flipkart user, thank you so much for your feedback. we are glad that you are enjoying flipkart and we look forward to serving you again.",Unknown,Flipkart
Ajay Singh,Good,5,0,8.26,10-08-2025,"Hi flipkart user, thank you so much for your feedback. we are glad that you are enjoying flipkart and we look forward to serving you again.",8.26,Flipkart
Ksrikanth Srikanth,Super,5,0,8.3,10-08-2025,"Hi flipkart user, thank you so much for your feedback. we are glad that you are enjoying flipkart and we look forward to serving you again.",8.3,Flipkart
Arif Ali,Amezing,5,0,8.3,10-08-2025,"Hi flipkart user, thank you so much for your feedback. we are glad that you are enjoying flipkart and we look forward to serving you again.",8.3,Flipkart
Rizwan Pathan,Suppar,2,0,8.29,10-08-2025,"Hi flipkart user, thank you for your kind words! would you also like to give us more stars? 5 stars - very good, 4 stars- good, 3 stars - okay, 2 stars - bad, 1 star- very bad",8.29,Flipkart
krushna gupta,Fine,3,0,8.29,10-08-2025,No Reply,8.29,Flipkart
Rohit Kumar,Good,5,0,8.29,10-08-2025,"Hi flipkart user, thank you so much for your feedback. we are glad that you are enjoying flipkart and we look forward to serving you again.",8.29,Flipkart
Kiran Gupta,nan,4,0,8.3,10-08-2025,"Hi flipkart user, thank you so much for your feedback. we are glad that you are enjoying flipkart and we look forward to serving you again.",8.3,Flipkart
Rajan Bhandari,Nice,3,0,8.29,10-08-2025,"Thanks for the love, rajan! if you’re happy with everything, a 5-star rating would mean the world to us!",8.29,Flipkart
Chandresh Pandey,Nice,1,0,8.17,10-08-2025,"Hi flipkart user, thank you for your kind words! would you also like to give us more stars? 5 stars - very good, 4 stars- good, 3 stars - okay, 2 stars - bad, 1 star- very bad",8.17,Flipkart
Vishnu Suman,Ok,5,0,8.29,10-08-2025,"Hi flipkart user, thank you so much for your feedback. we are glad that you are enjoying flipkart and we look forward to serving you again.",8.29,Flipkart
Anu Sree,I love everything about this app,5,0,8.29,10-08-2025,"Hi flipkart user, thank you so much for your feedback. we are glad that you are enjoying flipkart and we look forward to serving you again.",8.29,Flipkart
Ravenclaw,"I will have to say i will not order anything anymore from flipkart...they just have worst delivery service, ....deliver person cancel order by himself without even going to the adress, deliver are delayed to infinte ...and customer care team is useless because they can't do anything apart from talking and aap"" nishant rahae ma'am "". @support team @flipkart. you will loose all your customers like this .",1,0,Unkown,10-08-2025,No Reply,Unknown,Flipkart
Ram Prasad Chintapalli,Very good,5,0,8.29,10-08-2025,"Hi flipkart user, thank you so much for your feedback. we are glad that you are enjoying flipkart and we look forward to serving you again.",8.29,Flipkart
shivshankar kr yadav,Super,1,0,8.29,10-08-2025,"Hi flipkart user, thank you for your kind words! would you also like to give us more stars? 5 stars - very good, 4 stars- good, 3 stars - okay, 2 stars - bad, 1 star- very bad",8.29,Flipkart
Suresh Koppula,Nice,5,0,8.29,10-08-2025,"Hi flipkart user, thank you so much for your feedback. we are glad that you are enjoying flipkart and we look forward to serving you again.",8.29,Flipkart
NururJaman Sardar,Bhalo,5,0,8.29,10-08-2025,"Hi flipkart user, thank you so much for your feedback. we are glad that you are enjoying flipkart and we look forward to serving you again.",8.29,Flipkart
Ashwath Narayana,Superb,4,0,8.21,10-08-2025,"Hi flipkart user, thank you so much for your feedback. we are glad that you are enjoying flipkart and we look forward to serving you again.",8.21,Flipkart
Revathinithin Shetty,Good,3,0,8.29,10-08-2025,"Thanks so much for the awesome feedback, revathi! if you think we deserve a higher rating, we'd love for you to update it to a 4 or 5 star when you get a chance!",8.29,Flipkart
Debashis Bhokta,Nicee,4,0,8.29,10-08-2025,"Hi flipkart user, thank you so much for your feedback. we are glad that you are enjoying flipkart and we look forward to serving you again.",8.29,Flipkart
Sandeep Kumar,Nice,5,0,8.3,10-08-2025,"Hi flipkart user, thank you so much for your feedback. we are glad that you are enjoying flipkart and we look forward to serving you again.",8.3,Flipkart
Laxman Udagatti,Super,5,0,Unkown,10-08-2025,"Hi flipkart user, thank you so much for your feedback. we are glad that you are enjoying flipkart and we look forward to serving you again.",Unknown,Flipkart
Simon Das,Can't add address,1,0,8.3,10-08-2025,"Hi flipkart user, we sincerely apologize for the inconvenience. please share the details of your issue with app-feedback@flipkart.com for the team to quickly resolve it for you.",8.3,Flipkart
Omkar Shinde,Great,5,0,8.28,10-08-2025,"Hi flipkart user, thank you so much for your feedback. we are glad that you are enjoying flipkart and we look forward to serving you again.",8.28,Flipkart
white devel,Best products,5,0,8.29,10-08-2025,"Hi flipkart user, thank you so much for your feedback. we are glad that you are enjoying flipkart and we look forward to serving you again.",8.29,Flipkart
Taufeeq Ahmad1 4 3,Product use full,5,0,8.29,10-08-2025,"Hi flipkart user, thank you so much for your feedback. we are glad that you are enjoying flipkart and we look forward to serving you again.",8.29,Flipkart
Arjun Rathor,Nice,5,0,8.28,10-08-2025,"Hi flipkart user, thank you so much for your feedback. we are glad that you are enjoying flipkart and we look forward to serving you again.",8.28,Flipkart
Shahira Faisal,Good service and quality product,5,0,8.24,10-08-2025,"Hi flipkart user, thank you so much for your feedback. we are glad that you are enjoying flipkart and we look forward to serving you again.",8.24,Flipkart
Yogesh Thakor,Good service,5,0,8.29,10-08-2025,"Hi flipkart user, thank you so much for your feedback. we are glad that you are enjoying flipkart and we look forward to serving you again.",8.29,Flipkart
CHARAN SALIYAN,Super app,5,0,8.29,10-08-2025,"Hi flipkart user, thank you so much for your feedback. we are glad that you are enjoying flipkart and we look forward to serving you again.",8.29,Flipkart
Reddybasha Reddybasha,Good,5,0,8.28,10-08-2025,"Hi flipkart user, thank you so much for your feedback. we are glad that you are enjoying flipkart and we look forward to serving you again.",8.28,Flipkart
RAVI KANT VEER,Great,4,0,Unkown,10-08-2025,"Hi flipkart user, thank you so much for your feedback. we are glad that you are enjoying flipkart and we look forward to serving you again.",Unknown,Flipkart
ronak sahu A.V.m.nainwa Road,Good,5,0,8.29,10-08-2025,"Hi flipkart user, thank you so much for your feedback. we are glad that you are enjoying flipkart and we look forward to serving you again.",8.29,Flipkart
Guru ji fruit company,App is very good this help is help me flipkart ki vajay sa mare kam asan hogya .bhot bhadiya app hai .this app is my favourite. flipkart par ache price milta hai,5,0,8.3,10-08-2025,"Hi flipkart user, thank you so much for your feedback. we are glad that you are enjoying flipkart and we look forward to serving you again.",8.3,Flipkart
Shaikh Rafik,Ok,5,0,8.29,10-08-2025,"Hi flipkart user, thank you so much for your feedback. we are glad that you are enjoying flipkart and we look forward to serving you again.",8.29,Flipkart
Rahan Molla,Good,3,0,8.29,10-08-2025,"Thanks for the love, rahan! if you’re happy with everything, a 5-star rating would mean the world to us!",8.29,Flipkart
Saveaz Ansari,Best app,5,0,8.3,10-08-2025,"Hi flipkart user, thank you so much for your feedback. we are glad that you are enjoying flipkart and we look forward to serving you again.",8.3,Flipkart
Pavithra Sathish,Very good this,4,0,Unkown,10-08-2025,"Hi flipkart user, thank you so much for your feedback. we are glad that you are enjoying flipkart and we look forward to serving you again.",Unknown,Flipkart
Nasiruddin Mondal,Garet app,5,0,8.29,10-08-2025,"Hi flipkart user, thank you so much for your feedback. we are glad that you are enjoying flipkart and we look forward to serving you again.",8.29,Flipkart
Mudasir Ahmad,"Best shopping app,",5,0,8.29,10-08-2025,"Hi flipkart user, thank you so much for your feedback. we are glad that you are enjoying flipkart and we look forward to serving you again.",8.29,Flipkart
Balamurugan A,I love filpkart and all so my friends surkall in purchasing in filpkart. filpkart product and al so very good,5,0,8.29,10-08-2025,"Hi flipkart user, thank you so much for your feedback. we are glad that you are enjoying flipkart and we look forward to serving you again.",8.29,Flipkart
ANNAM'S,Good,4,0,8.29,10-08-2025,"Hi flipkart user, thank you so much for your feedback. we are glad that you are enjoying flipkart and we look forward to serving you again.",8.29,Flipkart
Manu Rwt,Osm,5,0,8.29,10-08-2025,"Hi flipkart user, thank you so much for your feedback. we are glad that you are enjoying flipkart and we look forward to serving you again.",8.29,Flipkart
afroz Khan,Nice,4,0,Unkown,10-08-2025,"Hi flipkart user, thank you so much for your feedback. we are glad that you are enjoying flipkart and we look forward to serving you again.",Unknown,Flipkart
ARUNRAJ N,Good supplyer,5,0,8.19,10-08-2025,"Hi flipkart user, thank you so much for your feedback. we are glad that you are enjoying flipkart and we look forward to serving you again.",8.19,Flipkart
Akim Molla,Nice,4,0,8.29,10-08-2025,"Hi flipkart user, thank you so much for your feedback. we are glad that you are enjoying flipkart and we look forward to serving you again.",8.29,Flipkart
Thangathorai 123,Good,5,0,8.29,10-08-2025,"Hi flipkart user, thank you so much for your feedback. we are glad that you are enjoying flipkart and we look forward to serving you again.",8.29,Flipkart
Anil Kumar Vlog,Late delivery,1,0,8.29,10-08-2025,"Hi flipkart user, we are sorry about your bad experience with us. please get in touch with us at www.flipkart.com/helpcentre to assist you. thanks for your patience!",8.29,Flipkart
Jeet Parmar,Good,5,0,8.29,10-08-2025,"Hi flipkart user, thank you so much for your feedback. we are glad that you are enjoying flipkart and we look forward to serving you again.",8.29,Flipkart
RAVI SHINDE,Best,5,0,8.29,10-08-2025,"Hi flipkart user, thank you so much for your feedback. we are glad that you are enjoying flipkart and we look forward to serving you again.",8.29,Flipkart
Arpit Sharma,Good,5,0,8.3,10-08-2025,"Hi flipkart user, thank you so much for your feedback. we are glad that you are enjoying flipkart and we look forward to serving you again.",8.3,Flipkart
Nawab13K Khurshid,Good,4,0,8.29,10-08-2025,"Hi flipkart user, thank you so much for your feedback. we are glad that you are enjoying flipkart and we look forward to serving you again.",8.29,Flipkart
Uttam Bora,Good,2,0,8.26,10-08-2025,"Hi flipkart user, thank you for your kind words! would you also like to give us more stars? 5 stars - very good, 4 stars- good, 3 stars - okay, 2 stars - bad, 1 star- very bad",8.26,Flipkart
Archana Vitekar,Good,5,0,8.26,10-08-2025,"Hi flipkart user, thank you so much for your feedback. we are glad that you are enjoying flipkart and we look forward to serving you again.",8.26,Flipkart
Sujit Bikkad (Bala),Nice app,5,0,8.29,10-08-2025,"Hi flipkart user, thank you so much for your feedback. we are glad that you are enjoying flipkart and we look forward to serving you again.",8.29,Flipkart
Shivam Verma,Good,5,0,8.29,10-08-2025,"Hi flipkart user, thank you so much for your feedback. we are glad that you are enjoying flipkart and we look forward to serving you again.",8.29,Flipkart
Owais Ahmed,"Something wrong with my app. i'm not able to find the app in my phone drawer or elsewhere. in order to open it i have to go to my browser and go to your website and then it's getting me directed to the app. extremely frustrating, because of which i have stopped using the app totally. i'm using a samsung s22+",1,0,Unkown,10-08-2025,"Hi flipkart user, we sincerely apologize for the inconvenience. please share the details of your issue with app-feedback@flipkart.com for the team to quickly resolve it for you.",Unknown,Flipkart
Naga Sirisha,Good,4,0,8.3,10-08-2025,"Hi flipkart user, thank you so much for your feedback. we are glad that you are enjoying flipkart and we look forward to serving you again.",8.3,Flipkart
Alok Kumar,Good,1,0,8.29,10-08-2025,"Hi flipkart user, thank you for your kind words! would you also like to give us more stars? 5 stars - very good, 4 stars- good, 3 stars - okay, 2 stars - bad, 1 star- very bad",8.29,Flipkart
Sriramsai Mandaji,Good,5,0,Unkown,10-08-2025,"Hi flipkart user, thank you so much for your feedback. we are glad that you are enjoying flipkart and we look forward to serving you again.",Unknown,Flipkart
pavan devdhar,Good aap,5,0,8.29,10-08-2025,"Hi flipkart user, thank you so much for your feedback. we are glad that you are enjoying flipkart and we look forward to serving you again.",8.29,Flipkart
Nehal Khan,Flipkart is very very helpful app daily life,5,0,8.13,10-08-2025,"Hi flipkart user, thank you so much for your feedback. we are glad that you are enjoying flipkart and we look forward to serving you again.",8.13,Flipkart
Sudanshu Malhotra,nan,5,0,8.29,10-08-2025,"Hi flipkart user, thank you so much for your feedback. we are glad that you are enjoying flipkart and we look forward to serving you again.",8.29,Flipkart
BENGAL HELPLINE,Really good.,5,0,8.29,10-08-2025,"Hi flipkart user, thank you so much for your feedback. we are glad that you are enjoying flipkart and we look forward to serving you again.",8.29,Flipkart
Chaitali Gupta,Good,5,0,8.29,10-08-2025,"Hi flipkart user, thank you so much for your feedback. we are glad that you are enjoying flipkart and we look forward to serving you again.",8.29,Flipkart
Vinitha V,Super products and mostly good quality,5,0,8.29,10-08-2025,"Hi flipkart user, thank you so much for your feedback. we are glad that you are enjoying flipkart and we look forward to serving you again.",8.29,Flipkart
AJ Ayush Joshi,Provide dark mode in this app,3,0,8.29,10-08-2025,No Reply,8.29,Flipkart
Urvashi Vora,Helpful,5,0,8.28,10-08-2025,"Hi flipkart user, thank you so much for your feedback. we are glad that you are enjoying flipkart and we look forward to serving you again.",8.28,Flipkart
Nikita Karki,Very late delivery and no option to contact the help centre to talk about product delivery delay issues are so bad it's the worst app ever,1,0,Unkown,10-08-2025,"Hi flipkart user, we are sorry about your bad experience with us. please get in touch with us at www.flipkart.com/helpcentre to assist you. thanks for your patience!",Unknown,Flipkart
Ansh Sharma,Better,5,0,8.3,10-08-2025,"Hi flipkart user, thank you so much for your feedback. we are glad that you are enjoying flipkart and we look forward to serving you again.",8.3,Flipkart
imanshu ahuja,Firstly they deliver orders so much late and now delivery date has gone 3 days back and today when i talk to delivery person he said he is coming but i got the msg that order can't be delivered of my request... disgusting.,1,1,8.3,10-08-2025,"Hi flipkart user, we are sorry about your bad experience with us. please get in touch with us at www.flipkart.com/helpcentre to assist you. thanks for your patience!",8.3,Flipkart
Namrata Bhoi,Good,4,0,8.29,10-08-2025,"Hi flipkart user, thank you so much for your feedback. we are glad that you are enjoying flipkart and we look forward to serving you again.",8.29,Flipkart
Ujjwal Patwa,Nice,5,0,8.29,10-08-2025,"Hi flipkart user, thank you so much for your feedback. we are glad that you are enjoying flipkart and we look forward to serving you again.",8.29,Flipkart
Lakshmi Prajapati,Good,5,0,7.77,10-08-2025,"Hi flipkart user, thank you so much for your feedback. we are glad that you are enjoying flipkart and we look forward to serving you again.",7.77,Flipkart
Chandrakanti Bhoi,Amazing,5,0,8.29,10-08-2025,"Hi flipkart user, thank you so much for your feedback. we are glad that you are enjoying flipkart and we look forward to serving you again.",8.29,Flipkart
Karttick Karmakar,Good offer,5,0,8.3,10-08-2025,"Hi flipkart user, thank you so much for your feedback. we are glad that you are enjoying flipkart and we look forward to serving you again.",8.3,Flipkart
RASAA RAJESH,It's a really useful app and good material i like it,5,0,8.29,10-08-2025,"Hi flipkart user, thank you so much for your feedback. we are glad that you are enjoying flipkart and we look forward to serving you again.",8.29,Flipkart
Tasnim Patua,Good app,4,0,8.29,10-08-2025,"Hi flipkart user, thank you so much for your feedback. we are glad that you are enjoying flipkart and we look forward to serving you again.",8.29,Flipkart
Ratna Nishad,Very nice,5,0,8.29,10-08-2025,"Hi flipkart user, thank you so much for your feedback. we are glad that you are enjoying flipkart and we look forward to serving you again.",8.29,Flipkart
Vedha Polliseti,Super,4,0,8.27,10-08-2025,"Hi flipkart user, thank you so much for your feedback. we are glad that you are enjoying flipkart and we look forward to serving you again.",8.27,Flipkart
Rakesh Rakesh,Nice app,5,0,8.3,10-08-2025,"Hi flipkart user, thank you so much for your feedback. we are glad that you are enjoying flipkart and we look forward to serving you again.",8.3,Flipkart
Fathima,Good,4,0,8.29,10-08-2025,"Hi flipkart user, thank you so much for your feedback. we are glad that you are enjoying flipkart and we look forward to serving you again.",8.29,Flipkart
Bishal Roka,Nice,5,0,8.29,10-08-2025,"Hi flipkart user, thank you so much for your feedback. we are glad that you are enjoying flipkart and we look forward to serving you again.",8.29,Flipkart
Alok Chauhan,Thankyou flipkart,5,0,8.13,10-08-2025,"Hi flipkart user, thank you so much for your feedback. we are glad that you are enjoying flipkart and we look forward to serving you again.",8.13,Flipkart
Aftab Alam,My first order,5,0,8.29,10-08-2025,"Hi flipkart user, thank you so much for your feedback. we are glad that you are enjoying flipkart and we look forward to serving you again.",8.29,Flipkart
Irfan Khan,Good,2,0,Unkown,10-08-2025,"Hi flipkart user, thank you for your kind words! would you also like to give us more stars? 5 stars - very good, 4 stars- good, 3 stars - okay, 2 stars - bad, 1 star- very bad",Unknown,Flipkart
SANJU AHMED,Good,4,0,8.29,10-08-2025,"Hi flipkart user, thank you so much for your feedback. we are glad that you are enjoying flipkart and we look forward to serving you again.",8.29,Flipkart
Veeravenkata Satyanarayana,Super of the online booking,5,0,8.3,10-08-2025,"Hi flipkart user, thank you so much for your feedback. we are glad that you are enjoying flipkart and we look forward to serving you again.",8.3,Flipkart
Golla Ambedkar,Excellent,5,0,8.3,10-08-2025,"Hi flipkart user, thank you so much for your feedback. we are glad that you are enjoying flipkart and we look forward to serving you again.",8.3,Flipkart
Vishnu rk Vishnu rk,Good,5,0,Unkown,10-08-2025,"Hi flipkart user, thank you so much for your feedback. we are glad that you are enjoying flipkart and we look forward to serving you again.",Unknown,Flipkart
Ashfiya,Excellent,5,0,8.29,10-08-2025,"Hi flipkart user, thank you so much for your feedback. we are glad that you are enjoying flipkart and we look forward to serving you again.",8.29,Flipkart
Madakam Nagavardhan (PANDU),Good,5,0,8.15,10-08-2025,"Hi flipkart user, thank you so much for your feedback. we are glad that you are enjoying flipkart and we look forward to serving you again.",8.15,Flipkart
Chand Khan,Ok,4,0,8.28,10-08-2025,"Hi flipkart user, thank you so much for your feedback. we are glad that you are enjoying flipkart and we look forward to serving you again.",8.28,Flipkart
Suraj Phatangare,Good,5,0,8.29,10-08-2025,"Hi flipkart user, thank you so much for your feedback. we are glad that you are enjoying flipkart and we look forward to serving you again.",8.29,Flipkart
Aman Singh,Good aap,5,0,8.25,10-08-2025,"Hi flipkart user, thank you so much for your feedback. we are glad that you are enjoying flipkart and we look forward to serving you again.",8.25,Flipkart
Yashraj,Worst service ever they should work on their services and delivery services,1,0,8.29,10-08-2025,"Hi flipkart user, we are sorry about your bad experience with us. please get in touch with us at www.flipkart.com/helpcentre to assist you. thanks for your patience!",8.29,Flipkart
SUBHAM YADAV,Your service is not good i am not happy for your delay service i am waiting my order for 10 days but you delay it's irresponsibility,1,0,8.29,10-08-2025,"Hi flipkart user, we are sorry about your bad experience with us. please get in touch with us at www.flipkart.com/helpcentre to assist you. thanks for your patience!",8.29,Flipkart
Babulal Chorei,Good,1,0,8.29,10-08-2025,"Hi flipkart user, thank you for your kind words! would you also like to give us more stars? 5 stars - very good, 4 stars- good, 3 stars - okay, 2 stars - bad, 1 star- very bad",8.29,Flipkart
Raju Das,Very nice,5,0,8.29,10-08-2025,"Hi flipkart user, thank you so much for your feedback. we are glad that you are enjoying flipkart and we look forward to serving you again.",8.29,Flipkart
Sai teja teja,Good,4,0,8.29,10-08-2025,"Hi flipkart user, thank you so much for your feedback. we are glad that you are enjoying flipkart and we look forward to serving you again.",8.29,Flipkart
Saikat Das,"Flipkart are hiring goons in name of delivery agent who only know how to harass people and take extra money . flipkart should be renamed as goon delivery site edit : now the laptop has also stopped working just in 8 days. on asking for returning says till 9th august and its only 10th august , very veryyyyyy badd have to go consumer court",1,0,8.29,10-08-2025,No Reply,8.29,Flipkart
Himanshu Jhunjhunu,Good,5,0,8.26,10-08-2025,"Hi flipkart user, thank you so much for your feedback. we are glad that you are enjoying flipkart and we look forward to serving you again.",8.26,Flipkart
Madhu sudhan,I can't even order through cash on delivery,1,0,8.29,10-08-2025,No Reply,8.29,Flipkart
Mohan Debsharma,So good,5,0,8.27,10-08-2025,"Hi flipkart user, thank you so much for your feedback. we are glad that you are enjoying flipkart and we look forward to serving you again.",8.27,Flipkart
bala subramani,Good,5,0,8.29,10-08-2025,"Hi flipkart user, thank you so much for your feedback. we are glad that you are enjoying flipkart and we look forward to serving you again.",8.29,Flipkart
Prav Singh,Best website for online shopping trusted website hai,5,0,8.29,10-08-2025,"Hi flipkart user, thank you so much for your feedback. we are glad that you are enjoying flipkart and we look forward to serving you again.",8.29,Flipkart
Mamta Kashyap,Cash on delivery not available,1,0,Unkown,10-08-2025,No Reply,Unknown,Flipkart
Syed Rehan,They don't deliver order on day which they tell,4,0,8.29,10-08-2025,"Hi flipkart user, thank you so much for your feedback. we are glad that you are enjoying flipkart and we look forward to serving you again.",8.29,Flipkart
Lala Khan,Nice,5,0,8.29,10-08-2025,"Hi flipkart user, thank you so much for your feedback. we are glad that you are enjoying flipkart and we look forward to serving you again.",8.29,Flipkart
Santosh Das,Good,5,0,8.3,10-08-2025,"Hi flipkart user, thank you so much for your feedback. we are glad that you are enjoying flipkart and we look forward to serving you again.",8.3,Flipkart
Saniya Saniya,Good,3,0,Unkown,10-08-2025,"Thanks so much for the awesome feedback, saniya! if you think we deserve a higher rating, we'd love for you to update it to a 4 or 5 star when you get a chance!",Unknown,Flipkart
Alquma Dange,Good,3,0,8.29,10-08-2025,"Thanks for the love, alquma! if you’re happy with everything, a 5-star rating would mean the world to us!",8.29,Flipkart
DIPANKAR W Banik,Not good making fool,1,0,8.29,10-08-2025,No Reply,8.29,Flipkart
Sindhu Thulasi,nan,5,0,8.29,10-08-2025,"Hi flipkart user, thank you so much for your feedback. we are glad that you are enjoying flipkart and we look forward to serving you again.",8.29,Flipkart
D.K. Yadav,Good,5,0,8.12,10-08-2025,"Hi flipkart user, thank you so much for your feedback. we are glad that you are enjoying flipkart and we look forward to serving you again.",8.12,Flipkart
MAMTA RAUTELA,Good,5,0,8.3,10-08-2025,"Hi flipkart user, thank you so much for your feedback. we are glad that you are enjoying flipkart and we look forward to serving you again.",8.3,Flipkart
Appu M.S mani,It's nice app,4,0,8.29,10-08-2025,"Hi flipkart user, thank you so much for your feedback. we are glad that you are enjoying flipkart and we look forward to serving you again.",8.29,Flipkart
Manish sharma,Well done,5,0,8.29,10-08-2025,"Hi flipkart user, thank you so much for your feedback. we are glad that you are enjoying flipkart and we look forward to serving you again.",8.29,Flipkart
Ram Khade,Good,1,0,7.83,10-08-2025,"Hi flipkart user, thank you for your kind words! would you also like to give us more stars? 5 stars - very good, 4 stars- good, 3 stars - okay, 2 stars - bad, 1 star- very bad",7.83,Flipkart
Habibul Paik,Good,5,0,8.29,10-08-2025,"Hi flipkart user, thank you so much for your feedback. we are glad that you are enjoying flipkart and we look forward to serving you again.",8.29,Flipkart
Eesha Sharma,Disgusting app. koi v order na kre brna apka order delivered kvi nhi hoga khud ke mn se cancel kr denge,1,0,Unkown,10-08-2025,No Reply,Unknown,Flipkart
Prashant Kumar,"Personally, i really like shopping from flipkart because i get the product at a lower cost than the offline market. love you flipkart.",5,0,8.29,10-08-2025,"Hi flipkart user, thank you so much for your feedback. we are glad that you are enjoying flipkart and we look forward to serving you again.",8.29,Flipkart
RAJNEESH KUMAR SIINGH,Excellent work,5,0,8.29,10-08-2025,"Hi flipkart user, thank you so much for your feedback. we are glad that you are enjoying flipkart and we look forward to serving you again.",8.29,Flipkart
Sushil Minj,So cool,5,0,8.29,10-08-2025,"Hi flipkart user, thank you so much for your feedback. we are glad that you are enjoying flipkart and we look forward to serving you again.",8.29,Flipkart
Rajesh Sharma Ghantiyali,Veri nice,5,0,Unkown,10-08-2025,"Hi flipkart user, thank you so much for your feedback. we are glad that you are enjoying flipkart and we look forward to serving you again.",Unknown,Flipkart
Sayed Anuwar Hossain,Happy,5,0,8.29,10-08-2025,"Hi flipkart user, thank you so much for your feedback. we are glad that you are enjoying flipkart and we look forward to serving you again.",8.29,Flipkart
Mohammed shaikh,This app is good for shopping,5,0,8.3,10-08-2025,"Hi flipkart user, thank you so much for your feedback. we are glad that you are enjoying flipkart and we look forward to serving you again.",8.3,Flipkart
Surendrakumar Yadav,Good,5,0,8.27,10-08-2025,"Hi flipkart user, thank you so much for your feedback. we are glad that you are enjoying flipkart and we look forward to serving you again.",8.27,Flipkart
Tushar Dhavade,Good service,5,0,8.3,10-08-2025,"Hi flipkart user, thank you so much for your feedback. we are glad that you are enjoying flipkart and we look forward to serving you again.",8.3,Flipkart
Manish Thakur,Excellent platform for buying,5,0,8.29,10-08-2025,"Hi flipkart user, thank you so much for your feedback. we are glad that you are enjoying flipkart and we look forward to serving you again.",8.29,Flipkart
Nischay Rai,Very good keep it up,5,0,8.29,10-08-2025,"Hi flipkart user, thank you so much for your feedback. we are glad that you are enjoying flipkart and we look forward to serving you again.",8.29,Flipkart
sai krishna bourothu,Nice,4,0,8.3,10-08-2025,"Hi flipkart user, thank you so much for your feedback. we are glad that you are enjoying flipkart and we look forward to serving you again.",8.3,Flipkart
Pravin Kambale,So good,5,0,8.29,10-08-2025,"Hi flipkart user, thank you so much for your feedback. we are glad that you are enjoying flipkart and we look forward to serving you again.",8.29,Flipkart
Priyanka Nayak,Nice,5,0,8.23,10-08-2025,"Hi flipkart user, thank you so much for your feedback. we are glad that you are enjoying flipkart and we look forward to serving you again.",8.23,Flipkart
Sandeep.panchal,Nice,3,0,8.3,10-08-2025,"Thanks so much for the awesome feedback, sandeep! if you think we deserve a higher rating, we'd love for you to update it to a 4 or 5 star when you get a chance!",8.3,Flipkart
Satya kumar Jena,Very good,5,0,8.3,10-08-2025,"Hi flipkart user, thank you so much for your feedback. we are glad that you are enjoying flipkart and we look forward to serving you again.",8.3,Flipkart
Saravana Perumal,Super,5,0,8.29,10-08-2025,"Hi flipkart user, thank you so much for your feedback. we are glad that you are enjoying flipkart and we look forward to serving you again.",8.29,Flipkart
Shyam Chaudhary,Very good product nice febric,5,0,8.3,10-08-2025,"Hi flipkart user, thank you so much for your feedback. we are glad that you are enjoying flipkart and we look forward to serving you again.",8.3,Flipkart
Jaya Kumar,Money not refund and customer service very bad u online payment is loss on the product no proper response to flipkart spam on many orders kindly don't use flipkart app,1,0,8.27,10-08-2025,No Reply,8.27,Flipkart
Beauty Rava,Good,5,0,8.29,10-08-2025,"Hi flipkart user, thank you so much for your feedback. we are glad that you are enjoying flipkart and we look forward to serving you again.",8.29,Flipkart
Chavda Jayesh,Owsm,5,0,8.3,10-08-2025,"Hi flipkart user, thank you so much for your feedback. we are glad that you are enjoying flipkart and we look forward to serving you again.",8.3,Flipkart
JAMIR SARDAR,Ok,5,0,8.29,10-08-2025,"Hi flipkart user, thank you so much for your feedback. we are glad that you are enjoying flipkart and we look forward to serving you again.",8.29,Flipkart
Prashant Angre,nan,5,0,8.29,10-08-2025,"Hi flipkart user, thank you so much for your feedback. we are glad that you are enjoying flipkart and we look forward to serving you again.",8.29,Flipkart
Shubham Tiwari,Good,5,0,8.29,10-08-2025,"Hi flipkart user, thank you so much for your feedback. we are glad that you are enjoying flipkart and we look forward to serving you again.",8.29,Flipkart
Sonal Choudhary,"These days flipkart's service is very bad, no process is completed on time i am very disappointed with their service",3,0,8.27,10-08-2025,No Reply,8.27,Flipkart
Indrajit Singha,Good,5,0,8.29,10-08-2025,"Hi flipkart user, thank you so much for your feedback. we are glad that you are enjoying flipkart and we look forward to serving you again.",8.29,Flipkart
celine Celine,"Greate app, i can see that most of the reviews comes from the customer says delay delivery. personal i also have the same issue if only we are given the wrong or diffrent address. they never missed the delivery if its delay they will deliver verry next day. i really love this app. comparing to amazon your the best in all the services.",5,2,8.29,10-08-2025,"Hi flipkart user, thank you so much for your feedback. we are glad that you are enjoying flipkart and we look forward to serving you again.",8.29,Flipkart
Bramanand Lodhi ,Super,1,0,8.29,10-08-2025,"Hi flipkart user, thank you for your kind words! would you also like to give us more stars? 5 stars - very good, 4 stars- good, 3 stars - okay, 2 stars - bad, 1 star- very bad",8.29,Flipkart
Rajat Saini,God job,5,0,Unkown,10-08-2025,"Hi flipkart user, thank you so much for your feedback. we are glad that you are enjoying flipkart and we look forward to serving you again.",Unknown,Flipkart
Rajakavitha Murugeshan,Nice,4,0,8.3,10-08-2025,"Hi flipkart user, thank you so much for your feedback. we are glad that you are enjoying flipkart and we look forward to serving you again.",8.3,Flipkart
surenderreddy 486,nan,5,0,8.29,10-08-2025,"Hi flipkart user, thank you so much for your feedback. we are glad that you are enjoying flipkart and we look forward to serving you again.",8.29,Flipkart
Ajay,Nice,4,0,8.29,10-08-2025,"Hi flipkart user, thank you so much for your feedback. we are glad that you are enjoying flipkart and we look forward to serving you again.",8.29,Flipkart
Anish chaubey,There customer support are useless . they disconnected the chat without even listening the issue. pathetic service.,1,0,8.3,10-08-2025,No Reply,8.3,Flipkart
Shivam Yadav,Very poor service and delivery speed,1,0,7.79,10-08-2025,"Hi flipkart user, we are sorry about your bad experience with us. please get in touch with us at www.flipkart.com/helpcentre to assist you. thanks for your patience!",7.79,Flipkart
Kalle Sarma,Very good,5,0,8.29,10-08-2025,"Hi flipkart user, thank you so much for your feedback. we are glad that you are enjoying flipkart and we look forward to serving you again.",8.29,Flipkart
Santosh Chary,Good,5,0,8.29,10-08-2025,"Hi flipkart user, thank you so much for your feedback. we are glad that you are enjoying flipkart and we look forward to serving you again.",8.29,Flipkart
Vipin Chaurasiya,So good,5,0,8.3,10-08-2025,"Hi flipkart user, thank you so much for your feedback. we are glad that you are enjoying flipkart and we look forward to serving you again.",8.3,Flipkart
Junmoni Saikia,Best shopping app,5,0,8.29,10-08-2025,"Hi flipkart user, thank you so much for your feedback. we are glad that you are enjoying flipkart and we look forward to serving you again.",8.29,Flipkart
AJAY Pandey,I luved it,5,0,8.28,10-08-2025,"Hi flipkart user, thank you so much for your feedback. we are glad that you are enjoying flipkart and we look forward to serving you again.",8.28,Flipkart
Ullagaddala Saicharan,Super super,3,0,8.28,10-08-2025,"Thanks for the love, saicharan! if you’re happy with everything, a 5-star rating would mean the world to us!",8.28,Flipkart
Kúmãr Gùlšhãn,Good,5,0,8.29,10-08-2025,"Hi flipkart user, thank you so much for your feedback. we are glad that you are enjoying flipkart and we look forward to serving you again.",8.29,Flipkart
JUGAJYOTI MOHAPATRA,Fake shopping aap,1,0,8.29,10-08-2025,"Hi flipkart user, we are sorry about your bad experience with us. please get in touch with us at www.flipkart.com/helpcentre to assist you. thanks for your patience!",8.29,Flipkart
Rajesh Prajapate,Flipkart kaisi jagah jahan per aapko har ek chij mil,5,0,8.29,10-08-2025,"Hi flipkart user, thank you so much for your feedback. we are glad that you are enjoying flipkart and we look forward to serving you again.",8.29,Flipkart
Sachin Salaria,Very good flipkart product,5,0,8.3,10-08-2025,"Hi flipkart user, thank you so much for your feedback. we are glad that you are enjoying flipkart and we look forward to serving you again.",8.3,Flipkart
God Krishna,Good,4,0,8.29,10-08-2025,"Hi flipkart user, thank you so much for your feedback. we are glad that you are enjoying flipkart and we look forward to serving you again.",8.29,Flipkart
Swamy Bhimarapu,Quality and faster delivery,4,0,8.1,10-08-2025,"Hi flipkart user, thank you so much for your feedback. we are glad that you are enjoying flipkart and we look forward to serving you again.",8.1,Flipkart
Bulti Bag,Ok good,5,0,8.29,10-08-2025,"Hi flipkart user, thank you so much for your feedback. we are glad that you are enjoying flipkart and we look forward to serving you again.",8.29,Flipkart
swapnil gajbhiye,Very nice,5,0,8.24,10-08-2025,"Hi flipkart user, thank you so much for your feedback. we are glad that you are enjoying flipkart and we look forward to serving you again.",8.24,Flipkart
Pradip Mahto,Sweet,2,0,8.28,10-08-2025,"Hi flipkart user, thank you for your kind words! would you also like to give us more stars? 5 stars - very good, 4 stars- good, 3 stars - okay, 2 stars - bad, 1 star- very bad",8.28,Flipkart
Balkar Singh,Good,5,0,8.3,10-08-2025,"Hi flipkart user, thank you so much for your feedback. we are glad that you are enjoying flipkart and we look forward to serving you again.",8.3,Flipkart
Balvant Parangi,Good,5,0,8.18,10-08-2025,"Hi flipkart user, thank you so much for your feedback. we are glad that you are enjoying flipkart and we look forward to serving you again.",8.18,Flipkart
Hari Krishna,Best app,5,0,8.29,10-08-2025,"Hi flipkart user, thank you so much for your feedback. we are glad that you are enjoying flipkart and we look forward to serving you again.",8.29,Flipkart
Arif Alam,Good,5,0,8.29,10-08-2025,"Hi flipkart user, thank you so much for your feedback. we are glad that you are enjoying flipkart and we look forward to serving you again.",8.29,Flipkart
Jaspal singh Rana,Suerp,4,0,8.29,10-08-2025,"Hi flipkart user, thank you so much for your feedback. we are glad that you are enjoying flipkart and we look forward to serving you again.",8.29,Flipkart
Deepak Kumar,Good,5,0,Unkown,10-08-2025,"Hi flipkart user, thank you so much for your feedback. we are glad that you are enjoying flipkart and we look forward to serving you again.",Unknown,Flipkart
Jeewan Pawar,Jeewan pawar verey good,3,0,8.29,10-08-2025,No Reply,8.29,Flipkart
Muhsina Thasni,Very good,4,0,8.29,10-08-2025,"Hi flipkart user, thank you so much for your feedback. we are glad that you are enjoying flipkart and we look forward to serving you again.",8.29,Flipkart
Chandan kumar Kumar,Nise,5,0,8.3,10-08-2025,"Hi flipkart user, thank you so much for your feedback. we are glad that you are enjoying flipkart and we look forward to serving you again.",8.3,Flipkart
Hitesh Poonia,Good,4,0,8.28,10-08-2025,"Hi flipkart user, thank you so much for your feedback. we are glad that you are enjoying flipkart and we look forward to serving you again.",8.28,Flipkart
HARIHARAN,Super,4,0,8.29,10-08-2025,"Hi flipkart user, thank you so much for your feedback. we are glad that you are enjoying flipkart and we look forward to serving you again.",8.29,Flipkart
Chandra Shekhar thakur,Nice,5,0,8.29,10-08-2025,"Hi flipkart user, thank you so much for your feedback. we are glad that you are enjoying flipkart and we look forward to serving you again.",8.29,Flipkart
Manoj More,Nice survives flipkart,5,0,8.29,10-08-2025,"Hi flipkart user, thank you so much for your feedback. we are glad that you are enjoying flipkart and we look forward to serving you again.",8.29,Flipkart
Rahul Singh,Good,5,0,8.29,10-08-2025,"Hi flipkart user, thank you so much for your feedback. we are glad that you are enjoying flipkart and we look forward to serving you again.",8.29,Flipkart
Davad Grisha,Good,5,0,8.29,10-08-2025,"Hi flipkart user, thank you so much for your feedback. we are glad that you are enjoying flipkart and we look forward to serving you again.",8.29,Flipkart
Karan Kushawah,Good service,5,0,8.29,10-08-2025,"Hi flipkart user, thank you so much for your feedback. we are glad that you are enjoying flipkart and we look forward to serving you again.",8.29,Flipkart
Billa naresh,Super,5,0,8.29,10-08-2025,"Hi flipkart user, thank you so much for your feedback. we are glad that you are enjoying flipkart and we look forward to serving you again.",8.29,Flipkart
Kurishingal Dhanya,nan,5,0,8.3,10-08-2025,"Hi flipkart user, thank you so much for your feedback. we are glad that you are enjoying flipkart and we look forward to serving you again.",8.3,Flipkart
Sk samiul Aalam,Good,5,0,8.3,10-08-2025,"Hi flipkart user, thank you so much for your feedback. we are glad that you are enjoying flipkart and we look forward to serving you again.",8.3,Flipkart
ANJALI CHOUDHARY,Nice app,5,0,8.29,10-08-2025,"Hi flipkart user, thank you so much for your feedback. we are glad that you are enjoying flipkart and we look forward to serving you again.",8.29,Flipkart
Suraj Kashyap,Osm,5,0,8.29,10-08-2025,"Hi flipkart user, thank you so much for your feedback. we are glad that you are enjoying flipkart and we look forward to serving you again.",8.29,Flipkart
Sakshi Futela,Awesome,4,0,8.29,10-08-2025,"Hi flipkart user, thank you so much for your feedback. we are glad that you are enjoying flipkart and we look forward to serving you again.",8.29,Flipkart
Mr Ajay Solanki,Nice,5,0,8.29,10-08-2025,"Hi flipkart user, thank you so much for your feedback. we are glad that you are enjoying flipkart and we look forward to serving you again.",8.29,Flipkart
Santu Hazra,Ok good,5,0,8.29,10-08-2025,"Hi flipkart user, thank you so much for your feedback. we are glad that you are enjoying flipkart and we look forward to serving you again.",8.29,Flipkart
Ritadas Maheshdas,Super,3,0,8.29,10-08-2025,"Thanks so much for the awesome feedback, ritadas! if you think we deserve a higher rating, we'd love for you to update it to a 4 or 5 star when you get a chance!",8.29,Flipkart
Shubham Thakur,This aap is very good,5,0,8.29,10-08-2025,"Hi flipkart user, thank you so much for your feedback. we are glad that you are enjoying flipkart and we look forward to serving you again.",8.29,Flipkart
Vishal Saroj,This app is such a good app . for e commerce and shopping,5,0,8.29,10-08-2025,"Hi flipkart user, thank you so much for your feedback. we are glad that you are enjoying flipkart and we look forward to serving you again.",8.29,Flipkart
Md Arshad Md Arshad,nan,5,0,8.29,10-08-2025,"Hi flipkart user, thank you so much for your feedback. we are glad that you are enjoying flipkart and we look forward to serving you again.",8.29,Flipkart
khwajaji ka dewana,Worst service ever i order package but they keep scheduleing it for the next day no customer care service is available to talk only a waste ai bot is providing me information which i already know package is sitting in the hub which is almost 15 minutes away from my house but still the package is there from 48 hours,1,0,Unkown,10-08-2025,No Reply,Unknown,Flipkart
Amarjit Amarjit,Bahut hi ghatiya company order time per hi nahin aata aage date sarkate rahte hain to ban karna chahie,1,0,8.29,10-08-2025,No Reply,8.29,Flipkart
Sarswati brilliant Acedmy Sonu yadav,Nice,5,0,8.29,10-08-2025,"Hi flipkart user, thank you so much for your feedback. we are glad that you are enjoying flipkart and we look forward to serving you again.",8.29,Flipkart
Armaan Shaikh,Good,5,0,8.28,10-08-2025,"Hi flipkart user, thank you so much for your feedback. we are glad that you are enjoying flipkart and we look forward to serving you again.",8.28,Flipkart
Shubham Pawar,Fast service,5,0,Unkown,10-08-2025,"Hi flipkart user, thank you so much for your feedback. we are glad that you are enjoying flipkart and we look forward to serving you again.",Unknown,Flipkart
Munaf Khan,All is well,5,0,8.3,10-08-2025,"Hi flipkart user, thank you so much for your feedback. we are glad that you are enjoying flipkart and we look forward to serving you again.",8.3,Flipkart
Aarya K,Good,2,0,8.29,10-08-2025,"Hi flipkart user, thank you for your kind words! would you also like to give us more stars? 5 stars - very good, 4 stars- good, 3 stars - okay, 2 stars - bad, 1 star- very bad",8.29,Flipkart
tanmay Rathod,Good service,5,0,8.29,10-08-2025,"Hi flipkart user, thank you so much for your feedback. we are glad that you are enjoying flipkart and we look forward to serving you again.",8.29,Flipkart
Babai Das,ok,3,0,8.29,10-08-2025,No Reply,8.29,Flipkart
Mehar Bano,It's really trustable and heart able app,5,0,8.29,10-08-2025,"Hi flipkart user, thank you so much for your feedback. we are glad that you are enjoying flipkart and we look forward to serving you again.",8.29,Flipkart
Tapasi Mehra,Very nice app flipkart app,5,0,8.29,10-08-2025,"Hi flipkart user, thank you so much for your feedback. we are glad that you are enjoying flipkart and we look forward to serving you again.",8.29,Flipkart
Yash Agrahari,Return nahi hota hai bar bar call karne per pickup date ko postpone car diya jata hai aap sabhi log jo review dekh rahe hai filpkart se order na kare nahi to damage or missing product aayenge or return bhi nahi hoga,1,0,8.29,10-08-2025,No Reply,8.29,Flipkart
Prasad Bhosale,Ok,5,0,8.29,10-08-2025,"Hi flipkart user, thank you so much for your feedback. we are glad that you are enjoying flipkart and we look forward to serving you again.",8.29,Flipkart
Sabita Mahali,Okay,2,0,8.3,10-08-2025,"Hi flipkart user, thank you for your kind words! would you also like to give us more stars? 5 stars - very good, 4 stars- good, 3 stars - okay, 2 stars - bad, 1 star- very bad",8.3,Flipkart
Rider Raja,Good app,5,0,8.27,10-08-2025,"Hi flipkart user, thank you so much for your feedback. we are glad that you are enjoying flipkart and we look forward to serving you again.",8.27,Flipkart
Yugesh Yugesh,Good,5,0,8.29,10-08-2025,"Hi flipkart user, thank you so much for your feedback. we are glad that you are enjoying flipkart and we look forward to serving you again.",8.29,Flipkart
Manish Bharti,Good can you do better.,4,0,8.29,10-08-2025,"Hi flipkart user, thank you so much for your feedback. we are glad that you are enjoying flipkart and we look forward to serving you again.",8.29,Flipkart
RAKESH SETHI,Flipkart daily costomer,4,0,8.27,10-08-2025,"Hi flipkart user, thank you so much for your feedback. we are glad that you are enjoying flipkart and we look forward to serving you again.",8.27,Flipkart
Pooja rajput,Good,5,0,8.29,10-08-2025,"Hi flipkart user, thank you so much for your feedback. we are glad that you are enjoying flipkart and we look forward to serving you again.",8.29,Flipkart
MANEESH SHUKLA,1.e-card exchange farad 2.seller do kaudi 3. customer support l,1,0,7.52,10-08-2025,No Reply,7.52,Flipkart
Mohammed akbar,Good,5,0,8.29,10-08-2025,"Hi flipkart user, thank you so much for your feedback. we are glad that you are enjoying flipkart and we look forward to serving you again.",8.29,Flipkart
Sanjay Kumar,Good,3,0,8.25,10-08-2025,"Thanks for the love, sanjay! if you’re happy with everything, a 5-star rating would mean the world to us!",8.25,Flipkart
KANHAIYA LAL SHUKLA,Nice,5,0,8.29,10-08-2025,"Hi flipkart user, thank you so much for your feedback. we are glad that you are enjoying flipkart and we look forward to serving you again.",8.29,Flipkart
Sk Hasibul,Good,5,0,8.3,10-08-2025,"Hi flipkart user, thank you so much for your feedback. we are glad that you are enjoying flipkart and we look forward to serving you again.",8.3,Flipkart
Deventhiran Deventhiran,Good,3,0,8.29,10-08-2025,"Thanks so much for the awesome feedback, deventhiran! if you think we deserve a higher rating, we'd love for you to update it to a 4 or 5 star when you get a chance!",8.29,Flipkart
Rakhi Mallah,Good,4,0,8.29,10-08-2025,"Hi flipkart user, thank you so much for your feedback. we are glad that you are enjoying flipkart and we look forward to serving you again.",8.29,Flipkart
Shyju Chakkalakal,Non trust and worst service,1,1,8.29,10-08-2025,No Reply,8.29,Flipkart
Ankit Vala,Good,5,0,8.29,10-08-2025,"Hi flipkart user, thank you so much for your feedback. we are glad that you are enjoying flipkart and we look forward to serving you again.",8.29,Flipkart
Aniket kori,Product return karne bad bhi refund nahi aya h saf saf dhokha dhadi ho rahi h flip kart pr ab to,1,0,Unkown,10-08-2025,No Reply,Unknown,Flipkart
Nagaraj NRY,Good,5,0,8.29,10-08-2025,"Hi flipkart user, thank you so much for your feedback. we are glad that you are enjoying flipkart and we look forward to serving you again.",8.29,Flipkart
Santlal Saroj,Good सिद्धि,4,0,8.29,10-08-2025,"Hi flipkart user, thank you so much for your feedback. we are glad that you are enjoying flipkart and we look forward to serving you again.",8.29,Flipkart
Mohana sarala Chinthakrindi,Good,5,0,8.27,10-08-2025,"Hi flipkart user, thank you so much for your feedback. we are glad that you are enjoying flipkart and we look forward to serving you again.",8.27,Flipkart
Tushar Kature,Excellent,5,0,8.18,10-08-2025,"Hi flipkart user, thank you so much for your feedback. we are glad that you are enjoying flipkart and we look forward to serving you again.",8.18,Flipkart
Sanjeev Tiriya,,5,0,8.29,10-08-2025,"Hi flipkart user, thank you so much for your feedback. we are glad that you are enjoying flipkart and we look forward to serving you again.",8.29,Flipkart
raveesha Jetty,On of the worst experience by flipkart... not delivered in time ... every time delivery is late worst experience.. other apps given 10 minutes delivery.. but hear two days and delivery 3 or 4 days after don't book any items in flipkart.. in customer service was no use because.. doesn't no any thing of that delivery executives..,1,0,8.29,10-08-2025,"Hi flipkart user, we are sorry about your bad experience with us. please get in touch with us at www.flipkart.com/helpcentre to assist you. thanks for your patience!",8.29,Flipkart
Mohammad Juberkhan,Very good,5,0,8.27,10-08-2025,"Hi flipkart user, thank you so much for your feedback. we are glad that you are enjoying flipkart and we look forward to serving you again.",8.27,Flipkart
Karan Sharma,Good,5,0,8.29,10-08-2025,"Hi flipkart user, thank you so much for your feedback. we are glad that you are enjoying flipkart and we look forward to serving you again.",8.29,Flipkart
Kavya Ajay,"I love flipkart app for shopping is it too good fast delivery, delivery boy is too good his behaviour .easy to shopping in this app",5,0,8.29,10-08-2025,"Hi flipkart user, thank you so much for your feedback. we are glad that you are enjoying flipkart and we look forward to serving you again.",8.29,Flipkart
Harish Dava,This app is very nice and fast delivery i like to order in flipkart,4,0,8.28,10-08-2025,"Hi flipkart user, thank you so much for your feedback. we are glad that you are enjoying flipkart and we look forward to serving you again.",8.28,Flipkart
deepak Kumar,Good service,4,0,8.3,10-08-2025,"Hi flipkart user, thank you so much for your feedback. we are glad that you are enjoying flipkart and we look forward to serving you again.",8.3,Flipkart
Kiran Rout,Best way for shopping,5,0,Unkown,10-08-2025,"Hi flipkart user, thank you so much for your feedback. we are glad that you are enjoying flipkart and we look forward to serving you again.",Unknown,Flipkart
Hemant Bangre,Good,5,0,8.28,10-08-2025,"Hi flipkart user, thank you so much for your feedback. we are glad that you are enjoying flipkart and we look forward to serving you again.",8.28,Flipkart
Sangram Roy,"It is true that variety is high and price also low in flipkart but in most of the products in flipkart the emi facility is now not available, the paylater is completely vanished, so forced to shop at amazon and others app, amazon is available for only rs. 1500 in paylarter emi's, it is very bad for flipkart's castomer.",2,0,8.29,10-08-2025,No Reply,8.29,Flipkart
purushotham rao,Good,5,0,8.27,10-08-2025,"Hi flipkart user, thank you so much for your feedback. we are glad that you are enjoying flipkart and we look forward to serving you again.",8.27,Flipkart
DARSHNANAND KUMAR,Usefull app,5,0,8.29,10-08-2025,"Hi flipkart user, thank you so much for your feedback. we are glad that you are enjoying flipkart and we look forward to serving you again.",8.29,Flipkart
an3 piyush,Excellent,5,0,8.29,10-08-2025,"Hi flipkart user, thank you so much for your feedback. we are glad that you are enjoying flipkart and we look forward to serving you again.",8.29,Flipkart
RAJIB DAS,Nice,3,0,8.29,10-08-2025,"Thanks for the love, rajib! if you’re happy with everything, a 5-star rating would mean the world to us!",8.29,Flipkart
Ankita Duggal,Goog,5,0,8.29,10-08-2025,"Hi flipkart user, thank you so much for your feedback. we are glad that you are enjoying flipkart and we look forward to serving you again.",8.29,Flipkart
Siva Kumar,Good,5,0,8.28,10-08-2025,"Hi flipkart user, thank you so much for your feedback. we are glad that you are enjoying flipkart and we look forward to serving you again.",8.28,Flipkart
Shaik Athar,Nice,5,0,Unkown,10-08-2025,"Hi flipkart user, thank you so much for your feedback. we are glad that you are enjoying flipkart and we look forward to serving you again.",Unknown,Flipkart
Elango Sp,Good,5,0,8.28,10-08-2025,"Hi flipkart user, thank you so much for your feedback. we are glad that you are enjoying flipkart and we look forward to serving you again.",8.28,Flipkart
Sharanu Angadi,Good,2,0,8.27,10-08-2025,"Hi flipkart user, thank you for your kind words! would you also like to give us more stars? 5 stars - very good, 4 stars- good, 3 stars - okay, 2 stars - bad, 1 star- very bad",8.27,Flipkart
Hareesh Das,Ok,5,0,8.21,10-08-2025,"Hi flipkart user, thank you so much for your feedback. we are glad that you are enjoying flipkart and we look forward to serving you again.",8.21,Flipkart
RAWANI NANDLAL,Good,5,0,8.14,10-08-2025,"Hi flipkart user, thank you so much for your feedback. we are glad that you are enjoying flipkart and we look forward to serving you again.",8.14,Flipkart
Ashish Dhiwar,Good service,5,0,8.29,10-08-2025,"Hi flipkart user, thank you so much for your feedback. we are glad that you are enjoying flipkart and we look forward to serving you again.",8.29,Flipkart
Prince Kumar,Good,5,0,8.3,10-08-2025,"Hi flipkart user, thank you so much for your feedback. we are glad that you are enjoying flipkart and we look forward to serving you again.",8.3,Flipkart
Usha Khatun,Nice,5,0,8.29,10-08-2025,"Hi flipkart user, thank you so much for your feedback. we are glad that you are enjoying flipkart and we look forward to serving you again.",8.29,Flipkart
chanti sai,Better,3,0,8.29,10-08-2025,No Reply,8.29,Flipkart
Md Salamuddin,Good,5,0,8.29,10-08-2025,"Hi flipkart user, thank you so much for your feedback. we are glad that you are enjoying flipkart and we look forward to serving you again.",8.29,Flipkart
Priyanka Kumari,Good,5,0,8.29,10-08-2025,"Hi flipkart user, thank you so much for your feedback. we are glad that you are enjoying flipkart and we look forward to serving you again.",8.29,Flipkart
Dhreej Kumar,Good,5,0,8.28,10-08-2025,"Hi flipkart user, thank you so much for your feedback. we are glad that you are enjoying flipkart and we look forward to serving you again.",8.28,Flipkart
Shiraj Danked,So good,5,0,8.29,10-08-2025,"Hi flipkart user, thank you so much for your feedback. we are glad that you are enjoying flipkart and we look forward to serving you again.",8.29,Flipkart
Satyam Kumar,Bast ph,5,0,8.29,10-08-2025,"Hi flipkart user, thank you so much for your feedback. we are glad that you are enjoying flipkart and we look forward to serving you again.",8.29,Flipkart
Pabitra Biswas,Delay of delivery of product,1,0,Unkown,10-08-2025,"Hi flipkart user, we are sorry about your bad experience with us. please get in touch with us at www.flipkart.com/helpcentre to assist you. thanks for your patience!",Unknown,Flipkart
Kannan Kannan,Good,5,0,8.29,10-08-2025,"Hi flipkart user, thank you so much for your feedback. we are glad that you are enjoying flipkart and we look forward to serving you again.",8.29,Flipkart
jash Deep,So nice,4,0,8.29,10-08-2025,"Hi flipkart user, thank you so much for your feedback. we are glad that you are enjoying flipkart and we look forward to serving you again.",8.29,Flipkart
Babita Roy,Good product,4,0,8.27,10-08-2025,"Hi flipkart user, thank you so much for your feedback. we are glad that you are enjoying flipkart and we look forward to serving you again.",8.27,Flipkart
Farheen saifi,Nice,5,0,8.22,10-08-2025,"Hi flipkart user, thank you so much for your feedback. we are glad that you are enjoying flipkart and we look forward to serving you again.",8.22,Flipkart
Tufan Fakir,Good,5,0,8.3,10-08-2025,"Hi flipkart user, thank you so much for your feedback. we are glad that you are enjoying flipkart and we look forward to serving you again.",8.3,Flipkart
rakesh kumar,Good quality,5,0,8.29,10-08-2025,"Hi flipkart user, thank you so much for your feedback. we are glad that you are enjoying flipkart and we look forward to serving you again.",8.29,Flipkart
Sandeep R,"Flipkart is horrible with its open delivery policy. it sucks and feels like a scam. we bought mixer grinder looked good during open box delivery in front of impatient delivery person, but faulty during operation. the mixer grinder don't even have a logo when asked the customer care, they just said no return policy and take it to service center. come on who is going to take the product to the service center the very first day! still now one of the faulty jar is still not replaced by service guys.",1,0,8.29,10-08-2025,No Reply,8.29,Flipkart
sanjeev kumar,Good,4,0,8.28,10-08-2025,"Hi flipkart user, thank you so much for your feedback. we are glad that you are enjoying flipkart and we look forward to serving you again.",8.28,Flipkart
Mohammad Israr,Good experince,5,0,8.3,10-08-2025,"Hi flipkart user, thank you so much for your feedback. we are glad that you are enjoying flipkart and we look forward to serving you again.",8.3,Flipkart
Akash Singh,Good app,5,0,8.3,10-08-2025,"Hi flipkart user, thank you so much for your feedback. we are glad that you are enjoying flipkart and we look forward to serving you again.",8.3,Flipkart
Roshan Lal,Better,3,0,8.29,10-08-2025,No Reply,8.29,Flipkart
Mahesh Mahi Mahesh Mahi,Good service,5,0,8.3,10-08-2025,"Hi flipkart user, thank you so much for your feedback. we are glad that you are enjoying flipkart and we look forward to serving you again.",8.3,Flipkart
Sandeep Sandeep,nan,5,0,Unkown,10-08-2025,"Hi flipkart user, thank you so much for your feedback. we are glad that you are enjoying flipkart and we look forward to serving you again.",Unknown,Flipkart
Vishal Jadhav,Good,5,0,8.27,10-08-2025,"Hi flipkart user, thank you so much for your feedback. we are glad that you are enjoying flipkart and we look forward to serving you again.",8.27,Flipkart
kumar Rajnish,Good,4,0,8.29,10-08-2025,"Hi flipkart user, thank you so much for your feedback. we are glad that you are enjoying flipkart and we look forward to serving you again.",8.29,Flipkart
Pinki Singh,Good,5,0,8.29,10-08-2025,"Hi flipkart user, thank you so much for your feedback. we are glad that you are enjoying flipkart and we look forward to serving you again.",8.29,Flipkart
Nandlal Das,Nice product,5,0,8.29,10-08-2025,"Hi flipkart user, thank you so much for your feedback. we are glad that you are enjoying flipkart and we look forward to serving you again.",8.29,Flipkart
Subir Roy,It's good working,1,0,8.22,10-08-2025,"Hi flipkart user, thank you for your kind words! would you also like to give us more stars? 5 stars - very good, 4 stars- good, 3 stars - okay, 2 stars - bad, 1 star- very bad",8.22,Flipkart
Papai Bauri,Good bales,5,0,8.29,10-08-2025,"Hi flipkart user, thank you so much for your feedback. we are glad that you are enjoying flipkart and we look forward to serving you again.",8.29,Flipkart
Anish Fathima,Tq flipkart,2,0,8.15,10-08-2025,No Reply,8.15,Flipkart
Krishna Chaurasia,Good,5,0,8.29,10-08-2025,"Hi flipkart user, thank you so much for your feedback. we are glad that you are enjoying flipkart and we look forward to serving you again.",8.29,Flipkart
Prahil Bhowmik,Horrible service. takes 3+ days to ship items. item takes more than 3 days to deliver even after reaching the destination city. final result products never deliver in the promised time. what makes it even worse is that the promised time itself is too long compared to the distance between seller and buyer.,1,0,8.29,10-08-2025,"Hi flipkart user, we are sorry about your bad experience with us. please get in touch with us at www.flipkart.com/helpcentre to assist you. thanks for your patience!",8.29,Flipkart
Shashank Rane,Always a problem with delivery. today a person visited to deliver an item and said my registered number was not matching. i showed him the order on my phone but he denied as his system rejected the number. ..disgusting,1,0,8.29,10-08-2025,No Reply,8.29,Flipkart
Dono Dono,Too good shopping centre in india,3,0,8.3,10-08-2025,No Reply,8.3,Flipkart
kesavan CR,Delivery shows 15 min but now showing 2 days later,1,0,8.29,10-08-2025,"Hi flipkart user, we are sorry about your bad experience with us. please get in touch with us at www.flipkart.com/helpcentre to assist you. thanks for your patience!",8.29,Flipkart
Fulchand Kisku,Useful,4,0,8.29,10-08-2025,"Hi flipkart user, thank you so much for your feedback. we are glad that you are enjoying flipkart and we look forward to serving you again.",8.29,Flipkart
Sayyedx Ashar,Very good,5,0,8.29,10-08-2025,"Hi flipkart user, thank you so much for your feedback. we are glad that you are enjoying flipkart and we look forward to serving you again.",8.29,Flipkart
Sandhya krishna,Flipkart ab kachra ho chuka he. 2nd hand chise naya bolke bech rahe he.mene redmi 14c liya.jo ki thikse kaam nahi karta.delivery 6.5.25 ok hua.tech visit 9 ok tha per koi nahi aaya. 10 ok cc ok call kiya unhone bas complaint raise kia k backend se call aayega.per ns call aaya na technician. m gonna end my relation with flipkart forever.i suggest you not to buy anything from flipkart.go for something else but not flipkart,1,0,8.29,10-08-2025,No Reply,8.29,Flipkart
Sagar Sagar,సూపర్,5,0,8.29,10-08-2025,"Hi flipkart user, thank you so much for your feedback. we are glad that you are enjoying flipkart and we look forward to serving you again.",8.29,Flipkart
Shivam,Good,4,0,8.29,10-08-2025,"Hi flipkart user, thank you so much for your feedback. we are glad that you are enjoying flipkart and we look forward to serving you again.",8.29,Flipkart
Tushar Chauhan,I m from noida nd jabhi mene grocery k items order kiye kbhi bhi time p delivery hi nhi hoti har baar delayed kar denge idk kya service dere hai customer ko grocery ki need urgent thi 4 ko order kiya ek to itni late delivery date dete hai 9 ki nd then uske baad bhi abhi tk order ni aaya such a bad service nd pta ni kab denge service plese thik kree apne is prblm ko sch m aap logo ki bhot ghtiya service hai,1,0,8.29,10-08-2025,"Hi flipkart user, we are sorry about your bad experience with us. please get in touch with us at www.flipkart.com/helpcentre to assist you. thanks for your patience!",8.29,Flipkart
Rajesh s Rajesh s,Good,5,0,Unkown,10-08-2025,"Hi flipkart user, thank you so much for your feedback. we are glad that you are enjoying flipkart and we look forward to serving you again.",Unknown,Flipkart
Monuj Manki,Great product,3,0,8.29,10-08-2025,"Super happy to hear that you loved your order, monuj. if you think we deserve a 4 or 5-star, an update would be very appreciated.",8.29,Flipkart
Archana V Acchu,Nice with multiple choice and collection,4,0,Unkown,10-08-2025,"Hi flipkart user, thank you so much for your feedback. we are glad that you are enjoying flipkart and we look forward to serving you again.",Unknown,Flipkart
Naren Thakur,Good service,5,0,8.29,10-08-2025,"Hi flipkart user, thank you so much for your feedback. we are glad that you are enjoying flipkart and we look forward to serving you again.",8.29,Flipkart
NH ENTERPRISES,Good platform for online shopping,3,0,8.29,10-08-2025,No Reply,8.29,Flipkart
Shakil Sheikh,Nice,5,0,8.29,10-08-2025,"Hi flipkart user, thank you so much for your feedback. we are glad that you are enjoying flipkart and we look forward to serving you again.",8.29,Flipkart
Beauty Karmakar,nan,5,0,8.26,10-08-2025,"Hi flipkart user, thank you so much for your feedback. we are glad that you are enjoying flipkart and we look forward to serving you again.",8.26,Flipkart
Gaurav Patel,Good service,5,0,8.29,10-08-2025,"Hi flipkart user, thank you so much for your feedback. we are glad that you are enjoying flipkart and we look forward to serving you again.",8.29,Flipkart
Lakshman Kulal,Good,5,0,8.27,10-08-2025,"Hi flipkart user, thank you so much for your feedback. we are glad that you are enjoying flipkart and we look forward to serving you again.",8.27,Flipkart
Shekhar Gupta,Nice,5,0,Unkown,10-08-2025,"Hi flipkart user, thank you so much for your feedback. we are glad that you are enjoying flipkart and we look forward to serving you again.",Unknown,Flipkart
Ritam Roy,Helpfull,5,0,8.28,10-08-2025,"Hi flipkart user, thank you so much for your feedback. we are glad that you are enjoying flipkart and we look forward to serving you again.",8.28,Flipkart
Ravi Kumar,Good,5,0,8.29,10-08-2025,"Hi flipkart user, thank you so much for your feedback. we are glad that you are enjoying flipkart and we look forward to serving you again.",8.29,Flipkart
Chander Adhikari,Nice,5,0,8.29,10-08-2025,"Hi flipkart user, thank you so much for your feedback. we are glad that you are enjoying flipkart and we look forward to serving you again.",8.29,Flipkart
Avadhesh Ray,Thik,5,0,8.29,10-08-2025,"Hi flipkart user, thank you so much for your feedback. we are glad that you are enjoying flipkart and we look forward to serving you again.",8.29,Flipkart
Divansh Sharma,Good,5,0,8.29,10-08-2025,"Hi flipkart user, thank you so much for your feedback. we are glad that you are enjoying flipkart and we look forward to serving you again.",8.29,Flipkart
gaddam krishnudu,Good,5,0,8.29,10-08-2025,"Hi flipkart user, thank you so much for your feedback. we are glad that you are enjoying flipkart and we look forward to serving you again.",8.29,Flipkart
ajay gaihlot,Theek hai,1,0,8.29,10-08-2025,No Reply,8.29,Flipkart
Jitendar Kumar,Nice,5,0,8.3,10-08-2025,"Hi flipkart user, thank you so much for your feedback. we are glad that you are enjoying flipkart and we look forward to serving you again.",8.3,Flipkart
JOSHI P C,Ecxellent,5,0,8.29,10-08-2025,"Hi flipkart user, thank you so much for your feedback. we are glad that you are enjoying flipkart and we look forward to serving you again.",8.29,Flipkart
Rathanamma,Super,1,0,8.28,10-08-2025,"Hi flipkart user, thank you for your kind words! would you also like to give us more stars? 5 stars - very good, 4 stars- good, 3 stars - okay, 2 stars - bad, 1 star- very bad",8.28,Flipkart
Nurejalam Alam,Happy,1,0,8.28,10-08-2025,"Hi flipkart user, thank you for your kind words! would you also like to give us more stars? 5 stars - very good, 4 stars- good, 3 stars - okay, 2 stars - bad, 1 star- very bad",8.28,Flipkart
Melwin Dany,Handling fees 5₹ for even orders cancelled before shipping only. beware everyone. quitting this apk today!,1,0,Unkown,10-08-2025,No Reply,Unknown,Flipkart
fahu thouhi,Good,5,0,8.2,10-08-2025,"Hi flipkart user, thank you so much for your feedback. we are glad that you are enjoying flipkart and we look forward to serving you again.",8.2,Flipkart
MUBARAK S,Good,5,0,8.29,10-08-2025,"Hi flipkart user, thank you so much for your feedback. we are glad that you are enjoying flipkart and we look forward to serving you again.",8.29,Flipkart
Somnath Shukla,Beautiful beast,5,0,8.29,10-08-2025,"Hi flipkart user, thank you so much for your feedback. we are glad that you are enjoying flipkart and we look forward to serving you again.",8.29,Flipkart
Rajesh Bidkar,Good service,5,0,8.3,10-08-2025,"Hi flipkart user, thank you so much for your feedback. we are glad that you are enjoying flipkart and we look forward to serving you again.",8.3,Flipkart
Taksham gaming,Best app for discount,4,0,8.28,10-08-2025,"Hi flipkart user, thank you so much for your feedback. we are glad that you are enjoying flipkart and we look forward to serving you again.",8.28,Flipkart
SURESH MAHAPATRA,Very nice,5,0,8.29,10-08-2025,"Hi flipkart user, thank you so much for your feedback. we are glad that you are enjoying flipkart and we look forward to serving you again.",8.29,Flipkart
Satyam Kuma,Good,5,0,8.28,10-08-2025,"Hi flipkart user, thank you so much for your feedback. we are glad that you are enjoying flipkart and we look forward to serving you again.",8.28,Flipkart
Gallery Zone,Good product's,4,0,8.29,10-08-2025,"Hi flipkart user, thank you so much for your feedback. we are glad that you are enjoying flipkart and we look forward to serving you again.",8.29,Flipkart
CV Rahiya beevi,It's really good,5,0,8.29,10-08-2025,"Hi flipkart user, thank you so much for your feedback. we are glad that you are enjoying flipkart and we look forward to serving you again.",8.29,Flipkart
Shivam Yadav,One of the west,5,0,8.29,10-08-2025,"Hi flipkart user, thank you so much for your feedback. we are glad that you are enjoying flipkart and we look forward to serving you again.",8.29,Flipkart
Devendra Jaiswal,Bahut hi bad service hai,1,0,8.29,10-08-2025,No Reply,8.29,Flipkart
Raju Bhai,Good,5,0,8.3,10-08-2025,"Hi flipkart user, thank you so much for your feedback. we are glad that you are enjoying flipkart and we look forward to serving you again.",8.3,Flipkart
Rajibul Laskar,Nice,5,0,8.3,10-08-2025,"Hi flipkart user, thank you so much for your feedback. we are glad that you are enjoying flipkart and we look forward to serving you again.",8.3,Flipkart
Muhammadrafipt oorakam Manupt oorakam,കൊടുത്തകോസ്ന് മുതൽ ഉണ്ടാകും 87%,5,0,8.28,10-08-2025,"Hi flipkart user, thank you so much for your feedback. we are glad that you are enjoying flipkart and we look forward to serving you again.",8.28,Flipkart
Anand Uppal,Good,4,0,8.29,10-08-2025,"Hi flipkart user, thank you so much for your feedback. we are glad that you are enjoying flipkart and we look forward to serving you again.",8.29,Flipkart
Amirullah,Best apps,5,0,8.3,10-08-2025,"Hi flipkart user, thank you so much for your feedback. we are glad that you are enjoying flipkart and we look forward to serving you again.",8.3,Flipkart
Mani Smartly,nan,5,0,8.29,10-08-2025,"Hi flipkart user, thank you so much for your feedback. we are glad that you are enjoying flipkart and we look forward to serving you again.",8.29,Flipkart
RITUPARNA DHAR,Worst customer service worst delivery worst e-commerce i have ever come across,1,0,Unkown,10-08-2025,No Reply,Unknown,Flipkart
pranavmahesh,Nice,5,0,8.29,10-08-2025,"Hi flipkart user, thank you so much for your feedback. we are glad that you are enjoying flipkart and we look forward to serving you again.",8.29,Flipkart
Vivek Kumar,Jalwa hai sir ka,5,0,8.29,10-08-2025,"Hi flipkart user, thank you so much for your feedback. we are glad that you are enjoying flipkart and we look forward to serving you again.",8.29,Flipkart
manmayuri Chetia,Plateform fees is high,1,0,8.28,10-08-2025,No Reply,8.28,Flipkart
BHANU SHANKAR SINGH,Ok ll,5,0,8.29,10-08-2025,"Hi flipkart user, thank you so much for your feedback. we are glad that you are enjoying flipkart and we look forward to serving you again.",8.29,Flipkart
Shiva Kumar,Nice,1,0,8.29,10-08-2025,"Hi flipkart user, thank you for your kind words! would you also like to give us more stars? 5 stars - very good, 4 stars- good, 3 stars - okay, 2 stars - bad, 1 star- very bad",8.29,Flipkart
Jeevan Pendhari,Pathetic services nobody intrested to entertain,1,0,8.3,10-08-2025,No Reply,8.3,Flipkart
Ashif Ikbal,Good app,5,0,8.17,10-08-2025,"Hi flipkart user, thank you so much for your feedback. we are glad that you are enjoying flipkart and we look forward to serving you again.",8.17,Flipkart
Rabi Ali,Adipoli pettenn ulla delivery,5,0,8.29,10-08-2025,"Hi flipkart user, thank you so much for your feedback. we are glad that you are enjoying flipkart and we look forward to serving you again.",8.29,Flipkart
P.A. Maktedar,Good,4,0,8.19,10-08-2025,"Hi flipkart user, thank you so much for your feedback. we are glad that you are enjoying flipkart and we look forward to serving you again.",8.19,Flipkart
Abhishek Shukla,Best aap,5,0,8.29,10-08-2025,"Hi flipkart user, thank you so much for your feedback. we are glad that you are enjoying flipkart and we look forward to serving you again.",8.29,Flipkart
Urmila,Trusted app,5,0,Unkown,10-08-2025,"Hi flipkart user, thank you so much for your feedback. we are glad that you are enjoying flipkart and we look forward to serving you again.",Unknown,Flipkart
Khush mohammad Ansari,Good,5,0,8.29,10-08-2025,"Hi flipkart user, thank you so much for your feedback. we are glad that you are enjoying flipkart and we look forward to serving you again.",8.29,Flipkart
siddhesh shetkar,It's been more than a month since i raised a 6th time return request but no one came for pick up my item and now i am connecting again they are not helping we are sorry we can't do anything this such pathetic service i am filing case against this in consumer forum no help for customer such worst and fraud company won't help you soon i complaint has been registered i am filing case against flipkart such fraud company,1,0,8.29,10-08-2025,No Reply,8.29,Flipkart
Dhanush guy,Good app ...,3,0,8.29,10-08-2025,"Thanks for the love, dhanush! if you’re happy with everything, a 5-star rating would mean the world to us!",8.29,Flipkart
Parwinder singh,Bhut vdia,5,0,8.19,10-08-2025,"Hi flipkart user, thank you so much for your feedback. we are glad that you are enjoying flipkart and we look forward to serving you again.",8.19,Flipkart
Ajay K M,Good,5,0,8.21,10-08-2025,"Hi flipkart user, thank you so much for your feedback. we are glad that you are enjoying flipkart and we look forward to serving you again.",8.21,Flipkart
Gufran Ali,Excellent,5,0,8.3,10-08-2025,"Hi flipkart user, thank you so much for your feedback. we are glad that you are enjoying flipkart and we look forward to serving you again.",8.3,Flipkart
Rakeshchithala,Best brands,4,0,Unkown,10-08-2025,"Hi flipkart user, thank you so much for your feedback. we are glad that you are enjoying flipkart and we look forward to serving you again.",Unknown,Flipkart
Cool bhadur Bhadur,Nice product,5,0,8.29,10-08-2025,"Hi flipkart user, thank you so much for your feedback. we are glad that you are enjoying flipkart and we look forward to serving you again.",8.29,Flipkart
SUPRAKASH PRAMANICK,good,4,0,8.29,10-08-2025,"Hi flipkart user, thank you so much for your feedback. we are glad that you are enjoying flipkart and we look forward to serving you again.",8.29,Flipkart
BADAL SINGH,Good,5,0,8.29,10-08-2025,"Hi flipkart user, thank you so much for your feedback. we are glad that you are enjoying flipkart and we look forward to serving you again.",8.29,Flipkart
Vikram Mandal,Nice product l,5,0,8.29,10-08-2025,"Hi flipkart user, thank you so much for your feedback. we are glad that you are enjoying flipkart and we look forward to serving you again.",8.29,Flipkart
Vallagi Chinna madhaiah,In that flifkart products are not good and trust....,1,0,8.26,10-08-2025,No Reply,8.26,Flipkart
Soniya Sarkar,Darun,5,0,8.29,10-08-2025,"Hi flipkart user, thank you so much for your feedback. we are glad that you are enjoying flipkart and we look forward to serving you again.",8.29,Flipkart
pushya jeeru,"Worst experience ever, very irresponsible customer service, never resolved my problem even after calling them since one year, the customer support always gives robotic answers and cuts the calls on the customers repeating the same words, never looks further into it. got scammed by the seller and they never took any action and never got my money back",1,0,8.3,10-08-2025,No Reply,8.3,Flipkart
Deepak Kumar,Very good,5,0,8.29,10-08-2025,"Hi flipkart user, thank you so much for your feedback. we are glad that you are enjoying flipkart and we look forward to serving you again.",8.29,Flipkart
Hamid Raza,Good,5,0,8.3,10-08-2025,"Hi flipkart user, thank you so much for your feedback. we are glad that you are enjoying flipkart and we look forward to serving you again.",8.3,Flipkart
Rehan Shah,nan,5,0,8.29,10-08-2025,"Hi flipkart user, thank you so much for your feedback. we are glad that you are enjoying flipkart and we look forward to serving you again.",8.29,Flipkart
Pritam Mhaske,"Worst and pathetic service from flipkart.... order placed on 2nd aug and it is still not deliver. delivery date is changed in the app itself. i suggest if you see any option for delivery in one or two day, do not order that product. flipkart uses shadowfox courier services which is shittiest service in mumbai and thane",1,0,8.3,10-08-2025,"Hi flipkart user, we are sorry about your bad experience with us. please get in touch with us at www.flipkart.com/helpcentre to assist you. thanks for your patience!",8.3,Flipkart
Anmol Singh,Nice,5,0,8.29,10-08-2025,"Hi flipkart user, thank you so much for your feedback. we are glad that you are enjoying flipkart and we look forward to serving you again.",8.29,Flipkart
V Mallikarjun chari,I have ordered a mobile by exchange.4th time from flipkart delivery postponed all the times min of 2times. i am literally feedup with these service. they won't even connect& respond to the customer about delay. they raise complaint when we r ask them about item delay. (ekart was his 3rd party app.) worrest service.,1,0,8.29,10-08-2025,No Reply,8.29,Flipkart
Mohit Shrivastav,Ek number,5,0,8.29,10-08-2025,"Hi flipkart user, thank you so much for your feedback. we are glad that you are enjoying flipkart and we look forward to serving you again.",8.29,Flipkart
Brijesh Khanpara,Very good service,5,0,8.1,10-08-2025,"Hi flipkart user, thank you so much for your feedback. we are glad that you are enjoying flipkart and we look forward to serving you again.",8.1,Flipkart
Prasadbathini,Good,5,0,8.29,10-08-2025,"Hi flipkart user, thank you so much for your feedback. we are glad that you are enjoying flipkart and we look forward to serving you again.",8.29,Flipkart
jaga deesan,Good,4,0,8.23,10-08-2025,"Hi flipkart user, thank you so much for your feedback. we are glad that you are enjoying flipkart and we look forward to serving you again.",8.23,Flipkart
Ratneswar Regon,Excellent,1,0,8.29,10-08-2025,"Hi flipkart user, thank you for your kind words! would you also like to give us more stars? 5 stars - very good, 4 stars- good, 3 stars - okay, 2 stars - bad, 1 star- very bad",8.29,Flipkart
Ravi Raviraj,Nice,1,0,8.29,10-08-2025,"Hi flipkart user, thank you for your kind words! would you also like to give us more stars? 5 stars - very good, 4 stars- good, 3 stars - okay, 2 stars - bad, 1 star- very bad",8.29,Flipkart
Ramesh Makvana,Ok,5,0,8.28,10-08-2025,"Hi flipkart user, thank you so much for your feedback. we are glad that you are enjoying flipkart and we look forward to serving you again.",8.28,Flipkart
Santosh Kumar,Nice,5,0,8.29,10-08-2025,"Hi flipkart user, thank you so much for your feedback. we are glad that you are enjoying flipkart and we look forward to serving you again.",8.29,Flipkart
Rajkishore Thakur,"I have given 5 star earlier, but nowadays your services are pathetic..",1,0,8.29,10-08-2025,No Reply,8.29,Flipkart
Anand Kakde,"लय भारी, फ्लिपकार्ट वरी।।।।",4,0,8.29,10-08-2025,"Hi flipkart user, thank you so much for your feedback. we are glad that you are enjoying flipkart and we look forward to serving you again.",8.29,Flipkart
Nusrat Jahan Akbar,Nice,2,0,Unkown,10-08-2025,"Hi flipkart user, thank you for your kind words! would you also like to give us more stars? 5 stars - very good, 4 stars- good, 3 stars - okay, 2 stars - bad, 1 star- very bad",Unknown,Flipkart
Ajoy Gupta,Very good,5,0,8.29,10-08-2025,"Hi flipkart user, thank you so much for your feedback. we are glad that you are enjoying flipkart and we look forward to serving you again.",8.29,Flipkart
Keshav Kumar,Good and on time service,5,0,8.28,10-08-2025,"Hi flipkart user, thank you so much for your feedback. we are glad that you are enjoying flipkart and we look forward to serving you again.",8.28,Flipkart
AVIDI SRINIVASA,They charged handling fee,3,0,8.3,10-08-2025,"Srinivasa, we are sorry about your experience and would like to help you out. please get in touch with us at user-experience@flipkart.com securely and provide your registered phone number/email and app store info so we can help.",8.3,Flipkart
UIKEY JII,Nice aap,5,0,8.29,10-08-2025,"Hi flipkart user, thank you so much for your feedback. we are glad that you are enjoying flipkart and we look forward to serving you again.",8.29,Flipkart
J Arockia surendar surendar j,Good,5,0,8.28,10-08-2025,"Hi flipkart user, thank you so much for your feedback. we are glad that you are enjoying flipkart and we look forward to serving you again.",8.28,Flipkart
Anwar shariff Anwar,West of experience flipkart order automatically cancelled and not delivered timings product,1,0,8.3,10-08-2025,No Reply,8.3,Flipkart
Asha Kandesar,Very good,5,0,8.3,10-08-2025,"Hi flipkart user, thank you so much for your feedback. we are glad that you are enjoying flipkart and we look forward to serving you again.",8.3,Flipkart
Ahamed Jaleel,Very nice,5,0,8.29,10-08-2025,"Hi flipkart user, thank you so much for your feedback. we are glad that you are enjoying flipkart and we look forward to serving you again.",8.29,Flipkart
No Name,Noice but there anre many products that's are fake and some packages are very bad that's why i am taking 2 stars,5,0,8.26,10-08-2025,"Hi flipkart user, thank you so much for your feedback. we are glad that you are enjoying flipkart and we look forward to serving you again.",8.26,Flipkart
Roushan Kumar,nan,5,0,8.29,10-08-2025,"Hi flipkart user, thank you so much for your feedback. we are glad that you are enjoying flipkart and we look forward to serving you again.",8.29,Flipkart
Lavkesh Gahlawat,Worst service ever.,1,0,8.29,10-08-2025,No Reply,8.29,Flipkart
Silver Chariot,Awful,1,0,8.29,10-08-2025,No Reply,8.29,Flipkart
Babita Kumari,Good,4,0,8.29,10-08-2025,"Hi flipkart user, thank you so much for your feedback. we are glad that you are enjoying flipkart and we look forward to serving you again.",8.29,Flipkart
Monu Kumar,Nice,5,0,8.29,10-08-2025,"Hi flipkart user, thank you so much for your feedback. we are glad that you are enjoying flipkart and we look forward to serving you again.",8.29,Flipkart
shashank rathod,Super,5,0,8.29,10-08-2025,"Hi flipkart user, thank you so much for your feedback. we are glad that you are enjoying flipkart and we look forward to serving you again.",8.29,Flipkart
Vidya Sagar,Best app for online shopping,5,0,8.29,10-08-2025,"Hi flipkart user, thank you so much for your feedback. we are glad that you are enjoying flipkart and we look forward to serving you again.",8.29,Flipkart
Kanika Susaniya,This app is really good,5,0,8.29,10-08-2025,"Hi flipkart user, thank you so much for your feedback. we are glad that you are enjoying flipkart and we look forward to serving you again.",8.29,Flipkart
PRINCE DHIMAN,Good app,5,0,8.27,10-08-2025,"Hi flipkart user, thank you so much for your feedback. we are glad that you are enjoying flipkart and we look forward to serving you again.",8.27,Flipkart
Ramalingam L,Super,5,0,8.29,10-08-2025,"Hi flipkart user, thank you so much for your feedback. we are glad that you are enjoying flipkart and we look forward to serving you again.",8.29,Flipkart
Sohail Khan,Upi payment problem,1,0,8.29,10-08-2025,"Hi flipkart user, we sincerely apologize for the inconvenience. please share the details of your issue with app-feedback@flipkart.com for the team to quickly resolve it for you.",8.29,Flipkart
SAMURAI 333,God application,5,0,8.18,10-08-2025,"Hi flipkart user, thank you so much for your feedback. we are glad that you are enjoying flipkart and we look forward to serving you again.",8.18,Flipkart
Ronaldo Cristiano,Good,1,0,8.3,10-08-2025,"Hi flipkart user, thank you for your kind words! would you also like to give us more stars? 5 stars - very good, 4 stars- good, 3 stars - okay, 2 stars - bad, 1 star- very bad",8.3,Flipkart
Subashree Prabhu,Good,5,0,8.29,10-08-2025,"Hi flipkart user, thank you so much for your feedback. we are glad that you are enjoying flipkart and we look forward to serving you again.",8.29,Flipkart
Ali zadran,Good,5,0,8.3,10-08-2025,"Hi flipkart user, thank you so much for your feedback. we are glad that you are enjoying flipkart and we look forward to serving you again.",8.3,Flipkart
Satish Kumar,Gud,5,0,8.29,10-08-2025,"Hi flipkart user, thank you so much for your feedback. we are glad that you are enjoying flipkart and we look forward to serving you again.",8.29,Flipkart
jai chala club olmunda,Bahut acha,5,0,8.17,10-08-2025,"Hi flipkart user, thank you so much for your feedback. we are glad that you are enjoying flipkart and we look forward to serving you again.",8.17,Flipkart
Kapil Kumar,Good product,4,0,8.29,10-08-2025,"Hi flipkart user, thank you so much for your feedback. we are glad that you are enjoying flipkart and we look forward to serving you again.",8.29,Flipkart
Deepak Mishra,Good aap,5,0,8.29,10-08-2025,"Hi flipkart user, thank you so much for your feedback. we are glad that you are enjoying flipkart and we look forward to serving you again.",8.29,Flipkart
Sudhir Rao,Flipkart sach a greatest shoping app,5,0,7.52,10-08-2025,"Hi flipkart user, thank you so much for your feedback. we are glad that you are enjoying flipkart and we look forward to serving you again.",7.52,Flipkart
Mitanjali Pallai,Excellent,5,0,8.25,10-08-2025,"Hi flipkart user, thank you so much for your feedback. we are glad that you are enjoying flipkart and we look forward to serving you again.",8.25,Flipkart
Sanjukta Kumari,Good,3,0,8.29,10-08-2025,"Thanks for the love, sanjukta! if you’re happy with everything, a 5-star rating would mean the world to us!",8.29,Flipkart
Miss Spacetraveller,"No ethics, no transparency at all!!! flipkart is charging 200 around for each single order in the name of delivery charge, packaging, tax, etc. but nowhere it mentioned clearly!!!! after recieving the mail, i came to know this much huge scam is going on!!!!!! cheaters",1,0,8.29,10-08-2025,No Reply,8.29,Flipkart
N2K gemeng,Very nice,5,0,8.29,10-08-2025,"Hi flipkart user, thank you so much for your feedback. we are glad that you are enjoying flipkart and we look forward to serving you again.",8.29,Flipkart
Shaik Saleema,Good,4,0,8.29,10-08-2025,"Hi flipkart user, thank you so much for your feedback. we are glad that you are enjoying flipkart and we look forward to serving you again.",8.29,Flipkart
M Eshwar,Ok,4,0,8.29,10-08-2025,"Hi flipkart user, thank you so much for your feedback. we are glad that you are enjoying flipkart and we look forward to serving you again.",8.29,Flipkart
Jadav Nirmal,Always dilevery problem,1,0,8.29,10-08-2025,"Hi flipkart user, we are sorry about your bad experience with us. please get in touch with us at www.flipkart.com/helpcentre to assist you. thanks for your patience!",8.29,Flipkart
Savara Trivekar,Super app,5,0,8.3,10-08-2025,"Hi flipkart user, thank you so much for your feedback. we are glad that you are enjoying flipkart and we look forward to serving you again.",8.3,Flipkart
Basava Basavaraj,Very good,5,0,8.27,10-08-2025,"Hi flipkart user, thank you so much for your feedback. we are glad that you are enjoying flipkart and we look forward to serving you again.",8.27,Flipkart
hitesh vyas,Day by day the experience is gone worst then ever if you want damaged product and want to waste your money then go with the flipkart it's best option ever.....,1,0,8.29,10-08-2025,"Hi flipkart user, we are sorry about your bad experience with us. please get in touch with us at www.flipkart.com/helpcentre to assist you. thanks for your patience!",8.29,Flipkart
Mijanur Rahman,Good job,1,0,8.29,10-08-2025,"Hi flipkart user, thank you for your kind words! would you also like to give us more stars? 5 stars - very good, 4 stars- good, 3 stars - okay, 2 stars - bad, 1 star- very bad",8.29,Flipkart
Riya Garg,I won the scratch card from flipkart that buy 2 for 499 from renee...and renee shows this coupon is not valid...what is this flipkart if you give this then how can we redeem and i want my gifts that i won from flipkart. if you give the scratch card then give them in practical way alsooooo .,1,0,8.3,10-08-2025,No Reply,8.3,Flipkart
Md Jamil,Good,3,0,8.29,10-08-2025,"Thanks so much for the awesome feedback, jamil! if you think we deserve a higher rating, we'd love for you to update it to a 4 or 5 star when you get a chance!",8.29,Flipkart
Zack,Awesome discount of all products.,5,0,8.29,10-08-2025,"Hi flipkart user, thank you so much for your feedback. we are glad that you are enjoying flipkart and we look forward to serving you again.",8.29,Flipkart
Sunnny Singh,Good,4,0,8.29,10-08-2025,"Hi flipkart user, thank you so much for your feedback. we are glad that you are enjoying flipkart and we look forward to serving you again.",8.29,Flipkart
Pradum Gupta,Good,3,0,8.29,10-08-2025,"Thanks for the love, pradum! if you’re happy with everything, a 5-star rating would mean the world to us!",8.29,Flipkart
Nasri Uddin,Ok,5,0,8.27,10-08-2025,"Hi flipkart user, thank you so much for your feedback. we are glad that you are enjoying flipkart and we look forward to serving you again.",8.27,Flipkart
rohan Dhanola,Worst e-commerce platform. i was trying to contact the flipkart service but every given no. on the web site is wrong. the chat bot wasn't able to help me as well. flipkart is the worst application that i have ever used fake product or duplicate no after sale service flipkart sucks.,1,0,Unkown,10-08-2025,No Reply,Unknown,Flipkart
Royal Surendra,To good for shopping,5,0,8.29,10-08-2025,"Hi flipkart user, thank you so much for your feedback. we are glad that you are enjoying flipkart and we look forward to serving you again.",8.29,Flipkart
Subhash Maurya,Awesome,3,0,8.3,10-08-2025,"Thanks so much for the awesome feedback, subhash! if you think we deserve a higher rating, we'd love for you to update it to a 4 or 5 star when you get a chance!",8.3,Flipkart
Mr.Deepak Rajput,Good,5,0,8.28,10-08-2025,"Hi flipkart user, thank you so much for your feedback. we are glad that you are enjoying flipkart and we look forward to serving you again.",8.28,Flipkart
DHANUSH RAJAN.K,Super,5,0,8.22,10-08-2025,"Hi flipkart user, thank you so much for your feedback. we are glad that you are enjoying flipkart and we look forward to serving you again.",8.22,Flipkart
Prakash Das,Good,4,0,8.28,10-08-2025,"Hi flipkart user, thank you so much for your feedback. we are glad that you are enjoying flipkart and we look forward to serving you again.",8.28,Flipkart
Apna Bihar,Worst experience ever with flipkart.,1,0,Unkown,10-08-2025,No Reply,Unknown,Flipkart
Najar Singh,Good,5,0,8.29,10-08-2025,"Hi flipkart user, thank you so much for your feedback. we are glad that you are enjoying flipkart and we look forward to serving you again.",8.29,Flipkart
Ganesh Muda,Good product,5,0,8.29,10-08-2025,"Hi flipkart user, thank you so much for your feedback. we are glad that you are enjoying flipkart and we look forward to serving you again.",8.29,Flipkart
Karun Kavrani,Flipkart is awesome,5,0,8.29,10-08-2025,"Hi flipkart user, thank you so much for your feedback. we are glad that you are enjoying flipkart and we look forward to serving you again.",8.29,Flipkart
Saad Quazi,Good,5,0,8.29,10-08-2025,"Hi flipkart user, thank you so much for your feedback. we are glad that you are enjoying flipkart and we look forward to serving you again.",8.29,Flipkart
Md kadir Hussain,Super,5,0,Unkown,10-08-2025,"Hi flipkart user, thank you so much for your feedback. we are glad that you are enjoying flipkart and we look forward to serving you again.",Unknown,Flipkart
Rehan Garg,Third grade app very poor customer support sells fake products when ask help for returns no help from their side and says sorry we cab do nothing i just wasted my money near about 6000 rupees and they don't care i think they just take the commission for themselves.,1,0,Unkown,10-08-2025,No Reply,Unknown,Flipkart
Rakesh Kumar,Good service,5,0,8.29,10-08-2025,"Hi flipkart user, thank you so much for your feedback. we are glad that you are enjoying flipkart and we look forward to serving you again.",8.29,Flipkart
Dhira Maan,Excellent,5,0,8.26,10-08-2025,"Hi flipkart user, thank you so much for your feedback. we are glad that you are enjoying flipkart and we look forward to serving you again.",8.26,Flipkart
RAHUL SHARMA,Gorgeous,5,0,8.27,10-08-2025,"Hi flipkart user, thank you so much for your feedback. we are glad that you are enjoying flipkart and we look forward to serving you again.",8.27,Flipkart
Payal Prajapati,Nice,5,0,8.29,10-08-2025,"Hi flipkart user, thank you so much for your feedback. we are glad that you are enjoying flipkart and we look forward to serving you again.",8.29,Flipkart
Supritha RS,Hechu gunamattada product,4,0,8.29,10-08-2025,"Hi flipkart user, thank you so much for your feedback. we are glad that you are enjoying flipkart and we look forward to serving you again.",8.29,Flipkart
Sakeena Sakeena,Good product,5,0,8.29,10-08-2025,"Hi flipkart user, thank you so much for your feedback. we are glad that you are enjoying flipkart and we look forward to serving you again.",8.29,Flipkart
Sachin shiva,Super,5,0,8.28,10-08-2025,"Hi flipkart user, thank you so much for your feedback. we are glad that you are enjoying flipkart and we look forward to serving you again.",8.28,Flipkart
Siddharth Goutam,Good,2,0,8.29,10-08-2025,"Hi flipkart user, thank you for your kind words! would you also like to give us more stars? 5 stars - very good, 4 stars- good, 3 stars - okay, 2 stars - bad, 1 star- very bad",8.29,Flipkart
Kiran Birje,Best..,5,0,8.29,10-08-2025,"Hi flipkart user, thank you so much for your feedback. we are glad that you are enjoying flipkart and we look forward to serving you again.",8.29,Flipkart
Raj King,Nice,5,0,8.28,10-08-2025,"Hi flipkart user, thank you so much for your feedback. we are glad that you are enjoying flipkart and we look forward to serving you again.",8.28,Flipkart
Tushar Sonawane,nan,4,0,8.29,10-08-2025,"Hi flipkart user, thank you so much for your feedback. we are glad that you are enjoying flipkart and we look forward to serving you again.",8.29,Flipkart
Rakesh mandal,Happy,1,0,8.29,10-08-2025,"Hi flipkart user, thank you for your kind words! would you also like to give us more stars? 5 stars - very good, 4 stars- good, 3 stars - okay, 2 stars - bad, 1 star- very bad",8.29,Flipkart
Vasudev Chauhan,Nice work,5,0,8.29,10-08-2025,"Hi flipkart user, thank you so much for your feedback. we are glad that you are enjoying flipkart and we look forward to serving you again.",8.29,Flipkart
Ramesh Saini,Not show cod,2,0,8.3,10-08-2025,"Ramesh, we get that not having your preferred payment option isn't the best experience. you have our assurance that we'll work on increasing this coverage. you can read more about our other convenient payment options here: https://www.flipkart.com/pages/payments",8.3,Flipkart
Samarth Naik,Very bad delivery,1,0,8.29,10-08-2025,"Hi flipkart user, we are sorry about your bad experience with us. please get in touch with us at www.flipkart.com/helpcentre to assist you. thanks for your patience!",8.29,Flipkart
Prameshwar Suthar,Thanks for servicing,5,0,8.29,10-08-2025,"Hi flipkart user, thank you so much for your feedback. we are glad that you are enjoying flipkart and we look forward to serving you again.",8.29,Flipkart
Shyam Medok,Nice,5,0,8.29,10-08-2025,"Hi flipkart user, thank you so much for your feedback. we are glad that you are enjoying flipkart and we look forward to serving you again.",8.29,Flipkart
Mallikarjuna H M,Flipkart has now become worst. ordered a grocery item twice during independence sale and both orders not delivered. inspite being a vip member their support team has no idea where this issue is and they just reads same update. order finally gets cancelled by them and all offers gets wasted.. i have been using flipkart since its launch and never seen such issues.. seems it need to bring back it's focus on logistics and service quality.,1,0,8.29,10-08-2025,No Reply,8.29,Flipkart
Karunamayee Mahanta,Very very good,5,0,8.28,10-08-2025,"Hi flipkart user, thank you so much for your feedback. we are glad that you are enjoying flipkart and we look forward to serving you again.",8.28,Flipkart
KARTIK KUMAR,Thanks beta,4,0,8.29,10-08-2025,"Hi flipkart user, thank you so much for your feedback. we are glad that you are enjoying flipkart and we look forward to serving you again.",8.29,Flipkart
Anju Rishi,Nice,5,0,8.3,10-08-2025,"Hi flipkart user, thank you so much for your feedback. we are glad that you are enjoying flipkart and we look forward to serving you again.",8.3,Flipkart
Rahul Rajput,Good,4,0,8.26,10-08-2025,"Hi flipkart user, thank you so much for your feedback. we are glad that you are enjoying flipkart and we look forward to serving you again.",8.26,Flipkart
Dipusumi9 Sardar,G good,3,0,8.26,10-08-2025,"Thanks for the love, dipusumi! if you’re happy with everything, a 5-star rating would mean the world to us!",8.26,Flipkart
Sabari Nathan,Good one nice,5,0,8.25,10-08-2025,"Hi flipkart user, thank you so much for your feedback. we are glad that you are enjoying flipkart and we look forward to serving you again.",8.25,Flipkart
Saroj kumar,Chitting company.in sale i order 2watch but flipcart cancel both the orders. when i call reason product not available seller site but same available with heigher price.its a scam.,2,0,8.29,10-08-2025,"Saroj, apologies for the cancellation. please get in touch with us by writing securely at user-experience@flipkart.com and mention your order and app store details so we can help.",8.29,Flipkart
Afzal Aman,"Cash on delivery charges very disaster for flipkart, market expression will fall due to this service",1,0,8.29,10-08-2025,No Reply,8.29,Flipkart
Santosh Rakshit,Yer good,5,0,8.29,10-08-2025,"Hi flipkart user, thank you so much for your feedback. we are glad that you are enjoying flipkart and we look forward to serving you again.",8.29,Flipkart
Krishna Dubey,Very good,5,0,8.29,10-08-2025,"Hi flipkart user, thank you so much for your feedback. we are glad that you are enjoying flipkart and we look forward to serving you again.",8.29,Flipkart
Jasisufiyan Kallekkad,Exelent,5,0,8.17,10-08-2025,"Hi flipkart user, thank you so much for your feedback. we are glad that you are enjoying flipkart and we look forward to serving you again.",8.17,Flipkart
Chandan Chandu,ಸೂಪರ್ supaer,5,0,8.29,10-08-2025,"Hi flipkart user, thank you so much for your feedback. we are glad that you are enjoying flipkart and we look forward to serving you again.",8.29,Flipkart
Narinder Kumar,Good,5,0,8.28,10-08-2025,"Hi flipkart user, thank you so much for your feedback. we are glad that you are enjoying flipkart and we look forward to serving you again.",8.28,Flipkart
Rathod Rohit,Nice,2,0,8.29,10-08-2025,"Hi flipkart user, thank you for your kind words! would you also like to give us more stars? 5 stars - very good, 4 stars- good, 3 stars - okay, 2 stars - bad, 1 star- very bad",8.29,Flipkart
dipak gond,Good,5,0,8.14,10-08-2025,"Hi flipkart user, thank you so much for your feedback. we are glad that you are enjoying flipkart and we look forward to serving you again.",8.14,Flipkart
Mohammed Umez,Nice product,5,0,8.29,10-08-2025,"Hi flipkart user, thank you so much for your feedback. we are glad that you are enjoying flipkart and we look forward to serving you again.",8.29,Flipkart
sathish reddy,Nice collection good,5,0,8.29,10-08-2025,"Hi flipkart user, thank you so much for your feedback. we are glad that you are enjoying flipkart and we look forward to serving you again.",8.29,Flipkart
Sanjeev Kumar,Okay,5,0,8.3,10-08-2025,"Hi flipkart user, thank you so much for your feedback. we are glad that you are enjoying flipkart and we look forward to serving you again.",8.3,Flipkart
soni singh,Good,5,0,8.28,10-08-2025,"Hi flipkart user, thank you so much for your feedback. we are glad that you are enjoying flipkart and we look forward to serving you again.",8.28,Flipkart
Souvik Pondit,Good,5,0,8.29,10-08-2025,"Hi flipkart user, thank you so much for your feedback. we are glad that you are enjoying flipkart and we look forward to serving you again.",8.29,Flipkart
Free Fire,So nice,5,0,8.29,10-08-2025,"Hi flipkart user, thank you so much for your feedback. we are glad that you are enjoying flipkart and we look forward to serving you again.",8.29,Flipkart
Vipul Rathod,Awesome,5,0,8.26,10-08-2025,"Hi flipkart user, thank you so much for your feedback. we are glad that you are enjoying flipkart and we look forward to serving you again.",8.26,Flipkart
Nibash Kumar,Nice,3,0,8.11,10-08-2025,"Thanks so much for the awesome feedback, nibash! if you think we deserve a higher rating, we'd love for you to update it to a 4 or 5 star when you get a chance!",8.11,Flipkart
Rajeshwari M,Nice,5,0,8.29,10-08-2025,"Hi flipkart user, thank you so much for your feedback. we are glad that you are enjoying flipkart and we look forward to serving you again.",8.29,Flipkart
Yerukali Balraju,Nice,5,0,8.29,10-08-2025,"Hi flipkart user, thank you so much for your feedback. we are glad that you are enjoying flipkart and we look forward to serving you again.",8.29,Flipkart
Rohit Mahesh,Nice,5,0,8.29,10-08-2025,"Hi flipkart user, thank you so much for your feedback. we are glad that you are enjoying flipkart and we look forward to serving you again.",8.29,Flipkart
Vikram Bhaliya,Nice,3,0,8.3,10-08-2025,"Thanks for the love, vikram! if you’re happy with everything, a 5-star rating would mean the world to us!",8.3,Flipkart
parthiv udayan,Worst delivery experiences. i ordered many products but the order was like (your order could not be delivered due to an unexpected issue. retrying delivery within 24 hours ).they did not even called me and after some days products was cancelled without my consent. worst delivery experiences and lose trust in flipkart app. worst worst app,1,0,8.29,10-08-2025,No Reply,8.29,Flipkart
Ashik Arshi,Good app for any product,5,0,8.29,10-08-2025,"Hi flipkart user, thank you so much for your feedback. we are glad that you are enjoying flipkart and we look forward to serving you again.",8.29,Flipkart
Pawan Kumar,Nice,5,0,8.21,10-08-2025,"Hi flipkart user, thank you so much for your feedback. we are glad that you are enjoying flipkart and we look forward to serving you again.",8.21,Flipkart
Tohide Khan,nan,1,0,8.3,10-08-2025,No Reply,8.3,Flipkart
Vishwarupachary Sangoju,Good,5,0,8.29,10-08-2025,"Hi flipkart user, thank you so much for your feedback. we are glad that you are enjoying flipkart and we look forward to serving you again.",8.29,Flipkart
Subhash Verma,सुपर,1,0,8.29,10-08-2025,No Reply,8.29,Flipkart
Vansh Babiya,Very best,5,0,8.29,10-08-2025,"Hi flipkart user, thank you so much for your feedback. we are glad that you are enjoying flipkart and we look forward to serving you again.",8.29,Flipkart
Ritu Sinha,Needs improvement in transparency,3,0,8.3,10-08-2025,No Reply,8.3,Flipkart
Harish Kumar,Super,1,0,8.29,10-08-2025,"Hi flipkart user, thank you for your kind words! would you also like to give us more stars? 5 stars - very good, 4 stars- good, 3 stars - okay, 2 stars - bad, 1 star- very bad",8.29,Flipkart
Navneet Kumar,Ok,5,0,8.29,10-08-2025,"Hi flipkart user, thank you so much for your feedback. we are glad that you are enjoying flipkart and we look forward to serving you again.",8.29,Flipkart
Chaudhari Pravin,V good,5,0,8.29,10-08-2025,"Hi flipkart user, thank you so much for your feedback. we are glad that you are enjoying flipkart and we look forward to serving you again.",8.29,Flipkart
Vimlesh Vimlesh,Nice,5,0,8.3,10-08-2025,"Hi flipkart user, thank you so much for your feedback. we are glad that you are enjoying flipkart and we look forward to serving you again.",8.3,Flipkart
Shiwansh Kumar,Nice app,5,0,8.29,10-08-2025,"Hi flipkart user, thank you so much for your feedback. we are glad that you are enjoying flipkart and we look forward to serving you again.",8.29,Flipkart
Ashraj Kuchekar,How did my order get canceled? reply to flipkart.,1,0,8.3,10-08-2025,No Reply,8.3,Flipkart
Karthi Kavitha,Super,5,0,8.29,10-08-2025,"Hi flipkart user, thank you so much for your feedback. we are glad that you are enjoying flipkart and we look forward to serving you again.",8.29,Flipkart
Manisha Rote,This app is very excellent,5,0,8.3,10-08-2025,"Hi flipkart user, thank you so much for your feedback. we are glad that you are enjoying flipkart and we look forward to serving you again.",8.3,Flipkart
Kanchan Yadav,Good,4,0,8.28,10-08-2025,"Hi flipkart user, thank you so much for your feedback. we are glad that you are enjoying flipkart and we look forward to serving you again.",8.28,Flipkart
Raja Taison,Good,3,0,8.29,10-08-2025,"Thanks so much for the awesome feedback, raja! if you think we deserve a higher rating, we'd love for you to update it to a 4 or 5 star when you get a chance!",8.29,Flipkart
A.shaikh Technical support,Good,5,0,8.29,10-08-2025,"Hi flipkart user, thank you so much for your feedback. we are glad that you are enjoying flipkart and we look forward to serving you again.",8.29,Flipkart
Sushma Himanshi,Good,5,0,Unkown,10-08-2025,"Hi flipkart user, thank you so much for your feedback. we are glad that you are enjoying flipkart and we look forward to serving you again.",Unknown,Flipkart
Pampa Saren,Great experience,5,0,8.26,10-08-2025,"Hi flipkart user, thank you so much for your feedback. we are glad that you are enjoying flipkart and we look forward to serving you again.",8.26,Flipkart
SHADAAN KHAN,Great,4,0,8.29,10-08-2025,"Hi flipkart user, thank you so much for your feedback. we are glad that you are enjoying flipkart and we look forward to serving you again.",8.29,Flipkart
vikey and abhi lash,Super baa,5,0,8.29,10-08-2025,"Hi flipkart user, thank you so much for your feedback. we are glad that you are enjoying flipkart and we look forward to serving you again.",8.29,Flipkart
Khushi Maurya,Worst experience with supercoins. i paid ₹435 + 64 supercoins for a domino's voucher and still haven't gotten the voucher. there is no help option either. please refund my money or provide me the voucher that i paid for.,1,0,8.3,10-08-2025,No Reply,8.3,Flipkart
Vishnu,It is very good all the products are good,5,0,8.21,10-08-2025,"Hi flipkart user, thank you so much for your feedback. we are glad that you are enjoying flipkart and we look forward to serving you again.",8.21,Flipkart
Manpreet Kaur,Good,5,0,8.28,10-08-2025,"Hi flipkart user, thank you so much for your feedback. we are glad that you are enjoying flipkart and we look forward to serving you again.",8.28,Flipkart
HardikMakvana ,Good,5,0,8.29,10-08-2025,"Hi flipkart user, thank you so much for your feedback. we are glad that you are enjoying flipkart and we look forward to serving you again.",8.29,Flipkart
Nitu Devi,Very good app,5,0,8.29,10-08-2025,"Hi flipkart user, thank you so much for your feedback. we are glad that you are enjoying flipkart and we look forward to serving you again.",8.29,Flipkart
anmol tamangh,Good app for use,5,0,Unkown,10-08-2025,"Hi flipkart user, thank you so much for your feedback. we are glad that you are enjoying flipkart and we look forward to serving you again.",Unknown,Flipkart
Vikas S Kumar,Pease add dark mode features at least 3 mode dark light dark(grey) light mode,4,0,8.29,10-08-2025,"Hi flipkart user, thank you so much for your feedback. we are glad that you are enjoying flipkart and we look forward to serving you again.",8.29,Flipkart
Savi Choudhary,Poor company and poor service,1,0,Unkown,10-08-2025,No Reply,Unknown,Flipkart
Sarada Nanjan,Superb,5,0,8.27,10-08-2025,"Hi flipkart user, thank you so much for your feedback. we are glad that you are enjoying flipkart and we look forward to serving you again.",8.27,Flipkart
Virpal Singh,nan,5,0,8.29,10-08-2025,"Hi flipkart user, thank you so much for your feedback. we are glad that you are enjoying flipkart and we look forward to serving you again.",8.29,Flipkart
Krishna Krish,Super,4,0,8.29,10-08-2025,"Hi flipkart user, thank you so much for your feedback. we are glad that you are enjoying flipkart and we look forward to serving you again.",8.29,Flipkart
Tenjing Lama,Nic,5,0,8.29,10-08-2025,"Hi flipkart user, thank you so much for your feedback. we are glad that you are enjoying flipkart and we look forward to serving you again.",8.29,Flipkart
Subal Sarkar,This app my number block and call for this help line number call for me and don't answer and don't unblock my number,1,0,8.19,10-08-2025,No Reply,8.19,Flipkart
SOHAIL AMAN19,"I ordered a fan it's shows order missing 1 month ago yesterday i ordered 55 inch tv delivery person call me and say i can't give your tv even he is in perfect delivery location, i think the application is doing a fraud with customers only for install and use the application (0) output from the application.",1,0,8.29,10-08-2025,"Hi flipkart user, we are sorry about your bad experience with us. please get in touch with us at www.flipkart.com/helpcentre to assist you. thanks for your patience!",8.29,Flipkart
Rahul Patel,Ok,4,0,8.24,10-08-2025,"Hi flipkart user, thank you so much for your feedback. we are glad that you are enjoying flipkart and we look forward to serving you again.",8.24,Flipkart
Ashish Prajapati,best,5,0,8.29,10-08-2025,"Hi flipkart user, thank you so much for your feedback. we are glad that you are enjoying flipkart and we look forward to serving you again.",8.29,Flipkart
POOJA YADAV,Nice,4,0,8.27,10-08-2025,"Hi flipkart user, thank you so much for your feedback. we are glad that you are enjoying flipkart and we look forward to serving you again.",8.27,Flipkart
Harish Nadiminti,One of the worst product are delivery... all images all fake.... amazon and mintra apps are best for delivery.... all shop owner of flipkart are worst products are delivered. last 2 to more products are worst...,1,0,8.21,10-08-2025,"Hi flipkart user, we are sorry about your bad experience with us. please get in touch with us at www.flipkart.com/helpcentre to assist you. thanks for your patience!",8.21,Flipkart
Motapalukula Lalitha,Good,4,0,8.27,10-08-2025,"Hi flipkart user, thank you so much for your feedback. we are glad that you are enjoying flipkart and we look forward to serving you again.",8.27,Flipkart
swamy t,గుడ్,4,0,8.29,10-08-2025,"Hi flipkart user, thank you so much for your feedback. we are glad that you are enjoying flipkart and we look forward to serving you again.",8.29,Flipkart
Ajeet Paswan,Good,5,0,8.29,10-08-2025,"Hi flipkart user, thank you so much for your feedback. we are glad that you are enjoying flipkart and we look forward to serving you again.",8.29,Flipkart
Khanal Om,Very good,5,0,8.29,10-08-2025,"Hi flipkart user, thank you so much for your feedback. we are glad that you are enjoying flipkart and we look forward to serving you again.",8.29,Flipkart
Raasi Mobiles,Nice,5,0,8.29,10-08-2025,"Hi flipkart user, thank you so much for your feedback. we are glad that you are enjoying flipkart and we look forward to serving you again.",8.29,Flipkart
Raju Md,Nice,5,0,8.29,10-08-2025,"Hi flipkart user, thank you so much for your feedback. we are glad that you are enjoying flipkart and we look forward to serving you again.",8.29,Flipkart
Manal Raza,Best app,5,0,8.29,10-08-2025,"Hi flipkart user, thank you so much for your feedback. we are glad that you are enjoying flipkart and we look forward to serving you again.",8.29,Flipkart
Jilesh Raychura,Can you pls tell how to connect with customer executive in your app.. in any option i can't find to chat or call option.. it's amazing... thank you...,1,0,8.29,10-08-2025,No Reply,8.29,Flipkart
Anand Memakiya,Good,5,0,8.3,10-08-2025,"Hi flipkart user, thank you so much for your feedback. we are glad that you are enjoying flipkart and we look forward to serving you again.",8.3,Flipkart
Satish Rekha,Super,4,0,8.29,10-08-2025,"Hi flipkart user, thank you so much for your feedback. we are glad that you are enjoying flipkart and we look forward to serving you again.",8.29,Flipkart
Khushboo kumari Khushboo kumari,Thanks flipkart,3,0,8.29,10-08-2025,No Reply,8.29,Flipkart
Boyar Debbarma,Achcha achcha saman milta hai fir kabhi na koi bhi film download,5,0,8.29,10-08-2025,"Hi flipkart user, thank you so much for your feedback. we are glad that you are enjoying flipkart and we look forward to serving you again.",8.29,Flipkart
Nitin Turaskar,Good,4,0,8.29,10-08-2025,"Hi flipkart user, thank you so much for your feedback. we are glad that you are enjoying flipkart and we look forward to serving you again.",8.29,Flipkart
Sunny Raj,Very nice,5,0,8.29,10-08-2025,"Hi flipkart user, thank you so much for your feedback. we are glad that you are enjoying flipkart and we look forward to serving you again.",8.29,Flipkart
Svk music,Very nice,5,0,Unkown,10-08-2025,"Hi flipkart user, thank you so much for your feedback. we are glad that you are enjoying flipkart and we look forward to serving you again.",Unknown,Flipkart
Amit Singh,Very bad experience in this app,1,0,8.23,10-08-2025,"Amit, we are sorry about your experience and would like to help you out. please get in touch with us at user-experience@flipkart.com securely and provide your registered phone number/email and app store info so we can help.",8.23,Flipkart
Lingaraj Appu,Good,5,0,8.29,10-08-2025,"Hi flipkart user, thank you so much for your feedback. we are glad that you are enjoying flipkart and we look forward to serving you again.",8.29,Flipkart
Alfaafiyaaifa123 Alfaafiya,nan,4,0,8.28,10-08-2025,"Hi flipkart user, thank you so much for your feedback. we are glad that you are enjoying flipkart and we look forward to serving you again.",8.28,Flipkart
Meena Verma,Accha,5,0,8.29,10-08-2025,"Hi flipkart user, thank you so much for your feedback. we are glad that you are enjoying flipkart and we look forward to serving you again.",8.29,Flipkart
Sreenu Sreenu,Warest in the world warest products and loss of money don't buy these app and don't install app please delete all numbers these app,1,0,8.29,10-08-2025,No Reply,8.29,Flipkart
Pankajini Mohanta,Nice app,5,0,8.27,10-08-2025,"Hi flipkart user, thank you so much for your feedback. we are glad that you are enjoying flipkart and we look forward to serving you again.",8.27,Flipkart
Chandan Kumar,Good,1,0,8.3,10-08-2025,"Hi flipkart user, thank you for your kind words! would you also like to give us more stars? 5 stars - very good, 4 stars- good, 3 stars - okay, 2 stars - bad, 1 star- very bad",8.3,Flipkart
Umar Memon,"Unbelievable i ordered icecream and delivery in 3minuites but after 5,6 order delivery charge is very expensive",3,0,8.26,10-08-2025,No Reply,8.26,Flipkart
InFo 4 U,"Very bad, not okay with the service ,it almost delay by 1 week still showing old date as a delivery date . no updates on order when it will deliver . no customer care . app just open a ticket case and keep silent . very disappointed now a days .",1,0,8.29,10-08-2025,"Hi flipkart user, we are sorry about your bad experience with us. please get in touch with us at www.flipkart.com/helpcentre to assist you. thanks for your patience!",8.29,Flipkart
umaa saraf,"I am unable to receive otp,the account details aren't getting updated, i tried reinstalling it but it's not even getting kindly solve the issue asap",1,0,7.74,10-08-2025,No Reply,7.74,Flipkart
Bhagirathsinh Gohil,Super app,5,0,8.3,10-08-2025,"Hi flipkart user, thank you so much for your feedback. we are glad that you are enjoying flipkart and we look forward to serving you again.",8.3,Flipkart
BOMKE RIBA,Okay,5,0,8.29,10-08-2025,"Hi flipkart user, thank you so much for your feedback. we are glad that you are enjoying flipkart and we look forward to serving you again.",8.29,Flipkart
Laxmi Prasad,Very good,5,0,8.29,10-08-2025,"Hi flipkart user, thank you so much for your feedback. we are glad that you are enjoying flipkart and we look forward to serving you again.",8.29,Flipkart
Jay Auto Service Centre,Nice,1,0,8.3,10-08-2025,"Hi flipkart user, thank you for your kind words! would you also like to give us more stars? 5 stars - very good, 4 stars- good, 3 stars - okay, 2 stars - bad, 1 star- very bad",8.3,Flipkart
Mohini Pal,nan,5,0,8.3,10-08-2025,"Hi flipkart user, thank you so much for your feedback. we are glad that you are enjoying flipkart and we look forward to serving you again.",8.3,Flipkart
Dinesh Patel,Very good plat foam,5,0,8.29,10-08-2025,"Hi flipkart user, thank you so much for your feedback. we are glad that you are enjoying flipkart and we look forward to serving you again.",8.29,Flipkart
Deepika Arya,Nice app,5,0,8.28,10-08-2025,"Hi flipkart user, thank you so much for your feedback. we are glad that you are enjoying flipkart and we look forward to serving you again.",8.28,Flipkart
Rajashree Devi,Good,4,0,8.29,10-08-2025,"Hi flipkart user, thank you so much for your feedback. we are glad that you are enjoying flipkart and we look forward to serving you again.",8.29,Flipkart
Rajkumari Ahirwar,Nice pi,5,0,8.29,10-08-2025,"Hi flipkart user, thank you so much for your feedback. we are glad that you are enjoying flipkart and we look forward to serving you again.",8.29,Flipkart
Hamu Hamatha,Good,5,0,8.29,10-08-2025,"Hi flipkart user, thank you so much for your feedback. we are glad that you are enjoying flipkart and we look forward to serving you again.",8.29,Flipkart
Mohammed Rafiq,Thank for this much discount,5,0,8.29,10-08-2025,"Hi flipkart user, thank you so much for your feedback. we are glad that you are enjoying flipkart and we look forward to serving you again.",8.29,Flipkart
Farhad Farhad,Good app,1,0,8.29,10-08-2025,"Hi flipkart user, thank you for your kind words! would you also like to give us more stars? 5 stars - very good, 4 stars- good, 3 stars - okay, 2 stars - bad, 1 star- very bad",8.29,Flipkart
SUBEESH S (SUBINIVAS),Good,5,0,8.29,10-08-2025,"Hi flipkart user, thank you so much for your feedback. we are glad that you are enjoying flipkart and we look forward to serving you again.",8.29,Flipkart
Jaat Chaudhary,Good,5,0,8.29,10-08-2025,"Hi flipkart user, thank you so much for your feedback. we are glad that you are enjoying flipkart and we look forward to serving you again.",8.29,Flipkart
Dada Kalander,Irrelevant prices for every product... meesho has the best prices for every product... it shows one price when you scroll.. and another price when you are going to order.. meesho app is best than flipkart in quality money everything,1,0,8.29,10-08-2025,No Reply,8.29,Flipkart
ARUN DEY,Very bad delivery boys...my order not received but filpkart account show delivered on today filpkart... i'm so angry mu money best online payment...i lost my money... bed service,1,0,Unkown,10-08-2025,No Reply,Unknown,Flipkart
Ajit Shinde,Good,1,0,8.29,10-08-2025,"Hi flipkart user, thank you for your kind words! would you also like to give us more stars? 5 stars - very good, 4 stars- good, 3 stars - okay, 2 stars - bad, 1 star- very bad",8.29,Flipkart
rames Crazy,I have a worst service experience in this shop app late delivery no customer care number if we are talk to customer care the questions was repeatedly no 1 worst service... next time onwards i don't want to shop in this flipkart tq,1,0,8.3,10-08-2025,No Reply,8.3,Flipkart
Nokman A.dapgre,Very good,5,0,8.3,10-08-2025,"Hi flipkart user, thank you so much for your feedback. we are glad that you are enjoying flipkart and we look forward to serving you again.",8.3,Flipkart
FOOLS HOWLING,Very nice.,5,0,8.29,10-08-2025,"Hi flipkart user, thank you so much for your feedback. we are glad that you are enjoying flipkart and we look forward to serving you again.",8.29,Flipkart
Sk Samsul,Gud,5,0,8.29,10-08-2025,"Hi flipkart user, thank you so much for your feedback. we are glad that you are enjoying flipkart and we look forward to serving you again.",8.29,Flipkart
SMB MUSIC,Good,5,0,8.27,10-08-2025,"Hi flipkart user, thank you so much for your feedback. we are glad that you are enjoying flipkart and we look forward to serving you again.",8.27,Flipkart
Logu Logu,Super,5,0,8.21,10-08-2025,"Hi flipkart user, thank you so much for your feedback. we are glad that you are enjoying flipkart and we look forward to serving you again.",8.21,Flipkart
Gurinder Saab,Good,5,0,8.29,10-08-2025,"Hi flipkart user, thank you so much for your feedback. we are glad that you are enjoying flipkart and we look forward to serving you again.",8.29,Flipkart
Anchit Kumar,Very bad what is platform fees cash on delivery fee loot macha rakha hai,1,0,8.29,10-08-2025,No Reply,8.29,Flipkart
Rahul Kumar,Good,5,0,8.29,10-08-2025,"Hi flipkart user, thank you so much for your feedback. we are glad that you are enjoying flipkart and we look forward to serving you again.",8.29,Flipkart
chandu chandu yatagiri,Good app,5,0,8.28,10-08-2025,"Hi flipkart user, thank you so much for your feedback. we are glad that you are enjoying flipkart and we look forward to serving you again.",8.28,Flipkart
ishitwa unique,"Pathetic. del8veey tat is never maintained and delivery guys talk like they are doing favor. when call customer service, they stop responding on the calls knowingly no matter how long the call goes for. its like local market. cheap and pathetic. don't buy anything from flipkart.",1,0,8.3,10-08-2025,No Reply,8.3,Flipkart
Surya Tiwari,nan,5,0,8.28,10-08-2025,"Hi flipkart user, thank you so much for your feedback. we are glad that you are enjoying flipkart and we look forward to serving you again.",8.28,Flipkart
Ayushman Sharma,nan,5,0,8.29,10-08-2025,"Hi flipkart user, thank you so much for your feedback. we are glad that you are enjoying flipkart and we look forward to serving you again.",8.29,Flipkart
Raj Gohil,Very nic,5,0,8.29,10-08-2025,"Hi flipkart user, thank you so much for your feedback. we are glad that you are enjoying flipkart and we look forward to serving you again.",8.29,Flipkart
Sunil Chouhan,Good,4,0,8.29,10-08-2025,"Hi flipkart user, thank you so much for your feedback. we are glad that you are enjoying flipkart and we look forward to serving you again.",8.29,Flipkart
Nazmin Murima (Nazuuu),Amazing shopping app,5,0,Unkown,10-08-2025,"Hi flipkart user, thank you so much for your feedback. we are glad that you are enjoying flipkart and we look forward to serving you again.",Unknown,Flipkart
VIJAY HARIJAN,Nice,5,0,8.29,10-08-2025,"Hi flipkart user, thank you so much for your feedback. we are glad that you are enjoying flipkart and we look forward to serving you again.",8.29,Flipkart
Arvind Kumar,Good,5,0,8.28,10-08-2025,"Hi flipkart user, thank you so much for your feedback. we are glad that you are enjoying flipkart and we look forward to serving you again.",8.28,Flipkart
Silbina Ekk,"Very poor delivery , too much delay to deliver once it is out of delivery it will be in the hand of delivery agent they deliver as their wish it can be today or it can be day after tomorrow they don't pick the calls .costumer care doesn't solve your problem which you are facing instead they only suggest you that all.. so better order from othe application",1,0,8.27,10-08-2025,"Hi flipkart user, we are sorry about your bad experience with us. please get in touch with us at www.flipkart.com/helpcentre to assist you. thanks for your patience!",8.27,Flipkart
Khushi Verma,Baaddd,1,0,8.29,10-08-2025,No Reply,8.29,Flipkart
Ahesan Khan,Best offer,5,0,Unkown,10-08-2025,"Hi flipkart user, thank you so much for your feedback. we are glad that you are enjoying flipkart and we look forward to serving you again.",Unknown,Flipkart
Dinesh Yadav,Good,5,0,8.29,10-08-2025,"Hi flipkart user, thank you so much for your feedback. we are glad that you are enjoying flipkart and we look forward to serving you again.",8.29,Flipkart
Sudha P,Good,5,0,8.28,10-08-2025,"Hi flipkart user, thank you so much for your feedback. we are glad that you are enjoying flipkart and we look forward to serving you again.",8.28,Flipkart
Asik Mir,Good,4,0,8.29,10-08-2025,"Hi flipkart user, thank you so much for your feedback. we are glad that you are enjoying flipkart and we look forward to serving you again.",8.29,Flipkart
Parmukh Yadav,Nice,5,0,8.29,10-08-2025,"Hi flipkart user, thank you so much for your feedback. we are glad that you are enjoying flipkart and we look forward to serving you again.",8.29,Flipkart
Hementa Haloi,Excellent,5,0,8.28,10-08-2025,"Hi flipkart user, thank you so much for your feedback. we are glad that you are enjoying flipkart and we look forward to serving you again.",8.28,Flipkart
Moti Singh,"Better then, amazon is in terms of quality price and delivery and refund",5,0,8.29,10-08-2025,"Hi flipkart user, thank you so much for your feedback. we are glad that you are enjoying flipkart and we look forward to serving you again.",8.29,Flipkart
Biswajit Debsarma,Now flipkart authority is rude behaviour and they can very harmful for return policy they are herusment many times,1,0,8.29,10-08-2025,No Reply,8.29,Flipkart
Dhanraj Verma,Good and useful product available,5,0,8.29,10-08-2025,"Hi flipkart user, thank you so much for your feedback. we are glad that you are enjoying flipkart and we look forward to serving you again.",8.29,Flipkart
rajavelu Muthukrishnan,Super,5,0,8.7,10-08-2025,"Hi flipkart user, thank you so much for your feedback. we are glad that you are enjoying flipkart and we look forward to serving you again.",8.7,Flipkart
ajoy machhuar,Nice,5,0,8.29,10-08-2025,"Hi flipkart user, thank you so much for your feedback. we are glad that you are enjoying flipkart and we look forward to serving you again.",8.29,Flipkart
ATIQUR RAHAMAN,I cant use the offers easelly there is no option for tiping the cord,1,0,8.3,10-08-2025,No Reply,8.3,Flipkart
Maksudan Yadav,It,5,0,8.29,10-08-2025,"Hi flipkart user, thank you so much for your feedback. we are glad that you are enjoying flipkart and we look forward to serving you again.",8.29,Flipkart
Ravinder Paswan,Nice,5,0,Unkown,10-08-2025,"Hi flipkart user, thank you so much for your feedback. we are glad that you are enjoying flipkart and we look forward to serving you again.",Unknown,Flipkart
ramashankar yadav,Very good fantastic,5,0,8.27,10-08-2025,"Hi flipkart user, thank you so much for your feedback. we are glad that you are enjoying flipkart and we look forward to serving you again.",8.27,Flipkart
Ishwar Navghare,nan,5,0,8.26,10-08-2025,"Hi flipkart user, thank you so much for your feedback. we are glad that you are enjoying flipkart and we look forward to serving you again.",8.26,Flipkart
Pammi Gola,Very nice,5,0,8.26,10-08-2025,"Hi flipkart user, thank you so much for your feedback. we are glad that you are enjoying flipkart and we look forward to serving you again.",8.26,Flipkart
Anisha Singh,Worst app order kuch kro deliver kuch krte hn. fir return bhi ni lete hn ek dum ghatiya app h. br br yhi krte rhte hn 3 br order kiya teeno br ghatiya kuch bhi utha ke bhej diya aur return krte time itne drama krte hn,1,1,Unkown,10-08-2025,"Anisha, we are sorry about your experience and would like to help you out. please get in touch with us at user-experience@flipkart.com securely and provide your registered phone number/email and app store info so we can help.",Unknown,Flipkart
SHEIKH NAZISH,Mast,5,0,8.29,10-08-2025,"Hi flipkart user, thank you so much for your feedback. we are glad that you are enjoying flipkart and we look forward to serving you again.",8.29,Flipkart
Hardip Ahir,Ok,5,0,8.29,10-08-2025,"Hi flipkart user, thank you so much for your feedback. we are glad that you are enjoying flipkart and we look forward to serving you again.",8.29,Flipkart
Guru Ji,They literally destroyed them selves by not refunding bad things,1,0,8.18,10-08-2025,No Reply,8.18,Flipkart
Sureshmaha Sabari,Service ok,4,0,8.29,10-08-2025,"Hi flipkart user, thank you so much for your feedback. we are glad that you are enjoying flipkart and we look forward to serving you again.",8.29,Flipkart
patna education point hindi,Good,5,0,8.3,10-08-2025,"Hi flipkart user, thank you so much for your feedback. we are glad that you are enjoying flipkart and we look forward to serving you again.",8.3,Flipkart
chandrakant patil,Service good,5,0,8.25,10-08-2025,"Hi flipkart user, thank you so much for your feedback. we are glad that you are enjoying flipkart and we look forward to serving you again.",8.25,Flipkart
Archana Devi,Ok,5,0,8.26,10-08-2025,"Hi flipkart user, thank you so much for your feedback. we are glad that you are enjoying flipkart and we look forward to serving you again.",8.26,Flipkart
RAJU RAM,Bahut achcha hai flipkart,5,0,8.16,10-08-2025,"Hi flipkart user, thank you so much for your feedback. we are glad that you are enjoying flipkart and we look forward to serving you again.",8.16,Flipkart
Rahul Kawathe,Best,5,0,Unkown,10-08-2025,"Hi flipkart user, thank you so much for your feedback. we are glad that you are enjoying flipkart and we look forward to serving you again.",Unknown,Flipkart
Gopal Gupta,Best online shopping app,4,0,8.29,10-08-2025,"Hi flipkart user, thank you so much for your feedback. we are glad that you are enjoying flipkart and we look forward to serving you again.",8.29,Flipkart
Mahesh Yadav,nan,5,0,8.29,10-08-2025,"Hi flipkart user, thank you so much for your feedback. we are glad that you are enjoying flipkart and we look forward to serving you again.",8.29,Flipkart
Subbu K S,Reasonable price. good quality. timely delivered,5,0,8.28,10-08-2025,"Hi flipkart user, thank you so much for your feedback. we are glad that you are enjoying flipkart and we look forward to serving you again.",8.28,Flipkart
Biju kumar p,Good,5,0,8.29,10-08-2025,"Hi flipkart user, thank you so much for your feedback. we are glad that you are enjoying flipkart and we look forward to serving you again.",8.29,Flipkart
Vaibhav Suryawanshi,Super,5,0,8.3,10-08-2025,"Hi flipkart user, thank you so much for your feedback. we are glad that you are enjoying flipkart and we look forward to serving you again.",8.3,Flipkart
ADITYA SINH BIHOLA,Helpful,5,0,8.27,10-08-2025,"Hi flipkart user, thank you so much for your feedback. we are glad that you are enjoying flipkart and we look forward to serving you again.",8.27,Flipkart
Anil Sahu,Good,4,0,8.28,10-08-2025,"Hi flipkart user, thank you so much for your feedback. we are glad that you are enjoying flipkart and we look forward to serving you again.",8.28,Flipkart
Sakshi Sapliya,Good app,5,0,8.29,10-08-2025,"Hi flipkart user, thank you so much for your feedback. we are glad that you are enjoying flipkart and we look forward to serving you again.",8.29,Flipkart
Hasan Mansuri,Good,5,0,8.29,10-08-2025,"Hi flipkart user, thank you so much for your feedback. we are glad that you are enjoying flipkart and we look forward to serving you again.",8.29,Flipkart
Sekar T,Goot,5,0,8.28,10-08-2025,"Hi flipkart user, thank you so much for your feedback. we are glad that you are enjoying flipkart and we look forward to serving you again.",8.28,Flipkart
Manpreet singh,Nice product nice work all are nice app,5,0,8.3,10-08-2025,"Hi flipkart user, thank you so much for your feedback. we are glad that you are enjoying flipkart and we look forward to serving you again.",8.3,Flipkart
Thalapathi purusoth,Super,5,0,8.29,10-08-2025,"Hi flipkart user, thank you so much for your feedback. we are glad that you are enjoying flipkart and we look forward to serving you again.",8.29,Flipkart
Nitin Choudhary,Best app,5,0,8.29,10-08-2025,"Hi flipkart user, thank you so much for your feedback. we are glad that you are enjoying flipkart and we look forward to serving you again.",8.29,Flipkart
Taher basha,Good app,4,0,8.29,10-08-2025,"Hi flipkart user, thank you so much for your feedback. we are glad that you are enjoying flipkart and we look forward to serving you again.",8.29,Flipkart
Y H AMBI,Nice,5,0,8.29,10-08-2025,"Hi flipkart user, thank you so much for your feedback. we are glad that you are enjoying flipkart and we look forward to serving you again.",8.29,Flipkart
Pooja Singh,Good,5,0,8.29,10-08-2025,"Hi flipkart user, thank you so much for your feedback. we are glad that you are enjoying flipkart and we look forward to serving you again.",8.29,Flipkart
Mohit Pal,Best product,2,0,8.29,10-08-2025,"Hi flipkart user, thank you for your kind words! would you also like to give us more stars? 5 stars - very good, 4 stars- good, 3 stars - okay, 2 stars - bad, 1 star- very bad",8.29,Flipkart
Yashraj Mane,"Flipkart, as one of india's largest e-commerce platforms, provides a diverse and often varied experience for its users. here is a summary of the common experiences and feedback from customers. positive experiences * wide range of products: flipkart is known for its extensive catalog, offering everything from electronics and fashion to home essentials and groceries. this makes it a one-stop-shop for many customers",5,0,8.29,10-08-2025,"Hi flipkart user, thank you so much for your feedback. we are glad that you are enjoying flipkart and we look forward to serving you again.",8.29,Flipkart
Darsh Pandey,Very good,5,0,8.29,10-08-2025,"Hi flipkart user, thank you so much for your feedback. we are glad that you are enjoying flipkart and we look forward to serving you again.",8.29,Flipkart
AMIT YADAV,Awesome delivery,5,0,8.29,10-08-2025,"Hi flipkart user, thank you so much for your feedback. we are glad that you are enjoying flipkart and we look forward to serving you again.",8.29,Flipkart
Vivek Mahera,All products rates are higher compared to meesho app but the delivery agent of this app is good so i keep buying from flipkart instead of meesho but they should improve their rates as they are helping meesho app growth because of this reason. same seller selling product at low rate on meesho and higher rate on flipkart. customers can easily indentify this difference very easily. they will stop ordering from flipkart. please try to create showcasing customer why you guys charge higher rates.,3,0,Unkown,10-08-2025,No Reply,Unknown,Flipkart
Aman Khan,वाओ,4,0,8.28,10-08-2025,"Hi flipkart user, thank you so much for your feedback. we are glad that you are enjoying flipkart and we look forward to serving you again.",8.28,Flipkart
Vipin kapurchandr Jayswal,Good service,5,0,8.29,10-08-2025,"Hi flipkart user, thank you so much for your feedback. we are glad that you are enjoying flipkart and we look forward to serving you again.",8.29,Flipkart
Himanshu D,Not delivering any thing on my pin code because i have free e voucher,1,0,8.29,10-08-2025,No Reply,8.29,Flipkart
Vijay Sharma divvy. very . xvhmvghnnnb very,Good,5,0,8.3,10-08-2025,"Hi flipkart user, thank you so much for your feedback. we are glad that you are enjoying flipkart and we look forward to serving you again.",8.3,Flipkart
Dharmendra Patel,Good,5,0,8.29,10-08-2025,"Hi flipkart user, thank you so much for your feedback. we are glad that you are enjoying flipkart and we look forward to serving you again.",8.29,Flipkart
Gohel Kalpesh,Nice,5,0,8.27,10-08-2025,"Hi flipkart user, thank you so much for your feedback. we are glad that you are enjoying flipkart and we look forward to serving you again.",8.27,Flipkart
Shivam Pachauri,Good,5,0,Unkown,10-08-2025,"Hi flipkart user, thank you so much for your feedback. we are glad that you are enjoying flipkart and we look forward to serving you again.",Unknown,Flipkart
Dadhi Naiya,Nice,5,0,8.25,10-08-2025,"Hi flipkart user, thank you so much for your feedback. we are glad that you are enjoying flipkart and we look forward to serving you again.",8.25,Flipkart
Tanhaji Gadekar,Good,5,0,8.3,10-08-2025,"Hi flipkart user, thank you so much for your feedback. we are glad that you are enjoying flipkart and we look forward to serving you again.",8.3,Flipkart
Ankit Gautam,Nice,5,0,8.29,10-08-2025,"Hi flipkart user, thank you so much for your feedback. we are glad that you are enjoying flipkart and we look forward to serving you again.",8.29,Flipkart
Pallavi Ganer,Nice product,5,0,8.28,10-08-2025,"Hi flipkart user, thank you so much for your feedback. we are glad that you are enjoying flipkart and we look forward to serving you again.",8.28,Flipkart
Sudhir Behera,Very nice,5,0,8.29,10-08-2025,"Hi flipkart user, thank you so much for your feedback. we are glad that you are enjoying flipkart and we look forward to serving you again.",8.29,Flipkart
Raju Ranit,Good,1,0,8.29,10-08-2025,"Hi flipkart user, thank you for your kind words! would you also like to give us more stars? 5 stars - very good, 4 stars- good, 3 stars - okay, 2 stars - bad, 1 star- very bad",8.29,Flipkart
Bappa Bauri,Very good,5,0,8.29,10-08-2025,"Hi flipkart user, thank you so much for your feedback. we are glad that you are enjoying flipkart and we look forward to serving you again.",8.29,Flipkart
sheeba anilkumar,Supper,5,0,8.3,10-08-2025,"Hi flipkart user, thank you so much for your feedback. we are glad that you are enjoying flipkart and we look forward to serving you again.",8.3,Flipkart
Priya Panda,"Dear flipkart, thank you for listening to the concern and resolving it, though called couple of times. appreciate it.",4,0,8.29,10-08-2025,"Hi flipkart user, thank you so much for your feedback. we are glad that you are enjoying flipkart and we look forward to serving you again.",8.29,Flipkart
M K singh,Good service now,4,0,8.29,10-08-2025,"Hi flipkart user, thank you so much for your feedback. we are glad that you are enjoying flipkart and we look forward to serving you again.",8.29,Flipkart
Nerd Geek,Ita a good app,4,0,8.29,10-08-2025,"Hi flipkart user, thank you so much for your feedback. we are glad that you are enjoying flipkart and we look forward to serving you again.",8.29,Flipkart
a raza,Good,5,0,8.28,10-08-2025,"Hi flipkart user, thank you so much for your feedback. we are glad that you are enjoying flipkart and we look forward to serving you again.",8.28,Flipkart
Anuj Patil,"Now days , flipkart deliveries are delayed and promise dates are not confirm please work on time delivery i am going to uninstall this app after 4 days , experience is very bad with my order deliveries",2,0,Unkown,10-08-2025,"Hi flipkart user, we are sorry about your bad experience with us. please get in touch with us at www.flipkart.com/helpcentre to assist you. thanks for your patience!",Unknown,Flipkart
lakshya mishra,Best books for class ix,5,0,8.29,10-08-2025,"Hi flipkart user, thank you so much for your feedback. we are glad that you are enjoying flipkart and we look forward to serving you again.",8.29,Flipkart
Sunil Jagtap,Flipkart is most trusted app,5,0,8.29,10-08-2025,"Hi flipkart user, thank you so much for your feedback. we are glad that you are enjoying flipkart and we look forward to serving you again.",8.29,Flipkart
Sasmita Sahoo Sony,Excellent,5,0,8.29,10-08-2025,"Hi flipkart user, thank you so much for your feedback. we are glad that you are enjoying flipkart and we look forward to serving you again.",8.29,Flipkart
PURUSHOTAM CHOUHAN,Rubbish delivery system. delivery boy handed faulty product and then refused to pickup during replacement. i hope you fire those irresponsible people as soon as you can so others may benefit.,1,0,8.3,10-08-2025,No Reply,8.3,Flipkart
Saini Sahab,Product quality very low and price are high,1,0,Unkown,10-08-2025,No Reply,Unknown,Flipkart
Nikhil Kumar,Filpkart is on time,4,0,8.28,10-08-2025,"Hi flipkart user, thank you so much for your feedback. we are glad that you are enjoying flipkart and we look forward to serving you again.",8.28,Flipkart
Vivek raj Vivek raj,Bhi ov,1,0,8.29,10-08-2025,No Reply,8.29,Flipkart
Saloni Talekar,Worst app with worst customer service.there is no way to reach out to them.placed return request person on scheduled date.the person arrived before that date.and now they are not accepting the return.worst worst worst,1,0,8.29,10-08-2025,No Reply,8.29,Flipkart
Satheesh Kochikkal,Super,5,0,8.28,10-08-2025,"Hi flipkart user, thank you so much for your feedback. we are glad that you are enjoying flipkart and we look forward to serving you again.",8.28,Flipkart
Ashish Barman,Good,5,0,7.63,10-08-2025,"Hi flipkart user, thank you so much for your feedback. we are glad that you are enjoying flipkart and we look forward to serving you again.",7.63,Flipkart
Bibek Prasad,Best tolly bage,5,0,8.28,10-08-2025,"Hi flipkart user, thank you so much for your feedback. we are glad that you are enjoying flipkart and we look forward to serving you again.",8.28,Flipkart
Satish Chouhan,80%off,5,0,8.29,10-08-2025,"Hi flipkart user, thank you so much for your feedback. we are glad that you are enjoying flipkart and we look forward to serving you again.",8.29,Flipkart
Shivam Singh,Very good shoping app,5,0,8.26,10-08-2025,"Hi flipkart user, thank you so much for your feedback. we are glad that you are enjoying flipkart and we look forward to serving you again.",8.26,Flipkart
ganesh kolgane,Good,2,0,8.29,10-08-2025,"Hi flipkart user, thank you for your kind words! would you also like to give us more stars? 5 stars - very good, 4 stars- good, 3 stars - okay, 2 stars - bad, 1 star- very bad",8.29,Flipkart
Aziz Uddin Ahmed,Nice,5,0,Unkown,10-08-2025,"Hi flipkart user, thank you so much for your feedback. we are glad that you are enjoying flipkart and we look forward to serving you again.",Unknown,Flipkart
Puttapaka putttapaka Padma,"Easy to order, fast delivery, easy return n refund. i like flipkart tq.",5,0,8.29,10-08-2025,"Hi flipkart user, thank you so much for your feedback. we are glad that you are enjoying flipkart and we look forward to serving you again.",8.29,Flipkart
satya narayan Sahu,Not good service,5,0,8.3,10-08-2025,"Hi flipkart user, thank you so much for your feedback. we are glad that you are enjoying flipkart and we look forward to serving you again.",8.3,Flipkart
Kapil Dev,I do not recieve delivery at my place despite paying delivery fees,1,0,8.29,10-08-2025,"Hi flipkart user, we are sorry about your bad experience with us. please get in touch with us at www.flipkart.com/helpcentre to assist you. thanks for your patience!",8.29,Flipkart
Gopy Sidhu,Good,3,0,8.29,10-08-2025,"Thanks so much for the awesome feedback, gopy! if you think we deserve a higher rating, we'd love for you to update it to a 4 or 5 star when you get a chance!",8.29,Flipkart
SWARAJ MAHADIK,Good,5,0,8.3,10-08-2025,"Hi flipkart user, thank you so much for your feedback. we are glad that you are enjoying flipkart and we look forward to serving you again.",8.3,Flipkart
status world,Best grocery app,5,0,8.29,10-08-2025,"Hi flipkart user, thank you so much for your feedback. we are glad that you are enjoying flipkart and we look forward to serving you again.",8.29,Flipkart
Atul singh Atul singh,Nice,5,0,Unkown,10-08-2025,"Hi flipkart user, thank you so much for your feedback. we are glad that you are enjoying flipkart and we look forward to serving you again.",Unknown,Flipkart
Murugan Vel,Time keep up pannuga,1,0,Unkown,10-08-2025,No Reply,Unknown,Flipkart
Firajul Sheikh,Nice,5,0,8.27,10-08-2025,"Hi flipkart user, thank you so much for your feedback. we are glad that you are enjoying flipkart and we look forward to serving you again.",8.27,Flipkart
Muhammed Muhad,nan,5,0,8.24,10-08-2025,"Hi flipkart user, thank you so much for your feedback. we are glad that you are enjoying flipkart and we look forward to serving you again.",8.24,Flipkart
Reeda Hashmi,Good,5,0,8.3,10-08-2025,"Hi flipkart user, thank you so much for your feedback. we are glad that you are enjoying flipkart and we look forward to serving you again.",8.3,Flipkart
GOUTAM SAHA,Very good,5,0,8.29,10-08-2025,"Hi flipkart user, thank you so much for your feedback. we are glad that you are enjoying flipkart and we look forward to serving you again.",8.29,Flipkart
Devesh Patwari,Less price,5,0,8.29,10-08-2025,"Hi flipkart user, thank you so much for your feedback. we are glad that you are enjoying flipkart and we look forward to serving you again.",8.29,Flipkart
Shivam Kumar,"Very bad experience after update, it lag a lot when you view any product in 3d however you didn't want to see, very bad experience",1,0,8.29,10-08-2025,"Hi flipkart user, we sincerely apologize for the inconvenience. please share the details of your issue with app-feedback@flipkart.com for the team to quickly resolve it for you.",8.29,Flipkart
Aayush Kaushik,Best application,5,0,8.29,10-08-2025,"Hi flipkart user, thank you so much for your feedback. we are glad that you are enjoying flipkart and we look forward to serving you again.",8.29,Flipkart
Bk Das,Good,5,0,8.29,10-08-2025,"Hi flipkart user, thank you so much for your feedback. we are glad that you are enjoying flipkart and we look forward to serving you again.",8.29,Flipkart
TARIQ MERCHANT,ماشاءاللہ بہت اچھا اپلیکیشن ہے,3,0,8.29,10-08-2025,"We're glad you enjoyed our app! if you think we deserve more stars, we'd love to see your rating updated to a 4 or 5 star!",8.29,Flipkart
rohit kumar,Nice,5,0,8.29,10-08-2025,"Hi flipkart user, thank you so much for your feedback. we are glad that you are enjoying flipkart and we look forward to serving you again.",8.29,Flipkart
Ariba,Good products,5,0,8.29,10-08-2025,"Hi flipkart user, thank you so much for your feedback. we are glad that you are enjoying flipkart and we look forward to serving you again.",8.29,Flipkart
Shishir Garain,I'm good,5,0,8.3,10-08-2025,"Hi flipkart user, thank you so much for your feedback. we are glad that you are enjoying flipkart and we look forward to serving you again.",8.3,Flipkart
Roshan Shaw,Good,3,0,8.29,10-08-2025,"Thanks for the love, roshan! if you’re happy with everything, a 5-star rating would mean the world to us!",8.29,Flipkart
Panchal Krunal,Good service,5,0,Unkown,10-08-2025,"Hi flipkart user, thank you so much for your feedback. we are glad that you are enjoying flipkart and we look forward to serving you again.",Unknown,Flipkart
Misbaul Islam,Awesome,5,0,8.29,10-08-2025,"Hi flipkart user, thank you so much for your feedback. we are glad that you are enjoying flipkart and we look forward to serving you again.",8.29,Flipkart
yadhu krishnan,nan,5,0,8.29,10-08-2025,"Hi flipkart user, thank you so much for your feedback. we are glad that you are enjoying flipkart and we look forward to serving you again.",8.29,Flipkart
Kavi Radha,Good,5,0,8.26,10-08-2025,"Hi flipkart user, thank you so much for your feedback. we are glad that you are enjoying flipkart and we look forward to serving you again.",8.26,Flipkart
Utpal Haldar,Good,5,0,8.29,10-08-2025,"Hi flipkart user, thank you so much for your feedback. we are glad that you are enjoying flipkart and we look forward to serving you again.",8.29,Flipkart
Goswami Hema,Beutiful app,5,0,8.29,10-08-2025,"Hi flipkart user, thank you so much for your feedback. we are glad that you are enjoying flipkart and we look forward to serving you again.",8.29,Flipkart
Mohit Bagal,Nice,5,0,8.28,10-08-2025,"Hi flipkart user, thank you so much for your feedback. we are glad that you are enjoying flipkart and we look forward to serving you again.",8.28,Flipkart
Greeshma. T,Best,5,0,8.29,10-08-2025,"Hi flipkart user, thank you so much for your feedback. we are glad that you are enjoying flipkart and we look forward to serving you again.",8.29,Flipkart
malati saha,"For sure flipkart customer care is horrible. it's slow.many times searching for products is met with constant retry.changing/adding rating/reviews is problematic,even profile email address.did have an issue with a thomson tv.was under warranty period.flipkart/thomson resolved the issue but not immediately unprofessional, unorganised.more interested in selling & not after sale svc will think twice before purchasing anything from flipkart,especially electronic items.precursion is better than cure",1,0,8.29,10-08-2025,No Reply,8.29,Flipkart
Pasala Veronica,Nice,5,0,8.29,10-08-2025,"Hi flipkart user, thank you so much for your feedback. we are glad that you are enjoying flipkart and we look forward to serving you again.",8.29,Flipkart
Prajwal Budke,Super,5,0,8.29,10-08-2025,"Hi flipkart user, thank you so much for your feedback. we are glad that you are enjoying flipkart and we look forward to serving you again.",8.29,Flipkart
SONU KUMAR,Exllent,5,0,8.29,10-08-2025,"Hi flipkart user, thank you so much for your feedback. we are glad that you are enjoying flipkart and we look forward to serving you again.",8.29,Flipkart
Kolkata Boutique & Tailor,Nice,5,0,8.3,10-08-2025,"Hi flipkart user, thank you so much for your feedback. we are glad that you are enjoying flipkart and we look forward to serving you again.",8.3,Flipkart
SWATI CHARBHE,Good,4,0,8.24,10-08-2025,"Hi flipkart user, thank you so much for your feedback. we are glad that you are enjoying flipkart and we look forward to serving you again.",8.24,Flipkart
Dev Surve,Good job,5,0,8.11,10-08-2025,"Hi flipkart user, thank you so much for your feedback. we are glad that you are enjoying flipkart and we look forward to serving you again.",8.11,Flipkart
Bikram Biku,Good,5,0,8.29,10-08-2025,"Hi flipkart user, thank you so much for your feedback. we are glad that you are enjoying flipkart and we look forward to serving you again.",8.29,Flipkart
Kartike Rohit,Very nice,5,0,8.29,10-08-2025,"Hi flipkart user, thank you so much for your feedback. we are glad that you are enjoying flipkart and we look forward to serving you again.",8.29,Flipkart
Vishal Yadav,Superb flipkart,5,0,Unkown,10-08-2025,"Hi flipkart user, thank you so much for your feedback. we are glad that you are enjoying flipkart and we look forward to serving you again.",Unknown,Flipkart
Suryanarayana P,Ok,3,0,8.29,10-08-2025,No Reply,8.29,Flipkart
SM Gram official tv,Nice,5,0,8.29,10-08-2025,"Hi flipkart user, thank you so much for your feedback. we are glad that you are enjoying flipkart and we look forward to serving you again.",8.29,Flipkart
Alinur islam Tarafdar,Good,3,0,8.29,10-08-2025,"Thanks so much for the awesome feedback, islam! if you think we deserve a higher rating, we'd love for you to update it to a 4 or 5 star when you get a chance!",8.29,Flipkart
Mahesh kapse,Nice,5,0,8.26,10-08-2025,"Hi flipkart user, thank you so much for your feedback. we are glad that you are enjoying flipkart and we look forward to serving you again.",8.26,Flipkart
Penumallu Arunasri,Good,4,0,8.29,10-08-2025,"Hi flipkart user, thank you so much for your feedback. we are glad that you are enjoying flipkart and we look forward to serving you again.",8.29,Flipkart
Puja Rane,Nice,5,0,8.1,10-08-2025,"Hi flipkart user, thank you so much for your feedback. we are glad that you are enjoying flipkart and we look forward to serving you again.",8.1,Flipkart
Gouranga das,nan,5,0,8.29,10-08-2025,"Hi flipkart user, thank you so much for your feedback. we are glad that you are enjoying flipkart and we look forward to serving you again.",8.29,Flipkart
Piyush Sain,Nice app for shopping everything,4,0,8.29,10-08-2025,"Hi flipkart user, thank you so much for your feedback. we are glad that you are enjoying flipkart and we look forward to serving you again.",8.29,Flipkart
Nathin K v,Nice,4,0,8.29,10-08-2025,"Hi flipkart user, thank you so much for your feedback. we are glad that you are enjoying flipkart and we look forward to serving you again.",8.29,Flipkart
Shubham Koushle,Ok,5,0,8.29,10-08-2025,"Hi flipkart user, thank you so much for your feedback. we are glad that you are enjoying flipkart and we look forward to serving you again.",8.29,Flipkart
Gourav Saha,Very good,5,0,8.3,10-08-2025,"Hi flipkart user, thank you so much for your feedback. we are glad that you are enjoying flipkart and we look forward to serving you again.",8.3,Flipkart
Kishore Amaniganti,Your app was so awesome i loved it,5,0,8.29,10-08-2025,"Hi flipkart user, thank you so much for your feedback. we are glad that you are enjoying flipkart and we look forward to serving you again.",8.29,Flipkart
Satyaveni Kondepudi,Very good,3,0,8.29,10-08-2025,"Thanks for the love, satyaveni! if you’re happy with everything, a 5-star rating would mean the world to us!",8.29,Flipkart
A Google user,Aaj mere sath scam huwa hai kitna dinse shopping karta hoon magar aaj dukh huwa yeh ummid nahi thi jishne bhi kiya ushko apni company se bycot out karo,1,0,Unkown,10-08-2025,No Reply,Unknown,Flipkart
Suryanarayan Bharti,Good,5,0,8.22,10-08-2025,"Hi flipkart user, thank you so much for your feedback. we are glad that you are enjoying flipkart and we look forward to serving you again.",8.22,Flipkart
Chetan,Very nice,5,0,8.29,10-08-2025,"Hi flipkart user, thank you so much for your feedback. we are glad that you are enjoying flipkart and we look forward to serving you again.",8.29,Flipkart
SOMNATH JADHAV,Good,2,0,8.29,10-08-2025,"Hi flipkart user, thank you for your kind words! would you also like to give us more stars? 5 stars - very good, 4 stars- good, 3 stars - okay, 2 stars - bad, 1 star- very bad",8.29,Flipkart
Ramakrishna Reddy,Good product,5,0,8.29,10-08-2025,"Hi flipkart user, thank you so much for your feedback. we are glad that you are enjoying flipkart and we look forward to serving you again.",8.29,Flipkart
Santhi Kolikela,Good,4,0,8.29,10-08-2025,"Hi flipkart user, thank you so much for your feedback. we are glad that you are enjoying flipkart and we look forward to serving you again.",8.29,Flipkart
Smurti swagatika Sutar,Mast,5,0,8.28,10-08-2025,"Hi flipkart user, thank you so much for your feedback. we are glad that you are enjoying flipkart and we look forward to serving you again.",8.28,Flipkart
AJIT PANDEY,Nice,5,0,8.27,10-08-2025,"Hi flipkart user, thank you so much for your feedback. we are glad that you are enjoying flipkart and we look forward to serving you again.",8.27,Flipkart
Amit Dey,Good,4,0,8.29,10-08-2025,"Hi flipkart user, thank you so much for your feedback. we are glad that you are enjoying flipkart and we look forward to serving you again.",8.29,Flipkart
Ranjeet Barnwal,Never delivers product on time and make customer fool. fraud app.,1,0,Unkown,10-08-2025,"Hi flipkart user, we are sorry about your bad experience with us. please get in touch with us at www.flipkart.com/helpcentre to assist you. thanks for your patience!",Unknown,Flipkart
Jaya Jaya,Good,5,0,8.29,10-08-2025,"Hi flipkart user, thank you so much for your feedback. we are glad that you are enjoying flipkart and we look forward to serving you again.",8.29,Flipkart
dhyani trivedi,Good,5,0,8.29,10-08-2025,"Hi flipkart user, thank you so much for your feedback. we are glad that you are enjoying flipkart and we look forward to serving you again.",8.29,Flipkart
Jharna Das,Nice,5,0,Unkown,10-08-2025,"Hi flipkart user, thank you so much for your feedback. we are glad that you are enjoying flipkart and we look forward to serving you again.",Unknown,Flipkart
sasmit bhagat,Poor delivery and customer service.,1,0,8.3,10-08-2025,No Reply,8.3,Flipkart
Renuka Sakariya04,Good,3,0,8.29,10-08-2025,"Thanks so much for the awesome feedback, renuka! if you think we deserve a higher rating, we'd love for you to update it to a 4 or 5 star when you get a chance!",8.29,Flipkart
chotu sahu,Super,4,0,8.29,10-08-2025,"Hi flipkart user, thank you so much for your feedback. we are glad that you are enjoying flipkart and we look forward to serving you again.",8.29,Flipkart
Chandrashekhar Yadav,Good,1,0,8.3,10-08-2025,"Hi flipkart user, thank you for your kind words! would you also like to give us more stars? 5 stars - very good, 4 stars- good, 3 stars - okay, 2 stars - bad, 1 star- very bad",8.3,Flipkart
MD Irshad,Osm,5,0,Unkown,10-08-2025,"Hi flipkart user, thank you so much for your feedback. we are glad that you are enjoying flipkart and we look forward to serving you again.",Unknown,Flipkart
Ajinkya Bagad,"Cashback was 30 rs before order placing, now it shows only 2 rs",1,0,8.29,10-08-2025,No Reply,8.29,Flipkart
Dheeraj Borbhuyan,Nice,5,0,8.28,10-08-2025,"Hi flipkart user, thank you so much for your feedback. we are glad that you are enjoying flipkart and we look forward to serving you again.",8.28,Flipkart
Tejpal Kumawat,Thanks flipkart,3,0,8.29,10-08-2025,No Reply,8.29,Flipkart
SHARAD KATIYAR,Flipkart grocery order always late. if you not deliver order not accept order,1,0,8.29,10-08-2025,"Hi flipkart user, we are sorry about your bad experience with us. please get in touch with us at www.flipkart.com/helpcentre to assist you. thanks for your patience!",8.29,Flipkart
Banvari Lal,nan,5,0,8.29,10-08-2025,"Hi flipkart user, thank you so much for your feedback. we are glad that you are enjoying flipkart and we look forward to serving you again.",8.29,Flipkart
Lohithraaj,Very bad fraud,1,0,8.29,10-08-2025,No Reply,8.29,Flipkart
Sarath Mohan,"Am trying to update my mail id but due some technical issues it's not getting updated , tried severl times past days please look into the issue..",2,0,8.29,10-08-2025,"Hi flipkart user, we sincerely apologize for the inconvenience. please share the details of your issue with app-feedback@flipkart.com for the team to quickly resolve it for you.",8.29,Flipkart
Ayushya Kumar Chaudhary,"Nowadays many apps are cheating us by showing the false ads of out of stock items on social media at very low prices. when customers click on it to buy these items these apps show either out of stock or not deliverable. whenever we change the delivery address, again it shows not deliverable. personally i have tried the address of pune, nawada (bihar), banglore, mohali. everywhere item was out of sto simply cheating us. we should boycott such types of false advertising shopping apps. boykat them.",2,0,8.29,10-08-2025,"Hi flipkart user, we sincerely apologize for the inconvenience. please share the details of your issue with app-feedback@flipkart.com for the team to quickly resolve it for you.",8.29,Flipkart
Animal knowledge - punjab,Good,4,0,8.3,10-08-2025,"Hi flipkart user, thank you so much for your feedback. we are glad that you are enjoying flipkart and we look forward to serving you again.",8.3,Flipkart
mank,Extremely bad application,1,0,8.29,10-08-2025,No Reply,8.29,Flipkart
SONAL AMBUJ SRIVASTAVAA,Tried n tested site,5,0,8.21,10-08-2025,"Hi flipkart user, thank you so much for your feedback. we are glad that you are enjoying flipkart and we look forward to serving you again.",8.21,Flipkart
RINKU KUMAR TIWARI,Bahut hi jyada achcha hai,5,0,8.25,10-08-2025,"Hi flipkart user, thank you so much for your feedback. we are glad that you are enjoying flipkart and we look forward to serving you again.",8.25,Flipkart
Thakur Shivam Singh,Mast app hai,5,0,8.13,10-08-2025,"Hi flipkart user, thank you so much for your feedback. we are glad that you are enjoying flipkart and we look forward to serving you again.",8.13,Flipkart
Deelip Kumar Deelip,,4,0,8.29,10-08-2025,No Reply,8.29,Flipkart
Sushant Pradhan,Delivery timing is getting longer day by day,1,0,8.3,10-08-2025,"Hi flipkart user, we are sorry about your bad experience with us. please get in touch with us at www.flipkart.com/helpcentre to assist you. thanks for your patience!",8.3,Flipkart
Anjali Singh,Worst site and worst experience i ever had. better to use amazon rather than flipkart. if u order anything which is not suitable for you they won't even return the item and they will harass you. they won't talk to customer nicely and they will force the customer to keep the wrong item. humble request plz use other site rather than flipkart.,1,0,Unkown,10-08-2025,No Reply,Unknown,Flipkart
Dattatreya Jindal,I am getting messages for orders i did not placed and i am not able to contact app support.,1,0,8.11,10-08-2025,No Reply,8.11,Flipkart
Aarti,Good,4,0,8.29,10-08-2025,"Hi flipkart user, thank you so much for your feedback. we are glad that you are enjoying flipkart and we look forward to serving you again.",8.29,Flipkart
Mansuri Mahir,Very nice service,5,0,8.29,10-08-2025,"Hi flipkart user, thank you so much for your feedback. we are glad that you are enjoying flipkart and we look forward to serving you again.",8.29,Flipkart
hemendra dhanol,Good app,5,0,8.29,10-08-2025,"Hi flipkart user, thank you so much for your feedback. we are glad that you are enjoying flipkart and we look forward to serving you again.",8.29,Flipkart
Barkath Ali,Goog,5,0,8.29,10-08-2025,"Hi flipkart user, thank you so much for your feedback. we are glad that you are enjoying flipkart and we look forward to serving you again.",8.29,Flipkart
Srinivas Kulkarni,Good service,5,0,8.28,10-08-2025,"Hi flipkart user, thank you so much for your feedback. we are glad that you are enjoying flipkart and we look forward to serving you again.",8.28,Flipkart
Smriti Mandal,Good,4,0,8.29,10-08-2025,"Hi flipkart user, thank you so much for your feedback. we are glad that you are enjoying flipkart and we look forward to serving you again.",8.29,Flipkart
Rishith Patel,Super,5,0,8.29,10-08-2025,"Hi flipkart user, thank you so much for your feedback. we are glad that you are enjoying flipkart and we look forward to serving you again.",8.29,Flipkart
Thavapandian J,So far i have been enjoying your services,5,0,8.29,10-08-2025,"Hi flipkart user, thank you so much for your feedback. we are glad that you are enjoying flipkart and we look forward to serving you again.",8.29,Flipkart
prashant memane,Good,5,0,8.29,10-08-2025,"Hi flipkart user, thank you so much for your feedback. we are glad that you are enjoying flipkart and we look forward to serving you again.",8.29,Flipkart
Clips Tube,Lovely,5,0,8.28,10-08-2025,"Hi flipkart user, thank you so much for your feedback. we are glad that you are enjoying flipkart and we look forward to serving you again.",8.28,Flipkart
Sonu Yadav,"Very bad delivery time it takes a lot,",1,0,8.29,10-08-2025,"Hi flipkart user, we are sorry about your bad experience with us. please get in touch with us at www.flipkart.com/helpcentre to assist you. thanks for your patience!",8.29,Flipkart
Vasu Kutty (Vasu Kutty),Good,5,0,8.29,10-08-2025,"Hi flipkart user, thank you so much for your feedback. we are glad that you are enjoying flipkart and we look forward to serving you again.",8.29,Flipkart
Sanjeev,"10 orders delivered at the latest updated address. and suddenly 11th order going to 70 km far old work address. the delivery boy's behaviour was so pathetic with the ex boss , shame on you and your delivery channels .",1,0,8.3,10-08-2025,"Hi flipkart user, we are sorry about your bad experience with us. please get in touch with us at www.flipkart.com/helpcentre to assist you. thanks for your patience!",8.3,Flipkart
SURAJ KUMAR,Very good,4,0,8.29,10-08-2025,"Hi flipkart user, thank you so much for your feedback. we are glad that you are enjoying flipkart and we look forward to serving you again.",8.29,Flipkart
anjali Kumari,Good quality products are available,3,0,8.29,10-08-2025,No Reply,8.29,Flipkart
Lokesh Pal,Good,5,0,8.29,10-08-2025,"Hi flipkart user, thank you so much for your feedback. we are glad that you are enjoying flipkart and we look forward to serving you again.",8.29,Flipkart
Shaukatali Shaikh,Nice,3,0,8.29,10-08-2025,"Thanks so much for the awesome feedback, shaukatali! if you think we deserve a higher rating, we'd love for you to update it to a 4 or 5 star when you get a chance!",8.29,Flipkart
Sukh Sidhu,Good,5,0,8.29,10-08-2025,"Hi flipkart user, thank you so much for your feedback. we are glad that you are enjoying flipkart and we look forward to serving you again.",8.29,Flipkart
Bamhni Banjar,Nice,5,0,8.29,10-08-2025,"Hi flipkart user, thank you so much for your feedback. we are glad that you are enjoying flipkart and we look forward to serving you again.",8.29,Flipkart
Govinda. naik. P Pgnaik,Super and good quality,5,0,8.25,10-08-2025,"Hi flipkart user, thank you so much for your feedback. we are glad that you are enjoying flipkart and we look forward to serving you again.",8.25,Flipkart
Harsh Vardhan,Good app,3,0,8.29,10-08-2025,"We're glad you enjoyed our app, harsh! if you think we deserve more stars, we'd love to see your rating updated to a 4 or 5 star!",8.29,Flipkart
A Google user,Totally worthless app...,1,0,8.25,10-08-2025,No Reply,8.25,Flipkart
Bhavani M,Good,5,0,8.22,10-08-2025,"Hi flipkart user, thank you so much for your feedback. we are glad that you are enjoying flipkart and we look forward to serving you again.",8.22,Flipkart
Gurpreet Kaur,Best,1,0,8.29,10-08-2025,"Hi flipkart user, thank you for your kind words! would you also like to give us more stars? 5 stars - very good, 4 stars- good, 3 stars - okay, 2 stars - bad, 1 star- very bad",8.29,Flipkart
mamta chavda,Every time get great deals,5,0,8.29,10-08-2025,"Hi flipkart user, thank you so much for your feedback. we are glad that you are enjoying flipkart and we look forward to serving you again.",8.29,Flipkart
Kavita Bakode,Very good,5,0,8.29,10-08-2025,"Hi flipkart user, thank you so much for your feedback. we are glad that you are enjoying flipkart and we look forward to serving you again.",8.29,Flipkart
sneh sourabh purohit,Ok,5,0,8.29,10-08-2025,"Hi flipkart user, thank you so much for your feedback. we are glad that you are enjoying flipkart and we look forward to serving you again.",8.29,Flipkart
gopi Ji,Ok,5,0,8.3,10-08-2025,"Hi flipkart user, thank you so much for your feedback. we are glad that you are enjoying flipkart and we look forward to serving you again.",8.3,Flipkart
Azad Ansari,Delivery time good . and not delay,4,0,8.28,10-08-2025,"Hi flipkart user, thank you so much for your feedback. we are glad that you are enjoying flipkart and we look forward to serving you again.",8.28,Flipkart
adi shankar,Good,5,0,8.3,10-08-2025,"Hi flipkart user, thank you so much for your feedback. we are glad that you are enjoying flipkart and we look forward to serving you again.",8.3,Flipkart
Shristi Tirkey,Ok,5,0,8.29,10-08-2025,"Hi flipkart user, thank you so much for your feedback. we are glad that you are enjoying flipkart and we look forward to serving you again.",8.29,Flipkart
Vishal KUMAR,Delivery time per nahin hoti hai,1,0,8.3,10-08-2025,"Hi flipkart user, we are sorry about your bad experience with us. please get in touch with us at www.flipkart.com/helpcentre to assist you. thanks for your patience!",8.3,Flipkart
Pavan Damu,Super,5,0,8.29,10-08-2025,"Hi flipkart user, thank you so much for your feedback. we are glad that you are enjoying flipkart and we look forward to serving you again.",8.29,Flipkart
Er.Narendra Dubey,Awesome,5,0,8.29,10-08-2025,"Hi flipkart user, thank you so much for your feedback. we are glad that you are enjoying flipkart and we look forward to serving you again.",8.29,Flipkart
Shivam Sonkar,Best app,5,0,8.29,10-08-2025,"Hi flipkart user, thank you so much for your feedback. we are glad that you are enjoying flipkart and we look forward to serving you again.",8.29,Flipkart
Shivay Vishwakarma,Good,5,0,8.29,10-08-2025,"Hi flipkart user, thank you so much for your feedback. we are glad that you are enjoying flipkart and we look forward to serving you again.",8.29,Flipkart
_Gourav_ _Thakur,Ghatiya survice h aap kuch b order kro apne man se muhh utha kr flipkart khudse cancel kr dete h fake promise k liye ready rahiyega flipkart ki taraf se agar shopping krte h toh,1,0,8.26,10-08-2025,No Reply,8.26,Flipkart
Indrajit Das,Ok,5,0,8.29,10-08-2025,"Hi flipkart user, thank you so much for your feedback. we are glad that you are enjoying flipkart and we look forward to serving you again.",8.29,Flipkart
Faisal Abdullah,Now flipkart is giving the worst delivery experience.very late service,1,0,8.15,10-08-2025,"Hi flipkart user, we are sorry about your bad experience with us. please get in touch with us at www.flipkart.com/helpcentre to assist you. thanks for your patience!",8.15,Flipkart
Shinu Babu,"A highly disappointing and distressing experience that occurred during the delivery of an order placed.furthermore otp confusion, disrespectful behavior from the staff, unprofessional handling of product.this experience has left my family extremely disappointed with flipkart. i complainted against this through mails. i hope flipkart will take displinary action against the staff involved and look this matter and take appropriate action to ensure that such behavior is not repeated in future.",1,0,8.28,10-08-2025,No Reply,8.28,Flipkart
Kumar Rahul,"Why are you charging handling fees, platform fees and other fees? the product is become expensive .",1,0,8.3,10-08-2025,No Reply,8.3,Flipkart
Virendra Kumar,Plateform very good,5,0,8.29,10-08-2025,"Hi flipkart user, thank you so much for your feedback. we are glad that you are enjoying flipkart and we look forward to serving you again.",8.29,Flipkart
Harsha Tekkam,Worst delivery parteners the order was delivered but my order not delivered when i ask coustmer care they didn't respond porperely worst flipkart... one star also waste,1,0,8.29,10-08-2025,No Reply,8.29,Flipkart
Vansh Chauhan,Good app,5,0,8.29,10-08-2025,"Hi flipkart user, thank you so much for your feedback. we are glad that you are enjoying flipkart and we look forward to serving you again.",8.29,Flipkart
Anisha Borah,Nice product is good.,5,0,8.3,10-08-2025,"Hi flipkart user, thank you so much for your feedback. we are glad that you are enjoying flipkart and we look forward to serving you again.",8.3,Flipkart
Nitin Ahire,Nitin ahire fantastic,5,0,8.29,10-08-2025,"Hi flipkart user, thank you so much for your feedback. we are glad that you are enjoying flipkart and we look forward to serving you again.",8.29,Flipkart
APIKUL ALAM,Good,4,0,8.3,10-08-2025,"Hi flipkart user, thank you so much for your feedback. we are glad that you are enjoying flipkart and we look forward to serving you again.",8.3,Flipkart
Meenakshiujjainwal Ujjainwal,Good,5,0,Unkown,10-08-2025,"Hi flipkart user, thank you so much for your feedback. we are glad that you are enjoying flipkart and we look forward to serving you again.",Unknown,Flipkart
Saraswati Reddy,Good app,5,0,8.29,10-08-2025,"Hi flipkart user, thank you so much for your feedback. we are glad that you are enjoying flipkart and we look forward to serving you again.",8.29,Flipkart
Imran Juneja,"15 days have passed since the date i was supposed to receive the parcel.every day, the delivery boy comes out for delivery, but the delivery boy doesn't come.if you call flipkart, it says that our team is working on it, but it has been 15 days since they gave a reply.",1,0,8.3,10-08-2025,"Hi flipkart user, we are sorry about your bad experience with us. please get in touch with us at www.flipkart.com/helpcentre to assist you. thanks for your patience!",8.3,Flipkart
Harun Roshid,Very comfortable,5,0,8.27,10-08-2025,"Hi flipkart user, thank you so much for your feedback. we are glad that you are enjoying flipkart and we look forward to serving you again.",8.27,Flipkart
Suraj Kumar Dixit,Good,4,0,8.29,10-08-2025,"Hi flipkart user, thank you so much for your feedback. we are glad that you are enjoying flipkart and we look forward to serving you again.",8.29,Flipkart
Arun Thakur,Good,5,0,8.3,10-08-2025,"Hi flipkart user, thank you so much for your feedback. we are glad that you are enjoying flipkart and we look forward to serving you again.",8.3,Flipkart
ALIBHA SAMAL,Good,5,0,Unkown,10-08-2025,"Hi flipkart user, thank you so much for your feedback. we are glad that you are enjoying flipkart and we look forward to serving you again.",Unknown,Flipkart
Sherin Ab,Very good product platform,1,0,8.3,10-08-2025,"Hi flipkart user, thank you for your kind words! would you also like to give us more stars? 5 stars - very good, 4 stars- good, 3 stars - okay, 2 stars - bad, 1 star- very bad",8.3,Flipkart
Kusum Chetry,Good,5,0,8.25,10-08-2025,"Hi flipkart user, thank you so much for your feedback. we are glad that you are enjoying flipkart and we look forward to serving you again.",8.25,Flipkart
Abhinav Mannath,I prefer 0 no refund amount credited to my account and they are saying it is credited selling only fake products with original tags no sustomerservice number so beware with this fake flipkart,1,0,8.29,10-08-2025,No Reply,8.29,Flipkart
Ajith Devan,Not bad,4,0,8.27,10-08-2025,"Hi flipkart user, thank you so much for your feedback. we are glad that you are enjoying flipkart and we look forward to serving you again.",8.27,Flipkart
minnu doude,Ok,5,0,8.15,10-08-2025,"Hi flipkart user, thank you so much for your feedback. we are glad that you are enjoying flipkart and we look forward to serving you again.",8.15,Flipkart
Susovan Bhowmik,Good but flipcart main abhi platform fee or packeging fee ke name par extra 20-30 rupay lag jata hai...,2,0,8.29,10-08-2025,No Reply,8.29,Flipkart
Ashok kumar Mohanty,Every thing is ok but delivery and return pick up is too late. product is very good quality product,4,0,8.29,10-08-2025,"Hi flipkart user, thank you so much for your feedback. we are glad that you are enjoying flipkart and we look forward to serving you again.",8.29,Flipkart
Anjar Ansari,Best products,5,0,8.29,10-08-2025,"Hi flipkart user, thank you so much for your feedback. we are glad that you are enjoying flipkart and we look forward to serving you again.",8.29,Flipkart
Akshay Gawande,Pathetic services,1,0,8.13,10-08-2025,No Reply,8.13,Flipkart
Mahendra singh,Very good,2,0,8.29,10-08-2025,"Hi flipkart user, thank you for your kind words! would you also like to give us more stars? 5 stars - very good, 4 stars- good, 3 stars - okay, 2 stars - bad, 1 star- very bad",8.29,Flipkart
Kalpana Das,This app is best,5,0,8.27,10-08-2025,"Hi flipkart user, thank you so much for your feedback. we are glad that you are enjoying flipkart and we look forward to serving you again.",8.27,Flipkart
Asha Devi,Good,5,0,8.29,10-08-2025,"Hi flipkart user, thank you so much for your feedback. we are glad that you are enjoying flipkart and we look forward to serving you again.",8.29,Flipkart
Pankaj Kumar,nan,5,0,8.29,10-08-2025,"Hi flipkart user, thank you so much for your feedback. we are glad that you are enjoying flipkart and we look forward to serving you again.",8.29,Flipkart
Sadik Tamboli,nan,5,0,8.29,10-08-2025,"Hi flipkart user, thank you so much for your feedback. we are glad that you are enjoying flipkart and we look forward to serving you again.",8.29,Flipkart
imamul I,Nice,2,0,8.22,10-08-2025,"Hi flipkart user, thank you for your kind words! would you also like to give us more stars? 5 stars - very good, 4 stars- good, 3 stars - okay, 2 stars - bad, 1 star- very bad",8.22,Flipkart
Pramod Harimkar,Super,5,0,8.29,10-08-2025,"Hi flipkart user, thank you so much for your feedback. we are glad that you are enjoying flipkart and we look forward to serving you again.",8.29,Flipkart
Rajyalaxmi G,nan,2,0,8.29,10-08-2025,No Reply,8.29,Flipkart
Seema Chougule,"Such a unprofessional behavior i've ever experienced from filpkart and theirs delivery guys were they don't have disciplines. as their delivery guys keep rescheduling the delivery date day by day without contacting, informing to customer by mentioning that customer has requested for reschedule date which is a big lie!. i just don't understand if you filpkart dosen't have value of your professional work then do not accept customer's orders making them wait by avoiding your d-guy's carelessness",1,0,Unkown,10-08-2025,No Reply,Unknown,Flipkart
Harsh Pandhare,Nic app,4,0,Unkown,10-08-2025,"Hi flipkart user, thank you so much for your feedback. we are glad that you are enjoying flipkart and we look forward to serving you again.",Unknown,Flipkart
Monika Rawal,Bahut hi backwas hai...... payment advance kr do to order late hi aata hai,1,0,8.29,10-08-2025,No Reply,8.29,Flipkart
SIDDHARTH SHARMA,Very good experience,5,0,8.29,10-08-2025,"Hi flipkart user, thank you so much for your feedback. we are glad that you are enjoying flipkart and we look forward to serving you again.",8.29,Flipkart
Javya Mylavarapu,High costs than meesho,3,0,Unkown,10-08-2025,No Reply,Unknown,Flipkart
Soham Biswas,Awesome,5,0,8.3,10-08-2025,"Hi flipkart user, thank you so much for your feedback. we are glad that you are enjoying flipkart and we look forward to serving you again.",8.3,Flipkart
kalai vanan,Good,5,0,8.29,10-08-2025,"Hi flipkart user, thank you so much for your feedback. we are glad that you are enjoying flipkart and we look forward to serving you again.",8.29,Flipkart
Ashish,Good,5,0,8.29,10-08-2025,"Hi flipkart user, thank you so much for your feedback. we are glad that you are enjoying flipkart and we look forward to serving you again.",8.29,Flipkart
manjeet SINGH,Good,5,0,8.29,10-08-2025,"Hi flipkart user, thank you so much for your feedback. we are glad that you are enjoying flipkart and we look forward to serving you again.",8.29,Flipkart
PRADIB BORO,Wow,5,0,8.29,10-08-2025,"Hi flipkart user, thank you so much for your feedback. we are glad that you are enjoying flipkart and we look forward to serving you again.",8.29,Flipkart
Saheblal Porte,Good,4,0,8.3,10-08-2025,"Hi flipkart user, thank you so much for your feedback. we are glad that you are enjoying flipkart and we look forward to serving you again.",8.3,Flipkart
Muhammad Tohid,Good,5,0,8.29,10-08-2025,"Hi flipkart user, thank you so much for your feedback. we are glad that you are enjoying flipkart and we look forward to serving you again.",8.29,Flipkart
Meharajkhan Meharajkhan,Good,5,0,8.29,10-08-2025,"Hi flipkart user, thank you so much for your feedback. we are glad that you are enjoying flipkart and we look forward to serving you again.",8.29,Flipkart
AISME MONDAL,Very good,5,0,8.29,10-08-2025,"Hi flipkart user, thank you so much for your feedback. we are glad that you are enjoying flipkart and we look forward to serving you again.",8.29,Flipkart
rao aashu,Very nice,5,0,8.29,10-08-2025,"Hi flipkart user, thank you so much for your feedback. we are glad that you are enjoying flipkart and we look forward to serving you again.",8.29,Flipkart
Jeet Ram,First oder of successfully product home sarvice show,4,0,8.3,10-08-2025,"Hi flipkart user, thank you so much for your feedback. we are glad that you are enjoying flipkart and we look forward to serving you again.",8.3,Flipkart
Ansh Rawat,Good app for buying something,4,0,8.29,10-08-2025,"Hi flipkart user, thank you so much for your feedback. we are glad that you are enjoying flipkart and we look forward to serving you again.",8.29,Flipkart
Bharti Prhapati,Good,5,0,8.29,10-08-2025,"Hi flipkart user, thank you so much for your feedback. we are glad that you are enjoying flipkart and we look forward to serving you again.",8.29,Flipkart
Mustak Khan,Good,3,0,8.28,10-08-2025,"Thanks for the love, mustak! if you’re happy with everything, a 5-star rating would mean the world to us!",8.28,Flipkart
Nitin Sagar,Thank,5,0,8.29,10-08-2025,"Hi flipkart user, thank you so much for your feedback. we are glad that you are enjoying flipkart and we look forward to serving you again.",8.29,Flipkart
Pankaj The Civil Star,Great experience,5,0,8.29,10-08-2025,"Hi flipkart user, thank you so much for your feedback. we are glad that you are enjoying flipkart and we look forward to serving you again.",8.29,Flipkart
Pooja Narendrasingh tanwar,Nice,5,0,8.29,10-08-2025,"Hi flipkart user, thank you so much for your feedback. we are glad that you are enjoying flipkart and we look forward to serving you again.",8.29,Flipkart
Mona,"Good ,",4,0,8.29,10-08-2025,"Hi flipkart user, thank you so much for your feedback. we are glad that you are enjoying flipkart and we look forward to serving you again.",8.29,Flipkart
Veera Swami,Those flipkart customer service is actually didn't support to customers due to return policys they are actually support to product companies. i purchased a boat headphones but it's sound quality is not good when you are increasing valume sound was coming outside too badly that's why iam asking to replace it and i need another model or replacement not possible i need refund but they told due to return policy those 2 not possible this is the way the policy and customer service and flipkart.,1,0,Unkown,10-08-2025,No Reply,Unknown,Flipkart
DEENI TALEEM,Ok,5,0,8.27,10-08-2025,"Hi flipkart user, thank you so much for your feedback. we are glad that you are enjoying flipkart and we look forward to serving you again.",8.27,Flipkart
shriram Pal,Good,5,0,8.29,10-08-2025,"Hi flipkart user, thank you so much for your feedback. we are glad that you are enjoying flipkart and we look forward to serving you again.",8.29,Flipkart
Marshal Shaikh,Good,5,0,8.29,10-08-2025,"Hi flipkart user, thank you so much for your feedback. we are glad that you are enjoying flipkart and we look forward to serving you again.",8.29,Flipkart
Lubana Harvinder,"They cancel order without prior communication from there end, so why at first place they accept it, if they can't deliver, more over it's very difficult to contact customer care, even if it does customer care is clue less and dont know what is happening",1,0,8.19,10-08-2025,No Reply,8.19,Flipkart
Papun Majhi,Nice,1,0,8.24,10-08-2025,"Hi flipkart user, thank you for your kind words! would you also like to give us more stars? 5 stars - very good, 4 stars- good, 3 stars - okay, 2 stars - bad, 1 star- very bad",8.24,Flipkart
Sakthi Vasan,Good,4,0,8.21,10-08-2025,"Hi flipkart user, thank you so much for your feedback. we are glad that you are enjoying flipkart and we look forward to serving you again.",8.21,Flipkart
SOURABH Bhardwaj,Best app,5,0,8.3,10-08-2025,"Hi flipkart user, thank you so much for your feedback. we are glad that you are enjoying flipkart and we look forward to serving you again.",8.3,Flipkart
nawang lowang medam,Easy for refund and good product with good delhivery service,5,0,8.29,10-08-2025,"Hi flipkart user, thank you so much for your feedback. we are glad that you are enjoying flipkart and we look forward to serving you again.",8.29,Flipkart
Sumanta Roy,Goog,5,0,8.29,10-08-2025,"Hi flipkart user, thank you so much for your feedback. we are glad that you are enjoying flipkart and we look forward to serving you again.",8.29,Flipkart
Sidhi pandey,"When it comes to poor delivery service, flipkart seems to be in a tight race with amazon—each trying to outdo the other in how frequently they can delay orders. it’s almost as if they're competing for the title of 'most unreliable courier experience.' what used to be a promise of fast and efficient delivery has turned into a frustrating waiting game for customers.",1,0,8.27,10-08-2025,"Hi flipkart user, we are sorry about your bad experience with us. please get in touch with us at www.flipkart.com/helpcentre to assist you. thanks for your patience!",8.27,Flipkart
Avishi Sharma,Worst appp seriously,1,0,8.28,10-08-2025,No Reply,8.28,Flipkart
sugathkhan kaja maideen,Amazing,5,0,8.29,10-08-2025,"Hi flipkart user, thank you so much for your feedback. we are glad that you are enjoying flipkart and we look forward to serving you again.",8.29,Flipkart
Dipti Dey,Good,3,0,7.8,10-08-2025,"Thanks so much for the awesome feedback, dipti! if you think we deserve a higher rating, we'd love for you to update it to a 4 or 5 star when you get a chance!",7.8,Flipkart
Abhishek Kumar,"Worst ui/ux . very cluttered home screen , no proper navigation and service is worst ever seen",2,0,8.28,10-08-2025,No Reply,8.28,Flipkart
Prakash Kr,Loading problem,2,0,8.29,10-08-2025,"Hi flipkart user, we sincerely apologize for the inconvenience. please share the details of your issue with app-feedback@flipkart.com for the team to quickly resolve it for you.",8.29,Flipkart
Arti Rana,It's very good,5,0,8.29,10-08-2025,"Hi flipkart user, thank you so much for your feedback. we are glad that you are enjoying flipkart and we look forward to serving you again.",8.29,Flipkart
Rajesh Puzhaykkal,Super,5,0,8.29,10-08-2025,"Hi flipkart user, thank you so much for your feedback. we are glad that you are enjoying flipkart and we look forward to serving you again.",8.29,Flipkart
Jaydeep Kandoriya,Good products,5,0,8.29,10-08-2025,"Hi flipkart user, thank you so much for your feedback. we are glad that you are enjoying flipkart and we look forward to serving you again.",8.29,Flipkart
Amit Kumar Nagdev,Good,2,0,8.29,10-08-2025,"Hi flipkart user, thank you for your kind words! would you also like to give us more stars? 5 stars - very good, 4 stars- good, 3 stars - okay, 2 stars - bad, 1 star- very bad",8.29,Flipkart
Suraj Mandal,Very bad app . the delivery time not schedule i am waiting for 17 days for one oder . if this is the problem for the next twelve then i uninstall this app and shipt amazon,1,0,8.29,10-08-2025,"Hi flipkart user, we are sorry about your bad experience with us. please get in touch with us at www.flipkart.com/helpcentre to assist you. thanks for your patience!",8.29,Flipkart
Nowba Singha,Ok,5,0,8.27,10-08-2025,"Hi flipkart user, thank you so much for your feedback. we are glad that you are enjoying flipkart and we look forward to serving you again.",8.27,Flipkart
Sunita Thakur,Bhut hi bekar mne 2 aug ko oder kiya thaa or aaj 11 ho gyi h 4 dono se dilivery dekha rhe h or mgs kr dete h ki aaj deliver nhi ho pa ygaa pagl bnaa kr rkhaa hua h itni khatiyaa delivery speed h vese to 2 din dikhate mgr yhaa to 8 dino se upr ho gyaa h or costume help pr bhi koi reply nhi dete h koi contact nbr bhi nhi h ki call kr ke bole,1,0,8.3,10-08-2025,No Reply,8.3,Flipkart
Sathish Chakati,Super,5,0,8.29,10-08-2025,"Hi flipkart user, thank you so much for your feedback. we are glad that you are enjoying flipkart and we look forward to serving you again.",8.29,Flipkart
Sachin Talikote,Nice app,5,0,8.29,10-08-2025,"Hi flipkart user, thank you so much for your feedback. we are glad that you are enjoying flipkart and we look forward to serving you again.",8.29,Flipkart
Sonu Mehta,I fav,5,0,8.27,10-08-2025,"Hi flipkart user, thank you so much for your feedback. we are glad that you are enjoying flipkart and we look forward to serving you again.",8.27,Flipkart
Ritu Sharma,Good,4,0,8.29,10-08-2025,"Hi flipkart user, thank you so much for your feedback. we are glad that you are enjoying flipkart and we look forward to serving you again.",8.29,Flipkart
S K,Best,5,0,8.29,10-08-2025,"Hi flipkart user, thank you so much for your feedback. we are glad that you are enjoying flipkart and we look forward to serving you again.",8.29,Flipkart
Saramainsh Manish,Good,5,0,Unkown,10-08-2025,"Hi flipkart user, thank you so much for your feedback. we are glad that you are enjoying flipkart and we look forward to serving you again.",Unknown,Flipkart
suraj Mandal,Valo na,1,0,8.23,10-08-2025,No Reply,8.23,Flipkart
Gaurav Sharma,Gud,4,0,8.29,10-08-2025,"Hi flipkart user, thank you so much for your feedback. we are glad that you are enjoying flipkart and we look forward to serving you again.",8.29,Flipkart
Vikash Gautam,Thank you flipkart,5,0,8.29,10-08-2025,"Hi flipkart user, thank you so much for your feedback. we are glad that you are enjoying flipkart and we look forward to serving you again.",8.29,Flipkart
Priyanka Keni,Best app for shopping,5,0,8.29,10-08-2025,"Hi flipkart user, thank you so much for your feedback. we are glad that you are enjoying flipkart and we look forward to serving you again.",8.29,Flipkart
Firoza Khatoon,Ok ok,3,0,8.29,10-08-2025,No Reply,8.29,Flipkart
Prity Shaw,Such a terrible app i have been trying to open this app from 4 days no matter how multiple time i try it did not open . at first it will open but after sometime it just try after 5 sec and i try but still . such a useless app fix this irritating problem,1,0,8.29,10-08-2025,"Hi flipkart user, we sincerely apologize for the inconvenience. please share the details of your issue with app-feedback@flipkart.com for the team to quickly resolve it for you.",8.29,Flipkart
Loknath Chaubey,Thank you,5,0,8.29,10-08-2025,"Hi flipkart user, thank you so much for your feedback. we are glad that you are enjoying flipkart and we look forward to serving you again.",8.29,Flipkart
Ankush,Thank,5,0,8.29,10-08-2025,"Hi flipkart user, thank you so much for your feedback. we are glad that you are enjoying flipkart and we look forward to serving you again.",8.29,Flipkart
Soumya Bag,Very nice,4,0,8.29,10-08-2025,"Hi flipkart user, thank you so much for your feedback. we are glad that you are enjoying flipkart and we look forward to serving you again.",8.29,Flipkart
Muztaba Rafid,Very good app for online shopping,5,0,8.29,10-08-2025,"Hi flipkart user, thank you so much for your feedback. we are glad that you are enjoying flipkart and we look forward to serving you again.",8.29,Flipkart
Navya Krosuru,Always asks change location,2,0,8.29,10-08-2025,"Hi flipkart user, we sincerely apologize for the inconvenience. please share the details of your issue with app-feedback@flipkart.com for the team to quickly resolve it for you.",8.29,Flipkart
Sachin Kumar,This is the best platform,5,0,8.29,10-08-2025,"Hi flipkart user, thank you so much for your feedback. we are glad that you are enjoying flipkart and we look forward to serving you again.",8.29,Flipkart
Sandhya Shukla,Good work,3,0,8.29,10-08-2025,No Reply,8.29,Flipkart
Prakash Londhe,Good,5,0,8.1,10-08-2025,"Hi flipkart user, thank you so much for your feedback. we are glad that you are enjoying flipkart and we look forward to serving you again.",8.1,Flipkart
Hasnain Memon,Best,5,0,8.3,10-08-2025,"Hi flipkart user, thank you so much for your feedback. we are glad that you are enjoying flipkart and we look forward to serving you again.",8.3,Flipkart
Jugal kishor Shaw,Good,4,0,8.25,10-08-2025,"Hi flipkart user, thank you so much for your feedback. we are glad that you are enjoying flipkart and we look forward to serving you again.",8.25,Flipkart
Neha Jatav,Thik,3,0,8.27,10-08-2025,No Reply,8.27,Flipkart
Bilal Rana,Good,5,0,8.29,10-08-2025,"Hi flipkart user, thank you so much for your feedback. we are glad that you are enjoying flipkart and we look forward to serving you again.",8.29,Flipkart
Dabhi Narendra,Good,5,0,8.29,10-08-2025,"Hi flipkart user, thank you so much for your feedback. we are glad that you are enjoying flipkart and we look forward to serving you again.",8.29,Flipkart
VICKY MANDAL,Good,5,0,8.29,10-08-2025,"Hi flipkart user, thank you so much for your feedback. we are glad that you are enjoying flipkart and we look forward to serving you again.",8.29,Flipkart
i.j,Every order booked is getting late delivery and unnecessary delays... worst app for booking essential requirements,1,0,8.29,10-08-2025,"Hi flipkart user, we are sorry about your bad experience with us. please get in touch with us at www.flipkart.com/helpcentre to assist you. thanks for your patience!",8.29,Flipkart
Anmol Shakya,Nice,5,0,8.28,10-08-2025,"Hi flipkart user, thank you so much for your feedback. we are glad that you are enjoying flipkart and we look forward to serving you again.",8.28,Flipkart
Shehin S.h,Good,5,0,8.17,10-08-2025,"Hi flipkart user, thank you so much for your feedback. we are glad that you are enjoying flipkart and we look forward to serving you again.",8.17,Flipkart
Ricky Singh,Thank you flipkart,5,0,8.29,10-08-2025,"Hi flipkart user, thank you so much for your feedback. we are glad that you are enjoying flipkart and we look forward to serving you again.",8.29,Flipkart
Chatomba Studio,Nice,5,0,8.29,10-08-2025,"Hi flipkart user, thank you so much for your feedback. we are glad that you are enjoying flipkart and we look forward to serving you again.",8.29,Flipkart
Jyoti ranjan Mohanty,Very good,5,0,8.29,10-08-2025,"Hi flipkart user, thank you so much for your feedback. we are glad that you are enjoying flipkart and we look forward to serving you again.",8.29,Flipkart
Abhi Ram,Super,4,0,Unkown,10-08-2025,"Hi flipkart user, thank you so much for your feedback. we are glad that you are enjoying flipkart and we look forward to serving you again.",Unknown,Flipkart
Shubham Koyande,"Recently order bluetooth earbuds, order is out for delivery for 3 days. can't even cancel the order.",1,0,8.29,10-08-2025,"Shubham sorry, we've kept you waiting for your order. write to us securely with your order and app store details at user-experience@flipkart.com and mention your app store details, so that we can sort this for you quickly.",8.29,Flipkart
mehebub mahaldar,Veri good,5,0,8.29,10-08-2025,"Hi flipkart user, thank you so much for your feedback. we are glad that you are enjoying flipkart and we look forward to serving you again.",8.29,Flipkart
sudhir srivastav,Good,4,0,8.28,10-08-2025,"Hi flipkart user, thank you so much for your feedback. we are glad that you are enjoying flipkart and we look forward to serving you again.",8.28,Flipkart
Mohamed Iqbal,Good,5,0,8.29,10-08-2025,"Hi flipkart user, thank you so much for your feedback. we are glad that you are enjoying flipkart and we look forward to serving you again.",8.29,Flipkart
Aitasham Malik,Nice,5,0,8.3,10-08-2025,"Hi flipkart user, thank you so much for your feedback. we are glad that you are enjoying flipkart and we look forward to serving you again.",8.3,Flipkart
Youlle Dheeraj,Good,5,0,8.3,10-08-2025,"Hi flipkart user, thank you so much for your feedback. we are glad that you are enjoying flipkart and we look forward to serving you again.",8.3,Flipkart
AMIT KUMAR BIND,One of the best for online shopping.,5,0,8.3,10-08-2025,"Hi flipkart user, thank you so much for your feedback. we are glad that you are enjoying flipkart and we look forward to serving you again.",8.3,Flipkart
stamil arasan,Good quaility and product..,5,0,8.27,10-08-2025,"Hi flipkart user, thank you so much for your feedback. we are glad that you are enjoying flipkart and we look forward to serving you again.",8.27,Flipkart
honey Dhiman,Good,5,0,8.29,10-08-2025,"Hi flipkart user, thank you so much for your feedback. we are glad that you are enjoying flipkart and we look forward to serving you again.",8.29,Flipkart
Ashit Mishra,Good app,5,0,8.29,10-08-2025,"Hi flipkart user, thank you so much for your feedback. we are glad that you are enjoying flipkart and we look forward to serving you again.",8.29,Flipkart
Manjunath Mantur,Good products,5,0,8.21,10-08-2025,"Hi flipkart user, thank you so much for your feedback. we are glad that you are enjoying flipkart and we look forward to serving you again.",8.21,Flipkart
Arpan Pal,"App is getting hanged every now and then. very bad experience with this recent issue. same issue now as well, as of 10th august 2025",1,0,8.29,10-08-2025,"Hi flipkart user, we sincerely apologize for the inconvenience. please share the details of your issue with app-feedback@flipkart.com for the team to quickly resolve it for you.",8.29,Flipkart
Abdul Mobin,Very good,5,0,8.29,10-08-2025,"Hi flipkart user, thank you so much for your feedback. we are glad that you are enjoying flipkart and we look forward to serving you again.",8.29,Flipkart
Pappu Kumar,Love u,5,0,8.29,10-08-2025,"Hi flipkart user, thank you so much for your feedback. we are glad that you are enjoying flipkart and we look forward to serving you again.",8.29,Flipkart
Munna alam,Very very beautiful look,5,0,8.29,10-08-2025,"Hi flipkart user, thank you so much for your feedback. we are glad that you are enjoying flipkart and we look forward to serving you again.",8.29,Flipkart
Rishav Sharma,Incredible,4,0,8.26,10-08-2025,"Hi flipkart user, thank you so much for your feedback. we are glad that you are enjoying flipkart and we look forward to serving you again.",8.26,Flipkart
Mohd Birasat,Good,5,0,8.29,10-08-2025,"Hi flipkart user, thank you so much for your feedback. we are glad that you are enjoying flipkart and we look forward to serving you again.",8.29,Flipkart
Ansar Goundi,Nice,4,0,8.3,10-08-2025,"Hi flipkart user, thank you so much for your feedback. we are glad that you are enjoying flipkart and we look forward to serving you again.",8.3,Flipkart
anil sharma,Good,4,0,8.29,10-08-2025,"Hi flipkart user, thank you so much for your feedback. we are glad that you are enjoying flipkart and we look forward to serving you again.",8.29,Flipkart
CIJU THOMAS,Fake delivery promises and unable to cancel the order if they havent deliver on time in app it seems next day delivery and after 3 days they didnt deliver,1,1,8.3,10-08-2025,"Ciju sorry, we've kept you waiting for your order. write to us securely with your order and app store details at user-experience@flipkart.com and mention your app store details, so that we can sort this for you quickly.",8.3,Flipkart
Manju Mobarsa,Very nice sarvice,5,0,8.3,10-08-2025,"Hi flipkart user, thank you so much for your feedback. we are glad that you are enjoying flipkart and we look forward to serving you again.",8.3,Flipkart
muval shab,Good app,5,0,8.29,10-08-2025,"Hi flipkart user, thank you so much for your feedback. we are glad that you are enjoying flipkart and we look forward to serving you again.",8.29,Flipkart
RAJSTHANI CARPANTER,Good,5,0,8.21,10-08-2025,"Hi flipkart user, thank you so much for your feedback. we are glad that you are enjoying flipkart and we look forward to serving you again.",8.21,Flipkart
Ramanji yadav Yadav,Good,5,0,8.29,10-08-2025,"Hi flipkart user, thank you so much for your feedback. we are glad that you are enjoying flipkart and we look forward to serving you again.",8.29,Flipkart
Ruby Bisht,Good,2,0,8.29,10-08-2025,"Hi flipkart user, thank you for your kind words! would you also like to give us more stars? 5 stars - very good, 4 stars- good, 3 stars - okay, 2 stars - bad, 1 star- very bad",8.29,Flipkart
Umsha S,Super,5,0,8.29,10-08-2025,"Hi flipkart user, thank you so much for your feedback. we are glad that you are enjoying flipkart and we look forward to serving you again.",8.29,Flipkart
Jasim sk,Thank,5,0,8.29,10-08-2025,"Hi flipkart user, thank you so much for your feedback. we are glad that you are enjoying flipkart and we look forward to serving you again.",8.29,Flipkart
Nisar Nisar,Good and responsible,4,0,8.29,10-08-2025,"Hi flipkart user, thank you so much for your feedback. we are glad that you are enjoying flipkart and we look forward to serving you again.",8.29,Flipkart
Ashok Kumar Singh,"After multiple requests for the delivery of a grocery order placed on august 1, 2025, and a subsequent cancellation request on 09-08-25 my issue remains unresolved. a customer service representative initially promised a refund by august 13, but a different representative todayaugust 10 stated the cancellation wasn't processed and escalated the issue, pushing the refund date to august 14. this experience has been extremely frustrating. i advise customer be cautious when using flipkart.",1,0,8.29,10-08-2025,No Reply,8.29,Flipkart
Nithin Karappully,Good selection for dresses,5,0,8.24,10-08-2025,"Hi flipkart user, thank you so much for your feedback. we are glad that you are enjoying flipkart and we look forward to serving you again.",8.24,Flipkart
Raj Kumar,Good,1,0,8.29,10-08-2025,"Hi flipkart user, thank you for your kind words! would you also like to give us more stars? 5 stars - very good, 4 stars- good, 3 stars - okay, 2 stars - bad, 1 star- very bad",8.29,Flipkart
Parmar Dipak,Happy,5,0,8.29,10-08-2025,"Hi flipkart user, thank you so much for your feedback. we are glad that you are enjoying flipkart and we look forward to serving you again.",8.29,Flipkart
Raghavendra singh,Good,5,0,8.18,10-08-2025,"Hi flipkart user, thank you so much for your feedback. we are glad that you are enjoying flipkart and we look forward to serving you again.",8.18,Flipkart
Rajnesh Kumar,Good job,4,0,8.29,10-08-2025,"Hi flipkart user, thank you so much for your feedback. we are glad that you are enjoying flipkart and we look forward to serving you again.",8.29,Flipkart
Anand KR,nan,5,0,8.13,10-08-2025,"Hi flipkart user, thank you so much for your feedback. we are glad that you are enjoying flipkart and we look forward to serving you again.",8.13,Flipkart
MastanRao Material,This is the best interest platform,5,0,8.29,10-08-2025,"Hi flipkart user, thank you so much for your feedback. we are glad that you are enjoying flipkart and we look forward to serving you again.",8.29,Flipkart
Raja Putel,Like,5,0,8.29,10-08-2025,"Hi flipkart user, thank you so much for your feedback. we are glad that you are enjoying flipkart and we look forward to serving you again.",8.29,Flipkart
Fayaz Shaikh,It's good,4,0,8.29,10-08-2025,"Hi flipkart user, thank you so much for your feedback. we are glad that you are enjoying flipkart and we look forward to serving you again.",8.29,Flipkart
Sangeeth k,nice,5,0,8.28,10-08-2025,"Hi flipkart user, thank you so much for your feedback. we are glad that you are enjoying flipkart and we look forward to serving you again.",8.28,Flipkart
Md firoj Ansari,Good,5,0,8.26,10-08-2025,"Hi flipkart user, thank you so much for your feedback. we are glad that you are enjoying flipkart and we look forward to serving you again.",8.26,Flipkart
Husna ahmada begam Sayyad husna,This is my favourite now,5,0,Unkown,10-08-2025,"Hi flipkart user, thank you so much for your feedback. we are glad that you are enjoying flipkart and we look forward to serving you again.",Unknown,Flipkart
Sagar Kumar,Nice app it was helpful for purchasing same thing which is not available in market,5,0,8.29,10-08-2025,"Hi flipkart user, thank you so much for your feedback. we are glad that you are enjoying flipkart and we look forward to serving you again.",8.29,Flipkart
mahesh sharma,Delivery is very slow and not accurate,1,0,8.29,10-08-2025,"Hi flipkart user, we are sorry about your bad experience with us. please get in touch with us at www.flipkart.com/helpcentre to assist you. thanks for your patience!",8.29,Flipkart
Ranjith k rajan,Great,5,0,8.29,10-08-2025,"Hi flipkart user, thank you so much for your feedback. we are glad that you are enjoying flipkart and we look forward to serving you again.",8.29,Flipkart
Mohan Yadav,Good,2,0,8.29,10-08-2025,"Hi flipkart user, thank you for your kind words! would you also like to give us more stars? 5 stars - very good, 4 stars- good, 3 stars - okay, 2 stars - bad, 1 star- very bad",8.29,Flipkart
Abdul Basith,Well nice online shoping app,5,0,8.29,10-08-2025,"Hi flipkart user, thank you so much for your feedback. we are glad that you are enjoying flipkart and we look forward to serving you again.",8.29,Flipkart
Santosh Sadasivan,The flipcart grocery app is very user friendly and the prices are very competitive. shopping here is a pleasure.,5,0,8.3,10-08-2025,"Hi flipkart user, thank you so much for your feedback. we are glad that you are enjoying flipkart and we look forward to serving you again.",8.3,Flipkart
Yash Pal,Good product,5,0,8.29,10-08-2025,"Hi flipkart user, thank you so much for your feedback. we are glad that you are enjoying flipkart and we look forward to serving you again.",8.29,Flipkart
Santhosh Ammu,Hi my best user flipkart,3,0,8.7,10-08-2025,"We're glad you enjoyed our app, santhosh! if you think we deserve more stars, we'd love to see your rating updated to a 4 or 5 star!",8.7,Flipkart
SARITA KUMARI,Very nice,5,0,8.29,10-08-2025,"Hi flipkart user, thank you so much for your feedback. we are glad that you are enjoying flipkart and we look forward to serving you again.",8.29,Flipkart
KiSHORKUMAR KORRU,థాంక్స్,2,0,8.29,10-08-2025,No Reply,8.29,Flipkart
Shubham Verma,Best shopping app,5,0,8.3,10-08-2025,"Hi flipkart user, thank you so much for your feedback. we are glad that you are enjoying flipkart and we look forward to serving you again.",8.3,Flipkart
PRADEEP SINGH,Nice,5,0,8.29,10-08-2025,"Hi flipkart user, thank you so much for your feedback. we are glad that you are enjoying flipkart and we look forward to serving you again.",8.29,Flipkart
Happy singh,Good,5,0,Unkown,10-08-2025,"Hi flipkart user, thank you so much for your feedback. we are glad that you are enjoying flipkart and we look forward to serving you again.",Unknown,Flipkart
Vijay Ragavan,Ok,5,0,8.28,10-08-2025,"Hi flipkart user, thank you so much for your feedback. we are glad that you are enjoying flipkart and we look forward to serving you again.",8.28,Flipkart
Kandula Ravindra,Super,5,0,Unkown,10-08-2025,"Hi flipkart user, thank you so much for your feedback. we are glad that you are enjoying flipkart and we look forward to serving you again.",Unknown,Flipkart
Acs comedy “Acs comedy boy” Boy,Best app,5,0,8.29,10-08-2025,"Hi flipkart user, thank you so much for your feedback. we are glad that you are enjoying flipkart and we look forward to serving you again.",8.29,Flipkart
Sundaram Kumar,"Slow app, keeps loading",1,0,8.3,10-08-2025,"Hi flipkart user, we sincerely apologize for the inconvenience. please share the details of your issue with app-feedback@flipkart.com for the team to quickly resolve it for you.",8.3,Flipkart
Goutam Kumar,Happy,5,0,8.29,10-08-2025,"Hi flipkart user, thank you so much for your feedback. we are glad that you are enjoying flipkart and we look forward to serving you again.",8.29,Flipkart
Subeeshh C. M,Good,5,0,8.29,10-08-2025,"Hi flipkart user, thank you so much for your feedback. we are glad that you are enjoying flipkart and we look forward to serving you again.",8.29,Flipkart
Nitin Kumar,Best,5,0,8.29,10-08-2025,"Hi flipkart user, thank you so much for your feedback. we are glad that you are enjoying flipkart and we look forward to serving you again.",8.29,Flipkart
Bharat Sahu,Super t,5,0,8.3,10-08-2025,"Hi flipkart user, thank you so much for your feedback. we are glad that you are enjoying flipkart and we look forward to serving you again.",8.3,Flipkart
Ch vashu Rajora,"Brother, how much extra charge do you charge? whatever product you buy, who charges so much extra?",1,0,8.1,10-08-2025,No Reply,8.1,Flipkart
DR ILANGO A S,Order review was not shown while placing order. so i cancelled the order 2 times.,3,0,8.29,10-08-2025,"We’re sorry you're experiencing issues with our app. please write to us securely at user-experience@flipkart.com and share your registered phone number/ email address, and app store details. rest assured, we'll sort it out.",8.29,Flipkart
Rajat Kalia,Minus 5 to flipkart. every time i order they select a random delivery date 10 -15 days late. they don't bother to ship unless you call 2-3 times. even then no guarantee that order will be shipped. even now i have ordered sandals. it's 4 to 5 days that it is yet to be shipped. secondly these guys have no idea of sellers location or from where the order is originatiñg to be shipped. v poor internal coordination in 2025....,1,0,8.29,10-08-2025,"Hi flipkart user, we are sorry about your bad experience with us. please get in touch with us at www.flipkart.com/helpcentre to assist you. thanks for your patience!",8.29,Flipkart
Aditya Roy,V.good,5,0,8.29,10-08-2025,"Hi flipkart user, thank you so much for your feedback. we are glad that you are enjoying flipkart and we look forward to serving you again.",8.29,Flipkart
Pintu kumar,Super,5,0,8.29,10-08-2025,"Hi flipkart user, thank you so much for your feedback. we are glad that you are enjoying flipkart and we look forward to serving you again.",8.29,Flipkart
Shivam Raj,Good app,5,0,8.29,10-08-2025,"Hi flipkart user, thank you so much for your feedback. we are glad that you are enjoying flipkart and we look forward to serving you again.",8.29,Flipkart
Ps gaming pro india,Good,5,0,8.29,10-08-2025,"Hi flipkart user, thank you so much for your feedback. we are glad that you are enjoying flipkart and we look forward to serving you again.",8.29,Flipkart
Priyanshu Kumar Mishra,I don't know what's happening to my order i have paid for it there is no update on this what will i do there is no customer care call number,1,0,Unkown,10-08-2025,No Reply,Unknown,Flipkart
Saddam Ansari,Nice product,1,0,8.29,10-08-2025,"Hi flipkart user, thank you for your kind words! would you also like to give us more stars? 5 stars - very good, 4 stars- good, 3 stars - okay, 2 stars - bad, 1 star- very bad",8.29,Flipkart
Jani Saha,Nice,1,0,8.29,10-08-2025,"Hi flipkart user, thank you for your kind words! would you also like to give us more stars? 5 stars - very good, 4 stars- good, 3 stars - okay, 2 stars - bad, 1 star- very bad",8.29,Flipkart
Rani Misra,"Flipkart’s services have now become extremely poor. their delivery boys fail to deliver items on time, often arriving several days late. and if there is a return, they take an entire week just to pick it up. we are really fed up with this — it’s a very bad site.",1,0,8.3,10-08-2025,"Rani sorry, we've kept you waiting for your order. write to us securely with your order and app store details at user-experience@flipkart.com and mention your app store details, so that we can sort this for you quickly.",8.3,Flipkart
Haseeb Khan,Good,4,0,8.3,10-08-2025,"Hi flipkart user, thank you so much for your feedback. we are glad that you are enjoying flipkart and we look forward to serving you again.",8.3,Flipkart
Niks Singh,"Flipkart seller selling expirey date milk items, and customer support team begging/ giving excuse they don't have authority to return/refund item.. as seller refused. fully fake platform, unprofessional behavior by priority customer care team.. so be careful when order items from flipkart... as they don't have authority to control product quality standard in there platform, they just sitting to eating commision from seller. no consumer relationship and compromise with consumer health.",1,0,8.29,10-08-2025,No Reply,8.29,Flipkart
Pramod Upadhyay,That goods shopping,1,0,8.29,10-08-2025,No Reply,8.29,Flipkart
Yugesh Yadav,Good servive,4,0,8.27,10-08-2025,"Hi flipkart user, thank you so much for your feedback. we are glad that you are enjoying flipkart and we look forward to serving you again.",8.27,Flipkart
Mampi Chatterjee,Very good,5,0,8.29,10-08-2025,"Hi flipkart user, thank you so much for your feedback. we are glad that you are enjoying flipkart and we look forward to serving you again.",8.29,Flipkart
Raja Sk,Achcha laga to rating ganga nahin,5,0,8.29,10-08-2025,"Hi flipkart user, thank you so much for your feedback. we are glad that you are enjoying flipkart and we look forward to serving you again.",8.29,Flipkart
Mhender Mhender,Super,5,0,8.29,10-08-2025,"Hi flipkart user, thank you so much for your feedback. we are glad that you are enjoying flipkart and we look forward to serving you again.",8.29,Flipkart
Sonu Chaursia,Woow,5,0,8.29,10-08-2025,"Hi flipkart user, thank you so much for your feedback. we are glad that you are enjoying flipkart and we look forward to serving you again.",8.29,Flipkart
Ratul Gogoi,Very good,5,0,8.23,10-08-2025,"Hi flipkart user, thank you so much for your feedback. we are glad that you are enjoying flipkart and we look forward to serving you again.",8.23,Flipkart
Inderpal Singh,Good reputation of company so we have faith to pay in advance,4,0,8.29,10-08-2025,"Hi flipkart user, thank you so much for your feedback. we are glad that you are enjoying flipkart and we look forward to serving you again.",8.29,Flipkart
Sridhar,"Worst app, they are delaying my refund amount for more than 1 month.",1,0,8.29,10-08-2025,"Sridhar, timely refund is our priority and i'm sorry it's taken long. help us make this right by writing to us securely at user-experience@flipkart.com with your order and app store details.",8.29,Flipkart
Suman mandal,Koi bhi product stock mein nahin hai very bad aap uninstall karo,1,0,Unkown,10-08-2025,No Reply,Unknown,Flipkart
Rishabh Mahant,Good,1,0,8.16,10-08-2025,"Hi flipkart user, thank you for your kind words! would you also like to give us more stars? 5 stars - very good, 4 stars- good, 3 stars - okay, 2 stars - bad, 1 star- very bad",8.16,Flipkart
monika chauhan,Very bad experience....themselves delivering in wrong address... n cancellation charges is applying on me..how pathetic service...,1,0,8.22,10-08-2025,No Reply,8.22,Flipkart
Sk Tuine,So cool,3,0,8.29,10-08-2025,No Reply,8.29,Flipkart
Ananth rao,"App is very slow, especially when i select quick delivery, it takes a minute to display when i navigate between items",1,0,8.3,10-08-2025,"Hi flipkart user, we sincerely apologize for the inconvenience. please share the details of your issue with app-feedback@flipkart.com for the team to quickly resolve it for you.",8.3,Flipkart
Golu Gopal,Ok,5,0,8.29,10-08-2025,"Hi flipkart user, thank you so much for your feedback. we are glad that you are enjoying flipkart and we look forward to serving you again.",8.29,Flipkart
Yash Singh,Nice,5,0,8.29,10-08-2025,"Hi flipkart user, thank you so much for your feedback. we are glad that you are enjoying flipkart and we look forward to serving you again.",8.29,Flipkart
Pooja Pavana,ಸೂಪರ್,2,0,8.29,10-08-2025,"Thanks for the love, pooja! if you’re happy with everything, a 5-star rating would mean the world to us!",8.29,Flipkart
Mahendra Mourya,In my location not deliverible,4,0,8.27,10-08-2025,"Hi flipkart user, thank you so much for your feedback. we are glad that you are enjoying flipkart and we look forward to serving you again.",8.27,Flipkart
NELSON PERIYANAYAGAM,Good,5,0,8.29,10-08-2025,"Hi flipkart user, thank you so much for your feedback. we are glad that you are enjoying flipkart and we look forward to serving you again.",8.29,Flipkart
sarvesh sharma,Good,5,0,8.24,10-08-2025,"Hi flipkart user, thank you so much for your feedback. we are glad that you are enjoying flipkart and we look forward to serving you again.",8.24,Flipkart
Ram Nippani,Very good,5,0,8.28,10-08-2025,"Hi flipkart user, thank you so much for your feedback. we are glad that you are enjoying flipkart and we look forward to serving you again.",8.28,Flipkart
Arya Nanda,Good,4,0,8.28,10-08-2025,"Hi flipkart user, thank you so much for your feedback. we are glad that you are enjoying flipkart and we look forward to serving you again.",8.28,Flipkart
Kottee Swaran,Good,5,0,8.29,10-08-2025,"Hi flipkart user, thank you so much for your feedback. we are glad that you are enjoying flipkart and we look forward to serving you again.",8.29,Flipkart
vinod b mali,Very good,5,0,8.9,10-08-2025,"Hi flipkart user, thank you so much for your feedback. we are glad that you are enjoying flipkart and we look forward to serving you again.",8.9,Flipkart
brijesh kumar,They are playing a scam first they launch a sale when you order any product at a lower price after sales they will cancel your order and are told to order again with a high price.,1,0,8.29,10-08-2025,"Brijesh, apologies for the cancellation. please get in touch with us by writing securely at user-experience@flipkart.com and mention your order and app store details so we can help.",8.29,Flipkart
Ram pyare Ray,All good,5,0,8.29,10-08-2025,"Hi flipkart user, thank you so much for your feedback. we are glad that you are enjoying flipkart and we look forward to serving you again.",8.29,Flipkart
PANKAJ TRIVEDI,Leat service,1,0,8.29,10-08-2025,No Reply,8.29,Flipkart
arti singha,Good,5,0,8.29,10-08-2025,"Hi flipkart user, thank you so much for your feedback. we are glad that you are enjoying flipkart and we look forward to serving you again.",8.29,Flipkart
pooja Gupta,Good,5,0,8.22,10-08-2025,"Hi flipkart user, thank you so much for your feedback. we are glad that you are enjoying flipkart and we look forward to serving you again.",8.22,Flipkart
Nandan Bisht,Nice,5,0,8.29,10-08-2025,"Hi flipkart user, thank you so much for your feedback. we are glad that you are enjoying flipkart and we look forward to serving you again.",8.29,Flipkart
Sandip Kumar,Very bad experience.....worst experience....platform fee and handling charge should be zero....dont make foolish people ...why should we pay platform fee...it ask handling charge on cash on delivery because customer always use online payment and this technique shows blackmail to customers.... this is amaster technique used by flipkart...,1,0,Unkown,10-08-2025,No Reply,Unknown,Flipkart
Omprakash Bharti,Nice,1,0,8.3,10-08-2025,"Hi flipkart user, thank you for your kind words! would you also like to give us more stars? 5 stars - very good, 4 stars- good, 3 stars - okay, 2 stars - bad, 1 star- very bad",8.3,Flipkart
Rajneshkumar Rajneshkumar,Mast,5,0,8.29,10-08-2025,"Hi flipkart user, thank you so much for your feedback. we are glad that you are enjoying flipkart and we look forward to serving you again.",8.29,Flipkart
Mahiuddin Khan,Amazing,5,0,8.29,10-08-2025,"Hi flipkart user, thank you so much for your feedback. we are glad that you are enjoying flipkart and we look forward to serving you again.",8.29,Flipkart
Pramod Kumar,Good,5,0,8.3,10-08-2025,"Hi flipkart user, thank you so much for your feedback. we are glad that you are enjoying flipkart and we look forward to serving you again.",8.3,Flipkart
Bikki Kumar,Thank,5,0,8.29,10-08-2025,"Hi flipkart user, thank you so much for your feedback. we are glad that you are enjoying flipkart and we look forward to serving you again.",8.29,Flipkart
mohit negi,Cool,5,0,8.28,10-08-2025,"Hi flipkart user, thank you so much for your feedback. we are glad that you are enjoying flipkart and we look forward to serving you again.",8.28,Flipkart
Hemraj Saini,Aaye ki tb use kar kye dekhe kye btayenge,5,0,8.29,10-08-2025,"Hi flipkart user, thank you so much for your feedback. we are glad that you are enjoying flipkart and we look forward to serving you again.",8.29,Flipkart
M. Saquib,Bast application for buying,1,0,8.27,10-08-2025,"Thanks for the great feedback, saquib! if you're satisfied, we’d be so thankful if you’d consider rating us a 4 or 5-star!",8.27,Flipkart
Saabir Alli,Bahut achcha,5,0,8.29,10-08-2025,"Hi flipkart user, thank you so much for your feedback. we are glad that you are enjoying flipkart and we look forward to serving you again.",8.29,Flipkart
deep sho,Nise app always shopping here,5,0,8.2.0,11-08-2025,Thanks!,8.2.0,Snapdeal
Priti Kumari,Nice aap,5,0,Unkown,11-08-2025,Thanks!,Unknown,Snapdeal
Singgaravelan R,Honest and prompt dealings with customers and the moment return of goods is placed money is returned to the account without any delay. the ordered goods are delivered on the address within the reasonable time limit. delivery for my order can be avoided on sunday and instead of sunday it can be delivered from monday to saturday by 11 a. m to 7p.m.,5,0,8.2.1,11-08-2025,Thank you for taking the time to write this review. your kind words encourage us greatly. happy shopping!,8.2.1,Snapdeal
Akhilesh Thakur,Very best product and quality,5,0,8.2.0,11-08-2025,Thanks a lot :-),8.2.0,Snapdeal
Santosh Kumar,"Very good, on time delivery. original product.",5,0,8.2.1,11-08-2025,Thank you for taking the time to write this review. your kind words encourage us greatly. happy shopping!,8.2.1,Snapdeal
Ramjeet Meena,Nice,4,0,8.2.0,11-08-2025,Thank you :),8.2.0,Snapdeal
shirish kokane,"Phishing, damaged, poisonous food food provided by them.",1,0,8.2.0,11-08-2025,Hi shirish! so sorry for the unpleasant experience. kindly share your order details at csmanager@snapdeal.com and i'll look into it. thanks! avi,8.2.0,Snapdeal
Rajesh Geet Mp3,Good,4,0,Unkown,10-08-2025,Thanks!,Unknown,Snapdeal
Chirag Garg Production,Worst expierence,1,0,Unkown,10-08-2025,Hi! so sorry for the unpleasant experience. kindly share your order details at csmanager@snapdeal.com and i'll look into it. thanks! avi,Unknown,Snapdeal
Andy Sharma,Awesome app for shopping,5,0,Unkown,10-08-2025,Thank you :-),Unknown,Snapdeal
Yashoda Yashu,"I had ordered an product on this earlier and when the product came ( a small mixer ) its wire was too short for it to reach any port so i returned it , but the dilivery agent never came up or called me instead he kept reschudling the date on the app until the 7 day period finished , after which the return cycle stopped and i couldn't return it at all. now i am stuck with a useless product that costed me 500 bucks . never ordering from this app again.",1,0,8.1.3,10-08-2025,Hi yashoda! so sorry for the unpleasant experience. kindly share your order details at csmanager@snapdeal.com and i'll look into it. thanks! avi,8.1.3,Snapdeal
Nagaraj Biradar,Ist so good and valuable price and good quality,5,0,8.2.1,10-08-2025,Thank you :-),8.2.1,Snapdeal
Prakash Mali,Nice,5,0,8.2.1,10-08-2025,Thanks!,8.2.1,Snapdeal
Md Arif Ali,Nice,5,0,8.2.0,10-08-2025,Thanks!,8.2.0,Snapdeal
FAyaz Ahanger,Opning app only see blank page,1,0,Unkown,10-08-2025,"Hi! apologies for the inconvenience caused. kindly share the screenshot of the error as well as your contact details at csmanager@snapdeal.com and i'll help you out. thanks, aman",Unknown,Snapdeal
Gopal Shah,Seems like snapdeal is back on track...only need to make sure that they copy somewhat from flipkart like open box delivery...rest i started liking snapdeal again,5,0,Unkown,10-08-2025,Thank you for taking the time to write this review. your kind words encourage us greatly. happy shopping!,Unknown,Snapdeal
Agamya Thakur,I experienced quite good,5,0,8.2.1,10-08-2025,Glad to hear from you :),8.2.1,Snapdeal
Om prakash Naik,Very good,5,0,Unkown,10-08-2025,Thanks!,Unknown,Snapdeal
RAJA KAPTAN SINGH,It is good app,5,0,8.2.0,10-08-2025,Thanks!,8.2.0,Snapdeal
Pradeep Verma,So far it's good whatever i purchased.,5,0,8.2.1,10-08-2025,Thanks a lot :-),8.2.1,Snapdeal
Satish Mohan Bhatia,Displayed brown colour became off white ( greyish) which was not wanted. lately there is a problem in executing orders accurately. each time there is deviation.,3,0,8.2.1,10-08-2025,Hi! sorry to disappoint you. please share your order details at csmanager@snapdeal.com and i'll look into it. thanks! aman,8.2.1,Snapdeal
Armaan Maan,Good product and free delivery,5,0,Unkown,10-08-2025,Thanks a lot :-),Unknown,Snapdeal
Shaik Rahimath,Nice,5,0,8.2.1,10-08-2025,Thanks!,8.2.1,Snapdeal
Ajmat Ali,Azeem snapdeal achha hai aur isko sab jane use kariye ismein koi dhokha dhadi nahin hai aur aapka parcel waqt per aaega,5,0,Unkown,10-08-2025,"Hi! aapke bahumulay feedback ke liye dhanyavaad. thanks, sia",Unknown,Snapdeal
Sovon Swarnakar,Nice aap,5,0,8.2.0,10-08-2025,Thank you :),8.2.0,Snapdeal
Rohit Rawat,Osam nice,5,0,Unkown,10-08-2025,Thank you :),Unknown,Snapdeal
MRS.M SUDHA,Very reliable and good quality,5,0,8.2.1,10-08-2025,Thank you :-),8.2.1,Snapdeal
Ankit Singh paraste,Mal retain mera nahin hua hai abhi,1,0,8.2.1,10-08-2025,Namaste! asuvidha ke liye khed hai. kripya hamein apni order details csmanager@snapdeal.com par share karein taaki ham jald se jald aap ki madad kar payein. dhanyavaad! avi,8.2.1,Snapdeal
Subodh K,"Sells very poor quality clothes and other items, i had purchased clothes for kids for 2 years and they delivered poor quality clothes to the youth, did not even change the cheap cloth",1,0,8.2.0,10-08-2025,Hi subodh! so sorry for the unpleasant experience. kindly share your order details at csmanager@snapdeal.com and i'll look into it. thanks! avi,8.2.0,Snapdeal
Aman Deep,Very good,5,0,8.2.1,10-08-2025,Thank you :),8.2.1,Snapdeal
Vandana Sharma,Good app,5,0,8.2.1,10-08-2025,Thanks!,8.2.1,Snapdeal
Vishmatma,Nice,5,0,8.2.1,10-08-2025,Thanks!,8.2.1,Snapdeal
Ronack Bansal,"Very bad. i got a different product from what was shown, i requested a return but it was denied, after asking customer support they said that i had ""too many returns"" when i only had 2 and those were also because i received a completely different product. but because i got scammed by some sellers i have to pay the price. nice",1,2,8.2.1,10-08-2025,Hi ronack! so sorry for the unpleasant experience. kindly share your order details at csmanager@snapdeal.com and i'll look into it. thanks! sia,8.2.1,Snapdeal
Sushil Upadhyay,Good,5,0,Unkown,10-08-2025,Thanks!,Unknown,Snapdeal
Sanjaykumar S,"Using since a decade, this company grow well",5,0,8.2.0,10-08-2025,Glad to hear from you :),8.2.0,Snapdeal
Sivakumar S,I like to online shopping on snapdeal all products are decent rate for buying and quality products thanks to snapdeal,5,0,8.0.5,10-08-2025,Thank you for taking the time to write this review. your kind words encourage us greatly. happy shopping!,8.0.5,Snapdeal
Aswindev E p,"The show one shoe 528₹ get it from there app 503₹,2nd 548₹ from app 528 once i downloaded the app ordered price increase as per sit i face fraudulent activities from snapdeal 2nd time don't trust them",1,0,Unkown,09-08-2025,Hi aswindev! so sorry for the unpleasant experience. kindly share your contact details at csmanager@snapdeal.com and we'll get in touch with you to discuss this. thanks! sia,Unknown,Snapdeal
Nilesh Bansode,Nice app,5,0,8.2.1,09-08-2025,Thank you :),8.2.1,Snapdeal
Chetan Sant,Offers shown while shoping not getting applied on payments page. for eg. bhim upi 70 offer not showing and not applying. please resolve the issue,1,0,8.2.0,09-08-2025,"Hi chetan! sorry for this unpleasant experience. please share the error screenshot you are getting while applying the offer and contact details to csmanager@snapdeal.com, and i'll help you out. thanks! neha",8.2.0,Snapdeal
SHAHID,"Delivery boy is not picking up the call. delivery boy is not picking up my call either. who will come to deliver at 10 pm now or who will cancel the order?i am being harassed repeatedly by you. no one is coming to deliver to me and you are cancelling the order on your own. if you provide services like this, no one will buy anything from your platform.you have wasted my time.and you've done this repeatedly, if you can't deliver to me, then why are you taking orders?why did you waste my time?",1,0,8.2.1,09-08-2025,Hi shahid! sincere apologies for the unpleasant experience. kindly share your order details at csmanager@snapdeal.com and i'll help you out. thanks! neha,8.2.1,Snapdeal
amanpreet kour,Good,4,0,Unkown,09-08-2025,Thanks a ton!,Unknown,Snapdeal
Tarok Taggu Tarok Taggu,"It's my first time of connecting to your company,now i can tell everyone about the performance of helpful for this matter.",5,0,Unkown,09-08-2025,Thanks for your feedback :),Unknown,Snapdeal
Zakir husen Suthar,Nice application,5,0,Unkown,09-08-2025,Glad to know that you are happy with our app :),Unknown,Snapdeal
Roshan Varse,Good experience,5,0,8.2.1,09-08-2025,Thanks a ton!,8.2.1,Snapdeal
Vansh Dangwal,"One of the worst app i have ever seen.they are selling the things in such expensive rate.very bad i am personaly very disappointed,i have very much expectation with this app .....",1,0,8.2.1,09-08-2025,Hi vansh! we regret that you didn't like our prices. we strive hard to make sure that our customers get the best quality products at low prices. we’ll share your feedback with our team. also kindly request you to share your contact details at csmanager@snapdeal.com so that i can help you out. thanks! neha,8.2.1,Snapdeal
ys. Khaja (KBN),Very nice,5,0,8.2.1,09-08-2025,Thank you!,8.2.1,Snapdeal
Vishal Aggarwal,Niceaap,5,0,8.2.1,09-08-2025,Glad to know that you are happy with our app :),8.2.1,Snapdeal
Vijay Lalwani,The most worst product ever never buy this product ever all lies an paid promotion don't buy,1,0,Unkown,09-08-2025,Hi vijay! sorry to disappoint you. please elaborate your concern along with your contact number at csmanager@snapdeal.com and i'll look into it. thanks! neha,Unknown,Snapdeal
Bishnath Pratap,"Best from all, limited but best.... ,,,, its should be appreciated... really nicr",5,0,Unkown,09-08-2025,Thanks for your feedback :),Unknown,Snapdeal
Asif Khan,Very nice app,5,0,Unkown,09-08-2025,Thanks a lot :),Unknown,Snapdeal
meghraj sasane,Very bad..... refund के समय बडी तकलीफ देते.है....14 oct का refund 20 दिनोके बाद भी नहीं दिया....snapdeal वॉलोणे....,1,0,8.2.1,09-08-2025,नमस्ते! आपको हुई असुविधा के लिए हम आपसे क्षमा चाहते है। कृपया आप अपनी ऑर्डर डिटेल्स को csmanager@snapdeal.com पर शेयर करे ताकि हम आपकी मदद कर सकें। धन्यवाद! अमन,8.2.1,Snapdeal
Ayaan Azeem,Very best app to purchase item on it and very fast delivery and the returns also in just 5 days nice,5,0,8.2.0,09-08-2025,Glad to hear from you :),8.2.0,Snapdeal
ASHOK PANDAB,Good,5,0,8.2.1,09-08-2025,Thanks!,8.2.1,Snapdeal
nitin thakur,You could have sent the product within 4 days.,4,0,8.2.1,09-08-2025,Hi! sorry to disappoint you. please share your order details at csmanager@snapdeal.com and i'll look into it. thanks! aman,8.2.1,Snapdeal
Rakesh,Very bad app this,1,0,8.2.0,09-08-2025,Hi! sorry to disappoint you. please share your exact issue along with contact details at csmanager@snapdeal.com and we'll connect with you. thanks! aman,8.2.0,Snapdeal
Akhil Yadav,Very bad experience they doesn't refund the full money . worst app ever plz don't visit here,1,0,8.2.0,09-08-2025,Hi! sorry to disappoint you. please share your order details at csmanager@snapdeal.com and i'll look into it. thanks! aman,8.2.0,Snapdeal
amit v Raval,Your services are not available in the village.,1,0,Unkown,09-08-2025,"Hi! sorry for inconvenience caused. availability of services at a location depend on few factors like the type of item, coverage of courier partners, and policies of the respective sellers. thanks! aman",Unknown,Snapdeal
Panara Virambhai,nan,5,0,8.2.1,09-08-2025,Thanks a lot for your rating :),8.2.1,Snapdeal
Rajni Rajput,Order time pa dilevery nahi hota hai,1,0,8.2.0,08-08-2025,"Hi! hum aapse aise experience ke liye shama chahte hai. kripya apni order details hamein csmanager@snapdeal.com par email kare taaki hum aapki sahayata kar sake. dhanyavaad, aman",8.2.0,Snapdeal
Deeksha,Good keep it up,4,0,8.2.0,08-08-2025,Thanks a lot :),8.2.0,Snapdeal
Rajveer jaiswal,Good application,5,0,8.2.0,08-08-2025,Thank you :-),8.2.0,Snapdeal
Pabitra Das,Excellent,5,0,8.2.0,08-08-2025,Thank you :-),8.2.0,Snapdeal
benzeeta souza,Good,5,0,8.2.1,08-08-2025,Thank you :-),8.2.1,Snapdeal
Nandini N,Very good,5,0,8.2.0,08-08-2025,Thank you :-),8.2.0,Snapdeal
Mr Mustaque,Very good,5,0,8.1.9,08-08-2025,Thank you :-),8.1.9,Snapdeal
Sandhya Mankar,I have good experience,5,0,8.2.1,08-08-2025,Glad to hear from you :),8.2.1,Snapdeal
umesh saini,Probably the best...,5,0,8.2.0,08-08-2025,Glad to hear from you :),8.2.0,Snapdeal
Radhika Kadapa,Good,1,0,8.2.1,08-08-2025,"Thanks! if you like the app, could you please give us more stars? thanks! avi",8.2.1,Snapdeal
Omair Cool,"Bad experience, they don't refund ur voucher amount in a return product, voucher amount should be refund in wallet, like other flipkart, ajio, amazon etc, all app safe ur voucher money except snapdeal, so when get voucher never take snapdeal voucher,",1,0,Unkown,08-08-2025,Hi! so sorry for the unpleasant experience. kindly share your order details at csmanager@snapdeal.com and i'll look into it. thanks! avi,Unknown,Snapdeal
Sunil Raghav,Bahut hi ghatiya app hai maine kuch dino pahle kuch books order ki thi par vo books abhi tak mere pass nahi aayi hai or na hi track ho rahi hai,1,0,8.2.1,08-08-2025,Namaste sunil! asuvidha ke liye atyant khed hai. kripya hamein apni order details csmanager@snapdeal.com par share karein taaki ham jald se jald aap ki madad kar payein. dhanyavaad! avi,8.2.1,Snapdeal
NAND KASHYAP,Very good nice,5,0,8.2.1,08-08-2025,Thanks a ton!,8.2.1,Snapdeal
Balaji Ingle,तीन आइटम का आर्डर किया था एक आइटम मिसिंग था इनका कोई कॉल सेंटर नहीं है कोई कॉल बैक नहीं कर सकते 800 रुपये लिए हैं । पेमेंट कम था,1,0,8.2.1,08-08-2025,नमस्ते बालाजी! आपको हुई असुविधा के लिए हम आपसे क्षमा चाहते है। कृपया आप अपनी ऑर्डर डिटेल्स को csmanager@snapdeal.com पर शेयर करे ताकि हम आपकी मदद कर सकें। धन्यवाद! नेहा,8.2.1,Snapdeal
Sonu Plumber,Good,5,0,8.2.1,08-08-2025,Thanks a lot :-),8.2.1,Snapdeal
Ranjeet Kumar,nan,5,0,8.2.0,08-08-2025,Thank you for the rating!,8.2.0,Snapdeal
Mr Najeebalam,This aap is very bad and castomer care ...bhai yhi bolunga ye aap use na kare na toh castomar care shi se seva karte hai na koi baat batate hai shi se,1,0,8.2.0,08-08-2025,Namaste najeeb! hum aapse aise experience ke liye kshama chahte hai. hamne aapki complaint darj kar li hai. hamari team jaldi hi aapko update karegi. thanks! neha,8.2.0,Snapdeal
Ankush Gogoi,Good,5,0,8.2.1,08-08-2025,Thanks a lot :-),8.2.1,Snapdeal
Sk Rajabul,Good service,5,0,Unkown,08-08-2025,Thank you!,Unknown,Snapdeal
Nirav Tej,Delivery is 3 days to order deliververy fast,5,0,8.2.0,08-08-2025,Glad to hear from you :),8.2.0,Snapdeal
Nagina kouser,Over all every thing is best,5,0,8.2.0,08-08-2025,Thanks a ton!,8.2.0,Snapdeal
Avi Rami,Nice,5,0,8.2.0,08-08-2025,Thank you!,8.2.0,Snapdeal
pawan chaudhary,Bahut bura experience h mene ek wallet online kiya tha vo koi dusara third class quality ka aa gya or jab return dala to koi response hi nhi aaya m ab kabhi bhi es platform s shoping nhi karunga or ap bhi mat karna bahut hi chiap quality ka item delivered karte hn or return k time gayab hi ho jaate hn,1,0,8.2.1,08-08-2025,"Hi! asuvidha ke liye maffi chahenge. kripya hamein csmanager@snapdeal.com par order details share krein taki hum aapki madad kar sake. thanks, aman",8.2.1,Snapdeal
Inder Garg,Very good,5,0,8.1.9,08-08-2025,Thanks a lot :-),8.1.9,Snapdeal
VIMAL KUMAR,Good,5,0,8.2.0,08-08-2025,Thanks!,8.2.0,Snapdeal
Ankit Ankit,Good app,5,0,Unkown,08-08-2025,Thanks a lot :-),Unknown,Snapdeal
Gafur Shah,Nice aap,5,0,8.2.1,08-08-2025,Thanks a lot :),8.2.1,Snapdeal
Girjesh Shani,Bahut aacha app fast delivery,5,0,8.2.1,08-08-2025,Aapke bahumulay feedback ke liye dhanyavaad.,8.2.1,Snapdeal
Arpan Jain,"Fraud people worst products, products deliver are either damaged or missing items stille they neither replace or return citing any useless reason. kunal bahl is the brain behind this fraud and no wonder he will be richest soon. do not use this app unless you want to waste your money.",1,0,8.2.0,08-08-2025,Hi! really sorry for the unpleasant experience. our team got in touch with you and updated you on the issue. thanks! aman,8.2.0,Snapdeal
Ramesh PE,Very use full app i am very happy thankyou,5,0,8.2.0,08-08-2025,Glad to hear from you :),8.2.0,Snapdeal
S.k technical,बेहतरीन प्रोडक्ट के लिए स्नैपडील से अच्छा कोई नहीं है,5,0,Unkown,08-08-2025,अपना कीमती समय निकाल कर बहुमूल्य फीडबैक देने के लिए धन्यवाद!,Unknown,Snapdeal
Devprakash Sikarwar,Good experience,5,0,8.2.1,08-08-2025,Thanks a lot :-),8.2.1,Snapdeal
Guljar Khan,Good,5,0,8.2.0,08-08-2025,Thanks!,8.2.0,Snapdeal
Subhadip Man,Good product,5,0,8.2.0,08-08-2025,Thanks a lot :-),8.2.0,Snapdeal
Lillyraj Kota,I love snap deal great collection and affordable prices thank u sd,5,0,Unkown,08-08-2025,Thank you so much for the awesome feedback.,Unknown,Snapdeal
Neeraja Neeru,"Such a worst delivery service in the world man , i have never such worst service",1,0,8.2.0,08-08-2025,Hi neeraja! sorry to disappoint you. kindly share your order details at csmanager@snapdeal.com and i'll help you out. thanks! neha,8.2.0,Snapdeal
Vishnu Suman,Very nice,5,0,Unkown,08-08-2025,Thank you!,Unknown,Snapdeal
Samiul Gazi,Vary good,5,0,8.2.1,07-08-2025,Thanks a lot :-),8.2.1,Snapdeal
Ganpat Singh,Good,5,0,Unkown,07-08-2025,Thank you!,Unknown,Snapdeal
TARAK NATH CHATTERJEE,Very nice shopping experience,5,0,8.2.0,07-08-2025,Thank you :-),8.2.0,Snapdeal
VIKALP K.K,Ok,4,0,Unkown,07-08-2025,Thanks a lot for your rating :),Unknown,Snapdeal
Ravi nanda,Excellent,5,0,8.2.0,07-08-2025,Thank you :),8.2.0,Snapdeal
Aparajita Dey,"Excellent, high quality stuff at very low prices.",5,0,8.1.9,07-08-2025,Thanks a lot :-),8.1.9,Snapdeal
Syed Arshad,Exlante services,5,0,8.2.0,07-08-2025,Thank you :),8.2.0,Snapdeal
Neha Naaz,Best price.best for shopping,5,0,8.2.0,07-08-2025,Thanks a lot :-),8.2.0,Snapdeal
Yansh Yadav,Very good,5,0,Unkown,07-08-2025,Thank you :-),Unknown,Snapdeal
Gaurav dubey,Good experience,5,0,8.2.0,07-08-2025,Thank you :-),8.2.0,Snapdeal
Luci,Delivery experience not that good very rude dilevery boy,1,0,Unkown,07-08-2025,Hi! so sorry for the unpleasant experience. kindly share your order details at csmanager@snapdeal.com and i'll look into it. thanks! avi,Unknown,Snapdeal
falgoon. goswami,"Very good service, nice products, quick delivery,",5,0,8.2.0,07-08-2025,Thank you :-),8.2.0,Snapdeal
Swati Jaiswal,Good,5,0,Unkown,07-08-2025,Thanks!,Unknown,Snapdeal
Ashutosh Dwivedi,Very affordable prices and a good quality products are there .,5,0,8.2.0,07-08-2025,Glad to hear from you :),8.2.0,Snapdeal
Kaushik Das,I got a damage product and i don't have any facility to return or exchange the product i lost 300 rupees wrost app ever,1,0,8.2.0,07-08-2025,Hi! sorry to disappoint you. please share your order details at csmanager@snapdeal.com and i'll look into it. thanks! aman,8.2.0,Snapdeal
Shashank Amitabh,Excellent. good products @ reasonable prices. easy exchange and returns.,5,0,8.2.0,07-08-2025,Glad to hear from you :),8.2.0,Snapdeal
Shivaprasad M,I got good product please us this app,5,0,8.2.0,07-08-2025,Glad to hear from you :),8.2.0,Snapdeal
Gemin Mibang,Product is missing,1,0,Unkown,07-08-2025,Hi! sorry to disappoint you. please share your order details at csmanager@snapdeal.com and i'll look into it. thanks! aman,Unknown,Snapdeal
Manita Mmmtr,Is good app,5,0,8.2.0,07-08-2025,Thanks a lot :),8.2.0,Snapdeal
Shashi Donikena,Super,5,0,Unkown,07-08-2025,Thanks!,Unknown,Snapdeal
Satya narayan Dakua,Good,5,0,8.2.0,07-08-2025,Thank you :),8.2.0,Snapdeal
Vishal Choudhary,Use kiya hua saman milta h sab ak dam bakar company inka jo rider h vo location tak poch ta nahi or oder cancel kara deta h ak dam bad company h,1,0,8.2.0,07-08-2025,Namaste vishal! asuvidha ke liye atyant khed hai. kripya hamein csmanager@snapdeal.com par order details share krein aur hum issey jald se jald solve kar denge. dhanyavaad! sia,8.2.0,Snapdeal
Anand Rathod,So nice use full shopping app good for this app,4,0,8.2.0,07-08-2025,Thanks a lot :-),8.2.0,Snapdeal
Kariyappa H,Good,5,0,8.2.0,07-08-2025,Thank you :),8.2.0,Snapdeal
Prity AGARWAL,Nice,3,0,8.2.0,07-08-2025,"Hi, if you like the app, could you please give us more stars? thanks, sia",8.2.0,Snapdeal
Prakash Ranjan,Service is good,5,0,8.2.0,07-08-2025,Thanks a lot :-),8.2.0,Snapdeal
Naveedafroz Shoeb,Thank you bhot hi achi service h aur delivery bhi time se pahle ho jaati h,5,0,8.2.0,07-08-2025,Aapke bahumulay feedback ke liye dhanyavaad.,8.2.0,Snapdeal
Karan Jit,"Good dealing, good product, delivered on time, i want to use this app in future",5,0,8.2.0,07-08-2025,Thank you for taking the time to write this review. your kind words encourage us greatly. happy shopping!,8.2.0,Snapdeal
Anisur Sk,Ok,5,0,Unkown,07-08-2025,Thanks a lot for your rating :),Unknown,Snapdeal
Mubeen Rabasa,Osm app sapdil app,5,0,8.1.8,07-08-2025,Glad to hear from you :),8.1.8,Snapdeal
Manish Suthar,Nice product s,5,0,8.1.9,07-08-2025,Thanks a lot :),8.1.9,Snapdeal
Avalon Shady,There's a bug i can't open the app. keep saying there's no internet connection. need to check about it.,1,0,8.2.0,07-08-2025,"Hi! apologies for the inconvenience caused. kindly share the screenshot of the error as well as your contact details at csmanager@snapdeal.com and i'll help you out. thanks, aman",8.2.0,Snapdeal
G Prasanna,Good,5,0,8.2.0,07-08-2025,Thanks!,8.2.0,Snapdeal
Deepak Mishra,वेरी गुड प्रोडक्ट,5,0,8.2.0,07-08-2025,धन्यवाद 🙂,8.2.0,Snapdeal
Alfaiz Jamal,Good app,5,0,8.2.0,07-08-2025,Thanks!,8.2.0,Snapdeal
ARVIND Kumar,Good working,5,0,Unkown,07-08-2025,Thank you :),Unknown,Snapdeal
Subodh Kumar Subodh Kumar,Nice,5,0,8.2.0,07-08-2025,Thank you :),8.2.0,Snapdeal
bharat studio,Good product,5,0,Unkown,07-08-2025,Thank you :),Unknown,Snapdeal
samina khatoon,Nice app,5,0,8.2.0,07-08-2025,Thanks a lot :),8.2.0,Snapdeal
Rahuk Patil,No were i have seen like this dress in any app snapdeal is excellent,5,0,8.1.9,07-08-2025,Thank you for taking the time to write this review. your kind words encourage us greatly. happy shopping!,8.1.9,Snapdeal
Balwindersingh k,Good,5,0,8.2.1,07-08-2025,Thanks!,8.2.1,Snapdeal
Ayushi Jain,Material was not good,3,0,Unkown,07-08-2025,Hi! sorry to disappoint you. please share your order details at csmanager@snapdeal.com and i'll look into it. thanks! aman,Unknown,Snapdeal
Harsh Goswami,This app is very affordable prices provide and quality is so good,5,0,Unkown,07-08-2025,Thank you for taking the time to write this review. your kind words encourage us greatly. happy shopping!,Unknown,Snapdeal
YASH KUMAR SHARMA,There was no option to give them -5 star rating otherwise i would selected that,1,0,Unkown,07-08-2025,Hi! please share your exact issue along with contact details at csmanager@snapdeal.com and we'll connect with you. thanks! aman,Unknown,Snapdeal
C T,"Have enjoyed shopping in this app. competitive prices & free delivery. but of late, especially ordering bulbs whether an order in which they send 8-10 bulbs or the order in which you get the disco lights led bulb. i've had numerous returns just because of this. always 1-2 bulbs will be faulty in the order where i buy the 8-10 bulbs and i've to return the entire package. this happened twice. then today 6th aug, i had received the disco light bulb, it was totally different from what was shown.",3,4,8.2.0,06-08-2025,Hi! so sorry for the unpleasant experience. kindly share your order details at csmanager@snapdeal.com and i'll look into it. thanks! sia,8.2.0,Snapdeal
Vishnuvardhan Rao Munagala,Very smooth and fast order process. good offers as well. great experience.,5,0,8.2.0,06-08-2025,Thank you for taking the time to write this review. your kind words encourage us greatly. happy shopping!,8.2.0,Snapdeal
Aamir Khan,बिल्कुल रियल अप है,5,0,8.2.0,06-08-2025,धन्यवाद 🙂,8.2.0,Snapdeal
Dimpi Chokshi,"I am not going to buy from your site anymore, because only one delivery person is come to deliver my each & every orders to my home. he is very annoying. he's forcing me to stand more time than actual. that happens every single time whenever he's delivering orders to my home. he is smiling & talking & sometimes asking me irrelevant personal questions. i can't tolerate this anymore. and, i'm sure that you don't even care about it. thank you and good bye snapdeal.",1,0,Unkown,06-08-2025,Hi dimpi! so sorry for the unpleasant experience. kindly share your order details at csmanager@snapdeal.com and i'll look into it. thanks! sia,Unknown,Snapdeal
Karan Kumar,Good,4,0,8.2.0,06-08-2025,Thank you :),8.2.0,Snapdeal
Mohd Shad,This app is very nice app money value app,5,0,Unkown,06-08-2025,Glad to hear from you :),Unknown,Snapdeal
Priyanka Rahate,Good product,5,0,8.2.0,06-08-2025,Thanks a lot :),8.2.0,Snapdeal
Parth,Support this app. becoz of fake items,5,0,Unkown,06-08-2025,"Hi! we always mandate to all our sellers to sell genuine products on our portal. if you see any particular issue in the product listed here, we request you to please share more details via csmanager@snapdeal.com. thanks! aman",Unknown,Snapdeal
Naresh Kshatriya (Kanna),Amazing app free delivery,5,0,8.2.0,06-08-2025,Glad to hear from you :),8.2.0,Snapdeal
ShyamAnshu,Overall very good,4,0,8.2.0,06-08-2025,Thanks a lot :-),8.2.0,Snapdeal
Bharat,Wow best shoping aap,5,0,8.2.0,06-08-2025,Glad to hear from you :),8.2.0,Snapdeal
Sonali More,Very nice app,5,0,Unkown,06-08-2025,Glad to hear from you :),Unknown,Snapdeal
B.Rajivganthi Balu,Nice app best ரெஸ்பான்ஸ் pest டெலிவரி,5,0,8.2.0,06-08-2025,Glad to hear from you :),8.2.0,Snapdeal
Manish Dangi,Nice app,5,0,Unkown,06-08-2025,Thanks a lot :),Unknown,Snapdeal
Nithin,Any fever for your aap ? swagatantra sale... didn't open ap,1,0,8.2.0,06-08-2025,Hi! so sorry for the unpleasant experience. kindly share your registered contact details at csmanager@snapdeal.com and i'll look into it. thanks! aman,8.2.0,Snapdeal
Partap Singh,Excellent,5,0,Unkown,06-08-2025,Thanks a lot :-),Unknown,Snapdeal
Irfan Khan,Nice app hai shoping ke liye,5,0,Unkown,06-08-2025,Dhanyavaad!,Unknown,Snapdeal
Maruti N,Not good response customer service fraud. don't buy any item in snapdeal deadmany..,1,0,Unkown,06-08-2025,Hi! sorry to disappoint you. please share your order details at csmanager@snapdeal.com and i'll look into it. thanks! aman,Unknown,Snapdeal
ARUNDEEP SINGH,Good,5,0,8.2.0,06-08-2025,Thanks!,8.2.0,Snapdeal
Sumit Thakur,"Fake app,not return police,fake customer care nmbr dete h",1,0,8.2.0,06-08-2025,Hi! sorry to disappoint you. please share your order details at csmanager@snapdeal.com and i'll look into it. thanks! aman,8.2.0,Snapdeal
Saurabh Kumar,Worth it,5,0,8.2.0,06-08-2025,Thank you :),8.2.0,Snapdeal
Antram Bhatane,Very excellent service,5,0,8.2.0,06-08-2025,Thanks a ton :),8.2.0,Snapdeal
Manjit Kumar,Nice,5,0,Unkown,06-08-2025,Thanks!,Unknown,Snapdeal
Yuvi Yuvi,Ok not bad,5,0,8.2.0,06-08-2025,Thanks for your encouraging star ratings 🙂,8.2.0,Snapdeal
Daksh Rawat,Awesome & pocket friendly app,5,0,Unkown,06-08-2025,Thanks a lot :-),Unknown,Snapdeal
Diganta Borah,Nice.,5,0,Unkown,06-08-2025,Thanks a lot :-),Unknown,Snapdeal
jagadish kumar,Good app,5,0,8.1.8,06-08-2025,Thanks!,8.1.8,Snapdeal
Vaishnavi Pathare,Very nice,5,0,8.2.0,06-08-2025,Thanks a lot :-),8.2.0,Snapdeal
Mridula Singh,This is the worst shopping app. it's return policy is very bad,1,0,8.2.1,06-08-2025,Hi mridula! so sorry for the unpleasant experience. kindly share your order details at csmanager@snapdeal.com and i'll look into it. thanks! sia,8.2.1,Snapdeal
Suresh Varghese,Excellent,5,0,8.2.0,06-08-2025,Thanks a ton!,8.2.0,Snapdeal
Lab Technician,Best,5,0,8.2.0,06-08-2025,Thanks!,8.2.0,Snapdeal
SMART RUPESH 2k,Good,5,0,8.1.8,06-08-2025,Thank you!,8.1.8,Snapdeal
rejaneesh pillai,Exalted,5,0,8.2.0,06-08-2025,Thank you :),8.2.0,Snapdeal
Syed jeelani,Very good,5,0,8.2.0,06-08-2025,Thank you :),8.2.0,Snapdeal
Goli Rajendher,Very good app,5,0,8.2.0,06-08-2025,Thank you :),8.2.0,Snapdeal
Meena Doshi,Third class customer care i ordered 3 items recieved only 2 and i paid for 3,1,0,8.2.0,06-08-2025,Hi meena! so sorry for the unpleasant experience. kindly share your order details at csmanager@snapdeal.com and i'll look into it. thanks! sia,8.2.0,Snapdeal
SHUBHAM HIWARE,Good,5,0,Unkown,06-08-2025,Thanks!,Unknown,Snapdeal
SONU GEMAR,My order is deliverey partner not received. feke aap snapdeal,1,0,Unkown,06-08-2025,Hi sonu! so sorry for the unpleasant experience. kindly share your order details at csmanager@snapdeal.com and i'll look into it. thanks! sia,Unknown,Snapdeal
nitin sardana,Very good product and quality also very good.,5,0,8.2.0,06-08-2025,Thank you for taking the time to write this review. your kind words encourage us greatly. happy shopping!,8.2.0,Snapdeal
Chetna Gupta,Worst shopping app,1,0,8.2.0,06-08-2025,"Hi chetna! so sorry for the unpleasant experience. kindly share your exact concern at csmanager@snapdeal.com so that i can help you in a better way. thanks, sia",8.2.0,Snapdeal
Janip Ali,Very vet,1,0,8.2.0,06-08-2025,"Hi janip! facing any issue? kindly share your exact concern at csmanager@snapdeal.com so that i can help you in a better way. thanks, sia",8.2.0,Snapdeal
Shailendra Shukla,Nice user experience,5,0,8.2.0,06-08-2025,Thank you!,8.2.0,Snapdeal
Manjeet Banga,Nice app,5,0,8.2.0,06-08-2025,Glad to know that you are happy with our app :),8.2.0,Snapdeal
Sitaram Gehlot,Good,5,0,8.2.0,06-08-2025,Glad to hear from you :),8.2.0,Snapdeal
Prashanth Rock,nan,5,0,8.0.6,06-08-2025,Thank you for the rating!,8.0.6,Snapdeal
Zoya Deshmukh,Fakeeee product dete h bhai bilkul shopping mt kro or product return pr pesa b nhi aataa such a fraud app,1,0,8.2.0,06-08-2025,Namaste zoya! asuvidha ke liye khed hai. hum aapki complaint par kaam kar rahe hain aur jaldi hi isey resolve kiya jayega. dhanyavaad! neha,8.2.0,Snapdeal
Aakash Ramesh,Good,5,0,Unkown,06-08-2025,Thanks!,Unknown,Snapdeal
Anil Rathore,Smart,5,0,8.2.0,06-08-2025,Thanks!,8.2.0,Snapdeal
Bitu Bhattachrajya,Good,5,0,8.2.0,06-08-2025,Thanks!,8.2.0,Snapdeal
Hasnain Raza,Good,5,0,8.2.0,06-08-2025,Thanks!,8.2.0,Snapdeal
Anjali Rao,That's a very good app service and delivery is very good and product i order is nice,5,0,8.2.0,06-08-2025,Glad to hear from you :),8.2.0,Snapdeal
Bipul Roy,Good product,5,0,8.2.0,06-08-2025,Thanks a lot :),8.2.0,Snapdeal
Asha Das,मैंने 2 बार एक चीज़ का ऑर्डर दिया गया और दो बार कैंसिल की सेवा बहुत खराब रही very disappointed i'm going to uninstall this app,1,0,Unkown,06-08-2025,नमस्ते आशा! आपको हुई असुविधा के लिए हम आपसे क्षमा चाहते है। कृपया आप अपनी कांटेक्ट /ऑर्डर डिटेल्स को csmanager@snapdeal.com पर शेयर करे ताकि हम आपकी मदद कर सकें। धन्यवाद! नेहा,Unknown,Snapdeal
Prince Singh,Very very poor delivery condition not any choose for book,1,0,8.2.0,06-08-2025,Hi prince! sorry to disappoint you. kindly share your order/contact details at csmanager@snapdeal.com and i'll help you out. thanks! neha,8.2.0,Snapdeal
Mohan singh verma,शानदार समय पर पूरा भरोसा 10%,5,0,8.1.8,06-08-2025,धन्यवाद :),8.1.8,Snapdeal
R S VISHNU VARDHAN,Excellent i'm always snapdeal lover,5,0,Unkown,06-08-2025,Thanks a lot :-),Unknown,Snapdeal
Surendra Singh,Very nice,4,0,Unkown,05-08-2025,Thanks a lot :),Unknown,Snapdeal
Bablu Ahuja,Worst app agent refuse to take my parcel don't buy from snapdeal,1,0,8.1.9,05-08-2025,Hi bablu! sorry to disappoint you. kindly share your order details at csmanager@snapdeal.com and i'll help you out. thanks! neha,8.1.9,Snapdeal
Rehan khan,This app is best and grat,5,0,8.2.0,05-08-2025,Glad to know that you are happy with our app :),8.2.0,Snapdeal
Shalini raj,Pls coustomer s don't buy anything from this app they won't give complete things.so pls don't waste ur money,1,0,8.1.9,05-08-2025,Hi shalini! sorry to disappoint you. please elaborate your concern along with your contact number at csmanager@snapdeal.com and i'll look into it. thanks! neha,8.1.9,Snapdeal
Divyansh Bansal,He is selling fake products,1,0,Unkown,05-08-2025,Hi divyansh! sincere apologies for the unpleasant experience. kindly share your order details at csmanager@snapdeal.com and i'll help you out. thanks! neha,Unknown,Snapdeal
Pardeep Kumar,000000 reting,1,0,8.2.0,05-08-2025,"Hi pardeep! facing any issue? kindly share your exact concern at csmanager@snapdeal.com so that i can help you in a better way. thanks, sia",8.2.0,Snapdeal
Anjum Shaikh,Good service. good product available in snapdeal i quality products,5,0,Unkown,05-08-2025,Thank you :),Unknown,Snapdeal
Rouf Ahmad Thoker,Best experience so far.,5,0,Unkown,05-08-2025,Thanks a lot :-),Unknown,Snapdeal
Gulsan Gupta,Good,5,0,8.2.0,05-08-2025,Thanks!,8.2.0,Snapdeal
EMANN LABIB MANDAL,Very good app and genuine,5,0,Unkown,05-08-2025,Glad to hear from you :),Unknown,Snapdeal
Raj Cholkar,Very good,5,0,8.2.0,05-08-2025,Thanks!,8.2.0,Snapdeal
Subrata Sarkar,Good,5,0,Unkown,05-08-2025,Thank you :-),Unknown,Snapdeal
Kamna Mishra,Nice,5,0,8.2.0,05-08-2025,Thank you :),8.2.0,Snapdeal
Birendra Kunwar,Very nice iam so happy,5,0,8.2.0,05-08-2025,Thanks!,8.2.0,Snapdeal
Rohit Birjwal,Very good products,5,0,8.2.0,05-08-2025,We're glad to know that :-),8.2.0,Snapdeal
Alisha Shake,Soso good,5,0,Unkown,05-08-2025,Thank you :),Unknown,Snapdeal
Marshall Hingbo,Nice,3,0,8.2.0,05-08-2025,"Thanks! if you like the app, could you please give us more stars? thanks! avi",8.2.0,Snapdeal
Fulwariya Brahma,यह अप्लिकेशन एक दम बेकार है plz कोई भी इंस्टॉल करता है तो ध्यान से रेटिंग देखके इंस्टॉल करे l मैने जून से अभी अगस्त चल रहा है 3 पार्सल ऑर्डर किये थे जो आज भी प्राप्त नही हुए उनको 15-20 दिन लटका कर रखा l हेल्प लाइन से भी झुटा आश्वासन मिला मे तो बहुत परेशान हो गया ऑर्डर का वेट करते हुए|poor service,1,0,8.1.9,05-08-2025,"नमस्ते! हम ऐसे अनुभव के लिए आपसे क्षमा चाहते है। क्या आपका कंसर्न इस आर्डर deals4you white women's sneakers"" के लिए है। धन्यवाद्! नेहा",8.1.9,Snapdeal
Kishornath,Very nice app,5,0,8.2.0,05-08-2025,Thank you :),8.2.0,Snapdeal
Gohilraj Property Official,Snapdeal se maine visiting card cover mangaya tha jo color maine mangaya vah color nahin mila mujhe fir maine replace ke liye baat kiya customer care mein call kiya ki mera do ka set ka yah tha replace karne ke liye wapas gaya fir wapas aaya to fir wapas vahi ka vahi peace jo color mujhe nahin chahie vahi sem color ka peace mujhe wapas bhej diya hai aur yah dusri bar aisa ho raha hai bed experience,1,0,8.2.0,05-08-2025,Namaste! asuvidha ke liye atyant khed hai. kripya hamein csmanager@snapdeal.com par order details share krein aur hum issey jald se jald solve kar denge. dhanyavaad! sia,8.2.0,Snapdeal
Sundar King,Nice one,5,0,8.2.0,05-08-2025,Thanks!,8.2.0,Snapdeal
vimlesh Kumar,Good,5,0,8.2.0,05-08-2025,Thank you :),8.2.0,Snapdeal
Rohit,Wery irritating app cant solve problems,1,0,Unkown,05-08-2025,Hi rohit! sorry to disappoint you. please elaborate your concern along with your contact number at csmanager@snapdeal.com and i'll look into it. thanks! neha,Unknown,Snapdeal
Jayesh Raval,Exilent,5,0,Unkown,05-08-2025,Thank you :),Unknown,Snapdeal
keerti sharma,Good product nice quality,4,0,8.2.0,05-08-2025,Thanks for your feedback :),8.2.0,Snapdeal
Aadil shah,Good,5,0,8.2.0,05-08-2025,Thank you :),8.2.0,Snapdeal
Raj sidhu,Very good service,5,0,8.2.0,05-08-2025,Glad to hear from you :),8.2.0,Snapdeal
Umesh S,Same product is much cheaper than amazon and flipkart,5,0,8.1.7,05-08-2025,Thanks for your feedback :),8.1.7,Snapdeal
yadav subhash,Excellent,5,0,8.2.0,05-08-2025,Thank you!,8.2.0,Snapdeal
Devend Singh,Chor scamer sab bhare pade hai is company me is liye dub rahi hai company k malik ko bolo mujhe rakh le company inki chalane lagegi paisa sirf hone se company nhi grow karti dimag se karti hai,1,0,Unkown,05-08-2025,"Hi devend! asuvidha ke liye maffi chahenge. kripya apna exact concern csmanager@snapdeal.com par share karein, taaki hum aapki behtar tareeke se sahaayata kar sakein. thanks! sia",Unknown,Snapdeal
Amjad Khan,Very good app,5,0,8.2.0,05-08-2025,Glad to know that you are happy with our app :),8.2.0,Snapdeal
Vasu Charan,Very good,5,0,8.1.9,05-08-2025,Thanks a ton!,8.1.9,Snapdeal
Pics Galary,Worst app please don't buy they send product which is not oredered and if u book two product they send one product,1,0,Unkown,05-08-2025,Hi! so sorry for the unpleasant experience. kindly share your order details at csmanager@snapdeal.com and i'll look into it. thanks! avi,Unknown,Snapdeal
YASH PAMBHAR LODHIKA,Avu hoy amathi mangvvta nahy koy bhai,1,0,8.2.0,05-08-2025,Hi! kindly share your exact concern in hindi/english at csmanager@snapdeal.com so that i can help you in a better way. thanks! avi,8.2.0,Snapdeal
Crystilla Pimenta,"The customer agent should talk to customer, rather than having a recorded service.",1,0,8.2.0,05-08-2025,Hi! so sorry for the unpleasant experience. kindly share your contact details at csmanager@snapdeal.com and i'll look into it. thanks! avi,8.2.0,Snapdeal
MR.BARSHA TUDU,Good product,5,0,8.2.0,05-08-2025,Thank you :-),8.2.0,Snapdeal
Alex Panther,"Very bad experience, never received right product in three times purchasing, wrong and different product received in nonreturnable items and neither responded by snapdeal except we will check",1,0,Unkown,05-08-2025,Hi! so sorry for the unpleasant experience. kindly share your order details at csmanager@snapdeal.com and i'll look into it. thanks! avi,Unknown,Snapdeal
Saurabh Pandey,Useless,1,0,8.2.1,05-08-2025,Hi saurabh! so sorry for the unpleasant experience. kindly share your contact details at csmanager@snapdeal.com so that i can help you in a better way. thanks! avi,8.2.1,Snapdeal
rahul punjabi,Prompt issue resolved thanks,3,0,Unkown,05-08-2025,Glad to know that. thanks! avi,Unknown,Snapdeal
Rakesh Sri vastav,Good,5,0,8.2.0,04-08-2025,Thanks a ton!,8.2.0,Snapdeal
Ram Kumar,Very bad service order to promise 7day but not deliver to time and very bad support services not use this app customer with fun other app use,1,0,8.2.0,04-08-2025,Hi ram! sorry to disappoint you. kindly share your order details at csmanager@snapdeal.com and i'll help you out. thanks! neha,8.2.0,Snapdeal
TANUJA YADAV,Useful,5,0,8.2.0,04-08-2025,Thanks a lot :-),8.2.0,Snapdeal
Saurabh Shrivas,Snapdeal 4days return but refund not received (flipkart and messho only 5 minutes for refund ) i wouldn't recommend this app,1,0,8.2.0,04-08-2025,Hi saurabh! sincere apologies for the unpleasant experience. kindly share your order details at csmanager@snapdeal.com and i'll help you out. thanks! neha,8.2.0,Snapdeal
Lingeshappa Lingaraj,Worst deal refund too delay and not currect respance customer behavior and contact whatsapp but not responce truelly worst shopping app refund not avaleble for this for the ordar cancel shure worst app my refund 216rs not reached me and not currect responce any one agent and dealer,1,5,8.2.0,04-08-2025,Hi lingeshappa! sincere apologies for the unpleasant experience. kindly share your order details at csmanager@snapdeal.com and i'll help you out. thanks! neha,8.2.0,Snapdeal
Maruthi Kandhula,Good,5,0,Unkown,04-08-2025,Thanks!,Unknown,Snapdeal
Zeeshan,Good app,5,0,Unkown,04-08-2025,Thank you :),Unknown,Snapdeal
v dileepkumar Kumar,"Poor quality, useless products",1,0,8.1.2,04-08-2025,Hi dileep! so sorry for the unpleasant experience. kindly share your order details at csmanager@snapdeal.com and i'll look into it. thanks! sia,8.1.2,Snapdeal
Preethy Krishna,Very good,5,0,8.2.0,04-08-2025,Thank you!,8.2.0,Snapdeal
Maheen Noor,Maine is se ghatiya ecommerce app nhi dekhi hai inse jo b cheez li wo defective nikli recently i purchased a vitamin c moisturizer uska aadha product to cardboard packing pe laga tha phir i order a few oils aaj deliver hue to pata chala wo refined oils hai aur bahar se pure castor almond & olive oil likha hai what nonsense behaviour is this logun ko thagne ki b hadd hogyi & if this was not enough ye apne products pe return or refund policy b nhi rakhte since they know what quality they offer,1,0,Unkown,04-08-2025,Hi! so sorry for the unpleasant experience. kindly share your order details at csmanager@snapdeal.com and i'll look into it. thanks! sia,Unknown,Snapdeal
Ananya Mishra,Fraud company.,1,0,8.1.7,04-08-2025,"Hi ananya! so sorry for the unpleasant experience. kindly share your exact concern at csmanager@snapdeal.com so that i can help you in a better way. thanks, sia",8.1.7,Snapdeal
Anjana Singh,Very good online shopping app,5,0,8.2.0,04-08-2025,Thank you for your encouraging words.,8.2.0,Snapdeal
Mou Das,Good,3,0,8.2.0,04-08-2025,"Hi mou, if you like the app, could you please give us more stars? thanks, sia",8.2.0,Snapdeal
Pawan Narang,Worst platform doing fraud with everyone seller,1,0,Unkown,04-08-2025,Hi pawan! so sorry for the unpleasant experience. kindly share your contact details at csmanager@snapdeal.com and we'll get in touch with you to discuss this. thanks! sia,Unknown,Snapdeal
DABHI AJAYSINH DILIPSINH ,Very useful...,5,0,8.2.0,04-08-2025,Thanks a lot :-),8.2.0,Snapdeal
Md Rashid,One of the best app for online delivery,5,0,8.2.0,04-08-2025,Thanks a lot :-),8.2.0,Snapdeal
pearl cardoz,App is not opening when i open only sale is showing and it doesn't go further. uninstalled and download twice,1,0,Unkown,04-08-2025,"Thanks pearl for reporting this! please whatsapp/dial on 8373902464 or email us at csmanager@snapdeal.com so that we completely understand & close the gap. thanks again, dev!",Unknown,Snapdeal
S S Ismail (Lion),Excellent,5,0,8.2.0,04-08-2025,Thanks!,8.2.0,Snapdeal
Aina thakur,Excellent,5,0,8.1.9,04-08-2025,Thank you :),8.1.9,Snapdeal
Narendar Kumar,Very good,5,0,8.2.0,04-08-2025,Thank you :),8.2.0,Snapdeal
Anshii Tiwari,It was good,5,1,8.2.0,04-08-2025,Glad to hear from you :),8.2.0,Snapdeal
Sher singh Rawat,Good,5,0,8.2.0,04-08-2025,Thanks!,8.2.0,Snapdeal
Priyanka Bansal,Ok,5,0,Unkown,04-08-2025,Thank you so much for your encouraging star ratings!,Unknown,Snapdeal
Agent Kartik,I ordered many times after. so i feel so happy with it .. great deal of all time.,5,0,8.2.0,04-08-2025,Thank you for taking the time to write this review. your kind words encourage us greatly. happy shopping!,8.2.0,Snapdeal
Feed Dev Anand Swaroop Mahajan,Feed :),5,0,8.1.2,04-08-2025,Thanks a lot for your rating :),8.1.2,Snapdeal
Shashikant Rajak,Nice good snapdil,5,0,8.2.0,04-08-2025,Thanks :),8.2.0,Snapdeal
Aly Naqvi,"Its overpriced !! recent i download this app for cross checking product ( bcoz i want some discount for purchase ). i compare 1 bersache clogs of rs 285 (9-size) in flipkart and when i compare this product in snapdeal with same company, same colour and same size, the price shows of rs 370 after deducting the discount of first login or purchase. the price difference almost 70rs, and also i don't have any discount in flipkart.",1,0,Unkown,04-08-2025,Hi aly! thanks for your feedback. i'll share it with the team & we'll surely look into it. you can also write to us at csmanager@snapdeal.com regards! avi,Unknown,Snapdeal
Akshay Jadhav,Don't purchase anything with snapdeal,1,0,8.2.0,04-08-2025,"Hi akshay! facing any issue? kindly share your exact concern at csmanager@snapdeal.com so that i can help you in a better way. thanks, sia",8.2.0,Snapdeal
Ram Awadh Verma,Easy. as once by mistake choose cos just canceled and easily choose correct online payment.,5,0,8.2.0,04-08-2025,Thanks for your encouraging star ratings 🙂,8.2.0,Snapdeal
Baj Ashoka,Nice,5,0,8.0.8,03-08-2025,Thank you!,8.0.8,Snapdeal
Sk Tabraz,Good delivery partner,5,0,8.2.0,03-08-2025,Glad to hear from you :),8.2.0,Snapdeal
Jyoti Nayak,Too good,5,0,8.1.9,03-08-2025,Thanks :),8.1.9,Snapdeal
Vijay Raikwar,Super sir,5,0,8.2.0,03-08-2025,Thanks a ton!,8.2.0,Snapdeal
SUROJIT BHADRA,Very affordable price nice app,5,0,Unkown,03-08-2025,Glad to know that you are happy with our app :),Unknown,Snapdeal
Arko Khan,Good,3,0,8.2.0,03-08-2025,"Hi arko! if you like the app, could you please give us more stars? thanks! neha",8.2.0,Snapdeal
Dhanunjay,Service and quality vise very nice,5,0,8.2.0,03-08-2025,Thanks a ton!,8.2.0,Snapdeal
saddam chaus,Nice,5,0,8.1.9,03-08-2025,Thank you!,8.1.9,Snapdeal
Saharsh Ojha,It's a good app. i have been using it for a while and love to use it.,5,0,8.2.0,03-08-2025,Glad to know that you are happy with our app :),8.2.0,Snapdeal
Akanksha Srivastav,All products are awsome,5,0,Unkown,03-08-2025,Thank you for loving our collections!,Unknown,Snapdeal
Manoj Kumar,Best,5,0,8.1.9,03-08-2025,Thank you!,8.1.9,Snapdeal
63 Kamlesh Kumar Prajapat,Its perfect app for buy books,5,0,8.1.9,03-08-2025,Thanks a lot :-),8.1.9,Snapdeal
Akshara Raikwar,"They don't have proper refund or replacement policy, i don't like this app at all. i didn't got refund yet even after 10 days the portal is not working, the customer care chat box is of no use.",1,0,8.2.0,03-08-2025,Hi akshara! sorry to disappoint you. kindly share your order details at csmanager@snapdeal.com and i'll help you out. thanks! neha,8.2.0,Snapdeal
Dharavath Karthik,Good,5,0,8.2.0,03-08-2025,Thanks a ton!,8.2.0,Snapdeal
Mustafa Indorwala,Nice product i have seen i love the product,4,0,Unkown,03-08-2025,Thank you for loving our collections!,Unknown,Snapdeal
Rahul Sharma,Product quality exlilent,5,0,Unkown,03-08-2025,Thank you :),Unknown,Snapdeal
Gautam Kasera Kasera,Good,5,0,8.1.9,03-08-2025,Thank you :),8.1.9,Snapdeal
Ambatimahesh Kumar,Good,5,0,8.2.0,03-08-2025,Thanks!,8.2.0,Snapdeal
Paona Boro,Amazing experience,5,0,8.2.0,03-08-2025,Glad to hear from you :),8.2.0,Snapdeal
Abhishek Sinha,Its good. nice comeback,5,0,8.2.0,03-08-2025,Thanks!,8.2.0,Snapdeal
MD SAIF MD SAIF,Very good sanp,5,0,8.1.9,03-08-2025,Thank you :),8.1.9,Snapdeal
Phylex,Excellent app i recommend this,5,0,8.2.0,03-08-2025,Happy to know this :),8.2.0,Snapdeal
Media IT Cell Prayagraj News Desk 2,Two good,5,0,7.3.5,03-08-2025,Thanks!,7.3.5,Snapdeal
santosh gupta,Good,5,0,8.2.0,03-08-2025,Thanks a lot :-),8.2.0,Snapdeal
pankaj kumar,Good,5,0,8.2.0,03-08-2025,Thanks!,8.2.0,Snapdeal
Priyanka Singh,Very good app. quality of every product was really good. and delivery was also on time.,5,0,Unkown,03-08-2025,Thank you for taking the time to write this review. your kind words encourage us greatly. happy shopping!,Unknown,Snapdeal
Kunal Garg,Delivery partner is very poor no returns pickup by snapdeal,1,0,8.2.0,03-08-2025,Hi! so sorry for the unpleasant experience. kindly share your order details at csmanager@snapdeal.com and i'll look into it. thanks! sia,8.2.0,Snapdeal
Pragya Srivastava Karmalkar,It was very good..,5,0,Unkown,03-08-2025,Thank you :),Unknown,Snapdeal
Shakti Singh Shekhawat,A good app for buying products and trusted also,5,0,Unkown,03-08-2025,Thank you for taking the time to write this review. your kind words encourage us greatly. happy shopping!,Unknown,Snapdeal
Pruthviraj Mand,Best,5,0,8.2.0,03-08-2025,Thanks!,8.2.0,Snapdeal
Amrita Sinha,This app is very good for this time it gives clear experience i order everything and everything little thing form snapdeal but this if they would start selling (k-pop) just like photocards then i will order more,4,0,8.1.9,03-08-2025,Thank you for taking the time to write this review. your kind words encourage us greatly. happy shopping!,8.1.9,Snapdeal
MOHIT SINGH,Good,5,0,8.2.0,03-08-2025,Thanks!,8.2.0,Snapdeal
Aman Khan,Amazing experience,5,0,8.2.0,03-08-2025,Glad to hear from you :),8.2.0,Snapdeal
Arnav Lunia,Very good service the products are cheap and also in good condition,5,0,8.2.0,03-08-2025,Thank you for taking the time to write this review. your kind words encourage us greatly. happy shopping!,8.2.0,Snapdeal
ANKIT KUMAR,So good app thank you snapdeal,5,0,8.2.0,03-08-2025,Thanks :),8.2.0,Snapdeal
pravin hontale,Superb,5,0,Unkown,03-08-2025,Thanks :),Unknown,Snapdeal
Akil Khan 01,Best,5,0,Unkown,03-08-2025,Thanks :),Unknown,Snapdeal
Rehan Jingya,Good product,5,0,Unkown,03-08-2025,Thanks a lot :-),Unknown,Snapdeal
Health & Wealth Zone,Very very very bad plateform because here not money refunded after cancel the order.,1,0,Unkown,03-08-2025,Hi! deeply regret this unpleasant experience. kindly share your order details at csmanager@snapdeal.com and i'll help you out. thanks! sia,Unknown,Snapdeal
Md Md,Very good and informative app,5,0,8.2.0,03-08-2025,Thanks a lot :-),8.2.0,Snapdeal
Nagarajan Bairavasundaram,Very bad experience if you receive a damaged product. just ekart and snapdeal are cheating you with their processes. i have received 20 messages for pickup and cancellation but nobody even called me. cheap behaviour.,5,1,8.2.0,03-08-2025,Hi nagarajan! so sorry to disappoint you. we've arranged a call for you. we'll be connecting with you at the earliest. thanks! sia,8.2.0,Snapdeal
AFTAB UDDIN AHMED,Nice app,5,0,8.2.0,03-08-2025,Thank you very much. keep using our app :),8.2.0,Snapdeal
AASHI VERMA,Good sarvis,5,0,8.2.0,03-08-2025,Thanks a lot :-),8.2.0,Snapdeal
Mohit Rajput,Useless and fraud,1,0,8.2.0,03-08-2025,"Hi! so sorry for the unpleasant experience. kindly share your exact concern at csmanager@snapdeal.com so that i can help you in a better way. thanks, sia",8.2.0,Snapdeal
Monita Patel,I ordered jewellery box colour white received colour pink disappointment with colour.,3,0,8.2.0,03-08-2025,Hi monita! so sorry for the unpleasant experience. kindly share your order details at csmanager@snapdeal.com and i'll look into it. thanks! sia,8.2.0,Snapdeal
Samrat Saha,Worst service,1,0,8.1.6,03-08-2025,Hi samrat! so sorry for the unpleasant experience. kindly share your contact details at csmanager@snapdeal.com and we'll get in touch with you to discuss this. thanks! sia,8.1.6,Snapdeal
Reshma Sonha,Not good,1,0,8.2.0,03-08-2025,"Hi reshma! so sorry for the unpleasant experience. kindly share your exact concern at csmanager@snapdeal.com so that i can help you in a better way. thanks, sia",8.2.0,Snapdeal
Assam Gaming,Good app,4,0,8.2.0,03-08-2025,Thank you :),8.2.0,Snapdeal
Padmini Mukane,Product quality is not upto the mark. please be careful before ordering as they will never pick up the item for returns and you will just break your head trying to call them repeatedly. customer support is pathetic. pay a bit extra and buy elsewhere but not with snapdeal.,1,0,Unkown,02-08-2025,Hi padmini! so sorry for the unpleasant experience. kindly share your order details at csmanager@snapdeal.com and i'll look into it. thanks! avi,Unknown,Snapdeal
Devesh Singh,Bad,5,0,8.2.0,02-08-2025,Hi! sorry to disappoint you. please share your exact issue along with contact details at csmanager@snapdeal.com and we'll connect with you. thanks! aman,8.2.0,Snapdeal
Venkata Swamy,Nic,5,0,8.2.0,02-08-2025,No Reply,8.2.0,Snapdeal
Pragati Singh,Worst app...order got cancelled. i didn't received my order which i placed 25 days ago...delays after delays,1,0,8.2.0,02-08-2025,Hi! sorry to disappoint you. please share your order details at csmanager@snapdeal.com and i'll look into it. thanks! aman,8.2.0,Snapdeal
ashok patel,Good sarvice,4,0,8.2.0,02-08-2025,Thank you :-),8.2.0,Snapdeal
Ved Aryan,nice,5,0,8.2.0,02-08-2025,Thanks!,8.2.0,Snapdeal
Sanjay Mewada,"Two order in one pack of innerwears recd with wrong size.(total 4) on replacement all the 4, they sent only 2. thus i have been cheated by them. no one is replying now nor receiving complaint. appeal pl donot and never use this snapdeal if you wish to save yourself from fraud.",1,0,8.2.0,02-08-2025,Hi sanjay! so sorry for the unpleasant experience. kindly share your order details at csmanager@snapdeal.com and i'll look into it. thanks! avi,8.2.0,Snapdeal
Raushan Kumar,Best app,5,0,8.2.0,02-08-2025,Thank you :-),8.2.0,Snapdeal
Shiva,Very good,5,0,8.2.0,02-08-2025,Thank you :-),8.2.0,Snapdeal
AMRESH KUMAR,Nice app,5,0,8.2.0,02-08-2025,Thanks!,8.2.0,Snapdeal
Shakil Mirza,Nice,5,0,8.2.0,02-08-2025,Thanks!,8.2.0,Snapdeal
NOVEL KISHOR MURMU,Most better,5,0,Unkown,02-08-2025,Thank you :-),Unknown,Snapdeal
Lal sangzuala,Simple in shopping but considerable diversity!,4,0,8.2.0,02-08-2025,Hi! kindly share your contact details at csmanager@snapdeal.com and we'll get in touch with you to discuss this. thanks! avi,8.2.0,Snapdeal
Manthan Jaat,Best service providers and best delivery,5,0,Unkown,02-08-2025,Thanks for your feedback :),Unknown,Snapdeal
Rashi Singh,Very good online app,5,0,Unkown,02-08-2025,Glad to know that you are happy with our app :),Unknown,Snapdeal
Prem Somen,Very good,5,0,Unkown,02-08-2025,Thanks a ton!,Unknown,Snapdeal
Deepesh kumar Bairwa,Good,5,0,8.2.0,02-08-2025,Thanks!,8.2.0,Snapdeal
Ansar shekh,Supar,5,0,8.0.7,02-08-2025,Hi! please share your concern at csmanager@snapdeal.com and i'll look into it. thanks! neha,8.0.7,Snapdeal
ajit kumar,App is very nice !,5,0,8.2.0,02-08-2025,Glad to know that you are happy with our app :),8.2.0,Snapdeal
Gaurish Borkar,Great offers good price. check snapdeal before buying on amazon.,5,0,8.1.9,02-08-2025,Thank you!,8.1.9,Snapdeal
Vipin Dhuriya,Very good app,5,0,8.1.9,02-08-2025,Glad to know that you are happy with our app :),8.1.9,Snapdeal
Kajal Takyar,Good,5,0,Unkown,02-08-2025,Thanks!,Unknown,Snapdeal
Kishan Singh,Nice quality product snapdeal company,5,0,8.2.0,02-08-2025,Glad to hear from you :),8.2.0,Snapdeal
Utsab Bhattacharjee (UB),Fake,1,0,Unkown,02-08-2025,Hi! sorry to disappoint you. please share your exact issue along with contact details at csmanager@snapdeal.com and we'll connect with you. thanks! aman,Unknown,Snapdeal
Gaithui Gonmei,Awesome with great deals best online shopping app ever,5,0,8.2.0,02-08-2025,Glad to hear from you :),8.2.0,Snapdeal
firos. K,Great,5,0,8.1.9,02-08-2025,Thanks!,8.1.9,Snapdeal
Omesh Mayanglambam,"Terrifying app i still have not receive my refund amount more than 3 months ago. few months ago i ordered a long pant worth of 1k,they delivered wrong size and then i reordered a pant worth of ra 625 lastly i got but the remaining amount didn't refund still now",1,0,Unkown,02-08-2025,Hi! sorry to disappoint you. please share your order details at csmanager@snapdeal.com and i'll look into it. thanks! aman,Unknown,Snapdeal
Mohammad Irfan,Very nice product,5,0,Unkown,02-08-2025,Thank you for loving our collections!,Unknown,Snapdeal
Shakti Katiyar,Nice shopping experience with snapdeal beyond my expectations.,4,0,8.2.0,02-08-2025,Thanks for your feedback :),8.2.0,Snapdeal
RAHUL GAUTAM,Good experience,5,0,8.2.0,02-08-2025,Thanks a ton!,8.2.0,Snapdeal
Sheetal Verma,Good,5,0,8.2.0,02-08-2025,Thank you!,8.2.0,Snapdeal
Prince Chouksey,Good,5,0,8.2.0,02-08-2025,Thanks!,8.2.0,Snapdeal
Deepak Kumar Sharma,Good,5,0,8.2.0,02-08-2025,Glad to hear from you :),8.2.0,Snapdeal
SOUMYA MUKHERJEE,Now this company is helpless for solve customer problems. i am a old customer of this company but 1st time i see that they are failure to solve customer problems but stopped the return policy with in 24 hours and also take the double rate for single product which is also have fault.,1,0,Unkown,02-08-2025,Hi soumya! so sorry to disappoint you. i’ve shared this with my team and soon you'll hear an update on this. thanks! neha,Unknown,Snapdeal
Shivangi Kumari,I suggest ki is ghatiya app ko koi use mt kro..bhot ghatiya online shopping app h ye....help ke liye yelog ek email id dete h jispr mail krne se koi help ni milti ..bs public me dikhane k liye yelog email id dete h ..help to 1% bhi ni krte ..is shopping app ko kisne allow kia online platform pr,1,0,Unkown,02-08-2025,Hi shivangi! sincere apologies for the unpleasant experience. kindly share your order details at csmanager@snapdeal.com and i'll help you out. thanks! neha,Unknown,Snapdeal
Manoj Singh,Awesome,5,0,8.2.0,02-08-2025,Thanks a ton!,8.2.0,Snapdeal
ghasi ram Markam,Good crod,5,0,8.1.9,02-08-2025,Thank you!,8.1.9,Snapdeal
Anup Singh,Very good experience,5,0,8.2.0,02-08-2025,We're glad to know that :-),8.2.0,Snapdeal
RAKESH SENAPATI,"Superb , taking little more time for delivery only",5,0,8.2.0,02-08-2025,Hi rakesh! sorry to disappoint you. kindly share your order details at csmanager@snapdeal.com and i'll help you out. thanks! neha,8.2.0,Snapdeal
Dinesh patil,Good app and economic discounted product,5,0,8.2.0,02-08-2025,Thanks for your feedback :),8.2.0,Snapdeal
Aliyar Imransuman,Good experience,5,0,8.1.8,02-08-2025,Thanks a ton!,8.1.8,Snapdeal
rather irfan,Very good,5,0,8.1.9,02-08-2025,Thanks!,8.1.9,Snapdeal
Vickey Lakra,Excellent,5,0,8.2.0,02-08-2025,Thank you!,8.2.0,Snapdeal
Booktail for You,Nice,5,0,Unkown,02-08-2025,Thanks a lot :-),Unknown,Snapdeal
Mrudhula Kadha,I ordered the pilx pineapple face wash on july 19th and cancelled it again. i received the return intimidation the same day but the mini didn't arrive until august 2nd. i have called customer service several times. too bad,1,0,8.2.0,02-08-2025,Hi mrudhula! sincere apologies for the unpleasant experience. kindly share your order details at csmanager@snapdeal.com and i'll help you out. thanks! neha,8.2.0,Snapdeal
Jaffer Parray Jaffer,Very goo,5,0,8.2.0,02-08-2025,Glad to hear from you :),8.2.0,Snapdeal
bhupinder singh,Best dealing snapdeal good product,5,0,Unkown,02-08-2025,Thanks for your feedback :),Unknown,Snapdeal
Kureshi ArmanR,Best product,5,0,8.2.0,02-08-2025,Thanks a ton!,8.2.0,Snapdeal
Padmanav Jena,Good,5,0,8.2.0,01-08-2025,Thanks!,8.2.0,Snapdeal
Sunil Puri,Ok,5,0,Unkown,01-08-2025,Thanks a lot for your rating :),Unknown,Snapdeal
Suryasnata Sahoo,Worst app i've ever seen . i have ordered a product but it was cancelled after 3days then i ordered again and that also got cancelled after 3days . is showing unavailability with seller. so why you people showing a product when you can't deliver.. i suggest everyone please don't go for this app .,1,0,Unkown,01-08-2025,Hi! so sorry for the unpleasant experience. kindly share your order details at csmanager@snapdeal.com and i'll look into it. thanks! sia,Unknown,Snapdeal
Vaishnavis world,Very terrible app it is not also worth for 1 star more than 3 times i was fooled they used to call everyday which is irritating and i didn't got any refund i am a old user of this app and i am not using it lately but i want to tell that please take action towards this problem whoever the manager is kindly fix this,1,0,Unkown,01-08-2025,Hi! deeply regret this unpleasant experience. kindly share your order details at csmanager@snapdeal.com and i'll help you out. thanks! sia,Unknown,Snapdeal
dr.paresh patel,"Ekdum fraud app hai. koi bhi chiz mat mangvana. ye log galat products bhejte hai aur bolte hai ki paise bhi nahi milege aur product bhi vapis nahi hoga. kabhi bji is app se product na kharide. आपका ध्यान खीचना चाहूंगा. स्नैप डील कंपनी बहुत बड़ा स्केम कर रही है. ग्राहक का rturn ratio बढा के गलत चीज़े भेज कर प्रोडक्ट वापस नही लेते और,पैसा भी नही देते और गलत प्रोडक्ट भेज के केस बंद कर देते है. ऐसा एक लाख के साथ किया तो कितना पैसा होगा. जैसे मेरा 1600 गया वैसे स्केम से पैसे बना रहे हैं.",1,0,8.2.0,01-08-2025,"Hi! hum aapse aise experience ke liye shama chahte hai. kripya apni order details hamein csmanager@snapdeal.com par email kare taaki hum aapki sahayata kar sake. dhanyavaad, aman",8.2.0,Snapdeal
Collector Alc,Guys don't buy any product from this they use to scam people and today i got scam i ordered 250g of dry fruits and the package was open and i even check the product it was less in quantity and i even call customer care they said to send images and voice note i did but they were no response on it and now they are not picking up the call too..,1,0,8.2.0,01-08-2025,Hi! so sorry for the unpleasant experience. kindly share your contact details at csmanager@snapdeal.com and we'll get in touch with you to discuss this. thanks! sia,8.2.0,Snapdeal
RR. Suraj Bhan Singh,यहां शॉपिंग मत करो ये स्नैपडील वाले फ्रॉड हैं सेल ऑर्डर कुछ करो भेजेगा कुछ और रिटर्न का ऑप्शन देकर रिटर्न भी नहीं लेते हैं ये घटिया हैं,1,0,Unkown,01-08-2025,Hi! sorry to disappoint you. please share your order details at csmanager@snapdeal.com and i'll look into it. thanks! aman,Unknown,Snapdeal
Vipin jatav,Vary best app my problem is solved thanks snapdeal,5,0,Unkown,01-08-2025,Hi! hum aapse aise experience ke liye shama chahte hai. kripya apni order details hamein csmanager@snapdeal.com par email kare taaki hum aapki sahayata kar sake. dhanyavaad! avi,Unknown,Snapdeal
Deepa Rajbhar,Very good app,5,0,Unkown,01-08-2025,Thanks a lot :),Unknown,Snapdeal
ROHIT PAL,Very exclusive deals at a low price every time.,5,0,8.2.0,01-08-2025,Glad to hear from you :),8.2.0,Snapdeal
Kapil Kumar,nan,5,0,8.2.0,01-08-2025,Thanks!,8.2.0,Snapdeal
Suraj Kumarssb,Verry nice app and product wanderful delivery,5,0,8.1.7,01-08-2025,Glad to hear from you :),8.1.7,Snapdeal
A Google user,Super,5,0,8.2.0,01-08-2025,Thank you :-),8.2.0,Snapdeal
Jakasaniya Dipak,Super product,5,0,8.2.0,01-08-2025,Thanks a lot :),8.2.0,Snapdeal
Biplab Barman,Good app,5,0,Unkown,01-08-2025,Thanks a lot :),Unknown,Snapdeal
gaurav shukla,Good experience,5,0,8.1.9,01-08-2025,Thanks a lot :),8.1.9,Snapdeal
Bharath Kumar,Good,5,0,8.2.0,01-08-2025,Thanks!,8.2.0,Snapdeal
Jyotishree Das,Good,5,0,8.1.9,01-08-2025,Thanks!,8.1.9,Snapdeal
Niranjan Kumar,Good for s,5,0,8.2.0,01-08-2025,Thanks!,8.2.0,Snapdeal
Susmita Kulkarni,Very cheap product provide by this app i am really unhappy from this apps shopping,2,0,Unkown,01-08-2025,Hi susmita! so sorry for the unpleasant experience. kindly share your order details at csmanager@snapdeal.com and i'll look into it. thanks! sia,Unknown,Snapdeal
Ashish Kumar,So good,5,0,8.1.9,01-08-2025,Thank you :),8.1.9,Snapdeal
HLD MPP,"घटिया items की delivery करता है, retun/replace option भी नही रहता है।",1,0,8.2.0,01-08-2025,"नमस्ते! असुविधा के लिए क्षमा चाहेंगे, कृपया अपनी ऑर्डर आईडी csmanager@snapdeal.com पर साझा करें ताकि हम आपकी सहायता कर सकें! धन्यवाद! सिया",8.2.0,Snapdeal
arvind singh,Good,5,0,8.2.0,01-08-2025,Thank you :-),8.2.0,Snapdeal
Heena Khan,Osm aap,5,0,8.1.9,01-08-2025,Thank you :-),8.1.9,Snapdeal
Shishupal Singh,Thank you,5,0,8.2.0,01-08-2025,Thanks a lot for your rating :),8.2.0,Snapdeal
dashrath thakor,V good,5,0,8.1.7,01-08-2025,Thank you :),8.1.7,Snapdeal
Susant Sahoo,Excellent service with time line and most helpful service is no shipping charges .. thanks a lot snapdeal,5,0,8.2.0,01-08-2025,Thank you for taking the time to write this review. your kind words encourage us greatly. happy shopping!,8.2.0,Snapdeal
Rajwani Rani,Ye bhi bht ghatiya h. bht harrasment krti h. mangao kuch deti kuch h janbujh k,1,0,Unkown,01-08-2025,Namaste! asuvidha ke liye atyant khed hai. kripya hamein csmanager@snapdeal.com par order details share krein aur hum issey jald se jald solve kar denge. dhanyavaad! sia,Unknown,Snapdeal
Bullo Tunu,Find it good to shop with snapdeal,5,0,8.2.0,01-08-2025,Thanks a lot :-),8.2.0,Snapdeal
Tutu Paswan,Veri good,5,0,Unkown,01-08-2025,Thank you :),Unknown,Snapdeal
Kuldeep Binjhwar,इस ऐप में बहुत जल्दी समान डिलीवर होता है,5,0,8.1.9,01-08-2025,Glad to hear from you :),8.1.9,Snapdeal
Mahipal Sharma,Batter then best,5,0,8.1.5,01-08-2025,Thank you :-),8.1.5,Snapdeal
Hem Bhandari,I always admire snapdeal app. no problem if this particular order could not be completed for no fault of snapdeal. but snapdeal must remove such suppliers from their sourcing list,5,1,8.2.0,01-08-2025,Hi! so sorry for the unpleasant experience. kindly share your order details at csmanager@snapdeal.com and i'll look into it. thanks! avi,8.2.0,Snapdeal
Rupesh Suvedi,Thanks snapdeal,5,0,8.1.9,31-07-2025,Thanks a lot for your rating :),8.1.9,Snapdeal
Asfak Ali,This app so good. items are so good.,3,0,7.6.8,31-07-2025,Thank you :-),7.6.8,Snapdeal
Sayoni Barui 1728,Very bad..i haven't received my refund yet..i didn't receive it last time either and still haven't..,1,0,8.2.0,31-07-2025,Hi! so sorry for the unpleasant experience. kindly share your order details at csmanager@snapdeal.com and i'll look into it. thanks! avi,8.2.0,Snapdeal
Bhaskar Jyoti sarma #16,Good,5,0,8.2.0,31-07-2025,Thank you :-),8.2.0,Snapdeal
Ankit Biswas,Most cheep quality product delivery.main 2 saree oder dia huya hu packet main 1 saree aya hain.castomar care main call kar raha hau. unloog id proof mang raha hain.'indian government rules act -kisi 3 party aplication ko id proof nahi dena spam ho sakta hain.main 72 hours sei kosish kar raha hu lekin unloog kuch kar nahi raha hain.2nd hand dress company hain snapdeel.product is cheep aplication se koi karidoge to packet khol ke check karke paisa dena.nahi to mera jaisai hoga.i'd proof maat dena.,1,1,Unkown,31-07-2025,Hi! so sorry for the unpleasant experience. kindly share your order details at csmanager@snapdeal.com and i'll look into it. thanks! avi,Unknown,Snapdeal
Pradhan Hemant,Too late delivery system,1,0,8.1.9,31-07-2025,Hi! so sorry for the unpleasant experience. kindly share your order details at csmanager@snapdeal.com and i'll look into it. thanks! avi,8.1.9,Snapdeal
Ratan singh Jhala,Nice website,5,0,8.1.9,31-07-2025,Thanks!,8.1.9,Snapdeal
Gamit Kalpesh,Very good product and delivery,5,0,8.1.9,31-07-2025,Thank you for taking the time to write this review. your kind words encourage us greatly. happy shopping!,8.1.9,Snapdeal
Sonu Roy,Nice,5,0,8.2.0,31-07-2025,Thanks!,8.2.0,Snapdeal
Javid Ahmed,It's good product,5,0,8.2.0,31-07-2025,Thank you :-),8.2.0,Snapdeal
Shyam Sundar Barik,Super,5,0,8.2.0,31-07-2025,Thank you :-),8.2.0,Snapdeal
Ravi Singh,Nice experience,5,0,8.2.0,31-07-2025,Thanks!,8.2.0,Snapdeal
EDP Bharuch,Good,5,0,8.2.0,31-07-2025,Thank you :-),8.2.0,Snapdeal
Ayyaz Khan,Awesome excellent brilliant top 10,5,0,8.1.9,31-07-2025,Thank you :-),8.1.9,Snapdeal
Mohini Pilley,Nice,5,0,8.2.0,31-07-2025,Thanks!,8.2.0,Snapdeal
Neha Bobhate,Superb,5,0,8.2.0,31-07-2025,Thank you :-),8.2.0,Snapdeal
Arvind Kumar,Good,5,0,8.2.0,31-07-2025,Thank you :-),8.2.0,Snapdeal
Bobby Singh,Verry best sarvice,5,0,8.1.9,31-07-2025,Thank you :-),8.1.9,Snapdeal
Saima Ansari,It's quite a good app,5,0,8.1.7,31-07-2025,Thank you :-),8.1.7,Snapdeal
Sampa Deb,Good,5,0,8.2.0,31-07-2025,Thank you :-),8.2.0,Snapdeal
Ravi Raghwani,Nice one app,5,0,8.1.9,31-07-2025,Thanks!,8.1.9,Snapdeal
Amit Kumar,"A lot of issues with the service.i think no one want to order ... because hand to hand exchange product not available and also very late process after if you replace.first they pick up and then take a lot of days to process order ..they taj half of month to delivery ..and also irritating questions they ask you if you want return the product ..very worst service.i unstall this app use other amazon , flipkart etc",1,0,8.1.9,31-07-2025,Hi! so sorry for the unpleasant experience. kindly share your order details at csmanager@snapdeal.com and i'll look into it. thanks! avi,8.1.9,Snapdeal
Tabassum Sameer Maner,Too good. value for money.,5,0,Unkown,31-07-2025,Thank you :-),Unknown,Snapdeal
Bhaskar Sarak,Very nice,5,0,8.2.0,31-07-2025,Thanks!,8.2.0,Snapdeal
Priyanka Singh,Very very nice thanks snapdeal app,5,0,8.2.0,31-07-2025,Glad to hear from you :),8.2.0,Snapdeal
Bad Banna,Koi bhi es app se kuch nhi mag vate ak to ye time se return lete h na refund kr te h time se ase app par brosha kr ke apne pise or apna time barbad na kre,1,0,Unkown,31-07-2025,"Hi! hum aapse aise experience ke liye shama chahte hai. kripya apni order details hamein csmanager@snapdeal.com par email kare taaki hum aapki sahayata kar sake. dhanyavaad, aman",Unknown,Snapdeal
premjit singha,Excellent,5,0,8.2.0,31-07-2025,Thanks a lot :),8.2.0,Snapdeal
Suraj Rao Garawa,Very nice,5,0,8.2.0,31-07-2025,Thanks!,8.2.0,Snapdeal
Vinay Kumar,Best delivery very useful app and service time taken and best quality for snapdeal.,5,0,8.2.0,31-07-2025,Thank you for taking the time to write this review. your kind words encourage us greatly. happy shopping!,8.2.0,Snapdeal
Gurvinder Singh,Very nice,5,0,Unkown,31-07-2025,Thanks a lot :),Unknown,Snapdeal
Vivek Bhoot,"I ordered something after a long time, and now i remember why i never used this app. had the worst experience, my order was cancelled by the seller and no reason is been given.",1,0,8.2.0,31-07-2025,Hi! sorry to disappoint you. please share your order/registered contact details at csmanager@snapdeal.com and i'll look into it. thanks! aman,8.2.0,Snapdeal
Talep SK,"Worse e commerce site i ever seen i ordered on 20 july and it's out for delivery 30 july and that day i got message "" unable to deliver"" they don't call me for delivery "" and shedule for tomorrow 31",1,0,8.2.0,30-07-2025,Hi! so sorry for the unpleasant experience. kindly share your order details at csmanager@snapdeal.com and i'll look into it. thanks! avi,8.2.0,Snapdeal
Bir kumar Bru,Good,5,0,8.2.0,30-07-2025,Thank you :-),8.2.0,Snapdeal
Deepjot Kaur,So precious product felt like as if one of friend gifted me oh wow i really like it,5,0,Unkown,30-07-2025,"Hi, love it when you are happy with us. this shall continue forever. thanks! aman",Unknown,Snapdeal
Bhagwati lal Sharma,Good,5,0,8.2.0,30-07-2025,Thanks!,8.2.0,Snapdeal
Arockiasamy,Very very immpartent usefull wanted àpp,5,0,Unkown,30-07-2025,Glad to hear from you :),Unknown,Snapdeal
Elliyas Sakhle,Item is soo good,5,0,8.2.0,30-07-2025,Glad to hear from you :),8.2.0,Snapdeal
Rk Viral Song DJ remix,Good,5,0,Unkown,30-07-2025,Thanks!,Unknown,Snapdeal
Ravi Thakur,Veri nice,5,0,8.1.9,30-07-2025,Thanks!,8.1.9,Snapdeal
smart situ,Very good service and fast service 24×7 fully costume service,5,0,8.2.0,30-07-2025,Thank you :-),8.2.0,Snapdeal
Bapi Das,Superb nd excellent good service .....,5,0,Unkown,30-07-2025,Thank you :-),Unknown,Snapdeal
JAI PRAKASH PRASAD,Exllent,5,0,8.2.0,30-07-2025,Thank you :-),8.2.0,Snapdeal
Neelam Singh,Very good,5,0,8.2.0,30-07-2025,Thanks for your feedback :),8.2.0,Snapdeal
ravindra ben,I started this app for shopping online right now i have good experience wish i use this continues for shopping i am satisfied this app. here staff also very polite talk with customers i will continue this,5,0,8.1.9,30-07-2025,Thanks for your valuable feedback.,8.1.9,Snapdeal
Rajeev,Nice,5,0,8.2.0,30-07-2025,Thank you!,8.2.0,Snapdeal
Thejesh Waran,"One of the worst online application i ever seen. when i recieved a wrong order,i requested for replacement,but there is no responce.so nobody order in this waste application.",1,0,8.2.0,30-07-2025,Hi thejesh! sincere apologies for the unpleasant experience. kindly share your order details at csmanager@snapdeal.com and i'll help you out. thanks! neha,8.2.0,Snapdeal
Arun Singh,Good,5,0,8.2.0,30-07-2025,Thanks a ton!,8.2.0,Snapdeal
yashwant soni,Exellent,5,0,Unkown,30-07-2025,Thank you!,Unknown,Snapdeal
Bimal Kumar,Short time but excellent work,5,0,8.2.0,30-07-2025,Thanks a ton!,8.2.0,Snapdeal
Vanshika Tyagi,Good product quality,5,0,8.1.9,30-07-2025,Glad to hear from you :),8.1.9,Snapdeal
Rajeswary.j Ranjith,,5,0,8.2.0,30-07-2025,No Reply,8.2.0,Snapdeal
Mohammed Khadir (MDK),Very dump app ever i'm not received my refund.and application not opening problem,1,0,8.2.0,30-07-2025,Hi khadir! sincere apologies for the unpleasant experience. kindly share your order details at csmanager@snapdeal.com and i'll help you out. thanks! neha,8.2.0,Snapdeal
Nitesh Kumar,Thank you,5,0,8.2.0,30-07-2025,Thanks a lot for your rating :),8.2.0,Snapdeal
Tanveer Ahmed,Good,5,0,8.2.0,30-07-2025,Thanks!,8.2.0,Snapdeal
Chiragsinh solanki,Great,5,0,8.2.0,30-07-2025,Thanks!,8.2.0,Snapdeal
smuralimbadgl,Mistake done by supplier but they blaming me and they didn't give replacement also worst worst worst no option for zero star rating today i recd a cal from them i told my query but they can't able to face it so they disconnected simply waste waste pls google review board my small suggestion pls give options for zero review this app r this company is not worth for 1 star also zero star zero star zero star,1,0,7.6.3,30-07-2025,Hi! so sorry for the unpleasant experience. kindly share your order details at csmanager@snapdeal.com and i'll look into it. thanks! aman,7.6.3,Snapdeal
Irfan Abdul,Very good affordable right on time /date delivery,5,0,8.2.0,30-07-2025,Glad to hear from you :),8.2.0,Snapdeal
ASK,I found the prices very reasonable at this portal and the products are genuine.,5,0,8.2.0,30-07-2025,Glad to hear from you :),8.2.0,Snapdeal
Tilak Thapa,Good,4,0,8.2.0,30-07-2025,Thank you!,8.2.0,Snapdeal
Shiv Raj,Very good,5,0,8.2.0,30-07-2025,Thanks a ton!,8.2.0,Snapdeal
vikash pandit,10 din se ek delivery nhi kar paya baar baar unsuccessful delivery,1,0,8.1.9,30-07-2025,Namaste vikash! asuvidha ke liye atyant khed hai. kripya hamein apni order details csmanager@snapdeal.com par share karein taaki ham jald se jald aap ki madad kar payein. dhanyavaad! neha,8.1.9,Snapdeal
Moin Khan,I am interested this aap affordable price,5,0,Unkown,30-07-2025,Thanks a lot :-),Unknown,Snapdeal
Biswajit Maharana,"Very nice and delivered before the time always, sometimes product quality comes bad but apart from all. all deals are value for money...",4,0,8.1.9,30-07-2025,Thanks for your feedback :),8.1.9,Snapdeal
Akhilesh Chauhan,Lier!,1,0,Unkown,29-07-2025,Hi! we are here to help you. please share your concern at csmanager@snapdeal.com and i'll look into it. thanks! neha,Unknown,Snapdeal
karthik anora,Excellent,5,0,8.2.0,29-07-2025,Thanks a lot :),8.2.0,Snapdeal
Shiva Yamgar,Best app for online shopping,5,0,8.1.9,29-07-2025,Glad to hear from you :),8.1.9,Snapdeal
Ranganatha,Super,5,0,Unkown,29-07-2025,Thanks!,Unknown,Snapdeal
sunitha epuri,If you don't warn the courier boy you can definitely close your business,1,0,8.1.9,29-07-2025,Hi sunitha! sincere apologies for the unpleasant experience. kindly share your order details at csmanager@snapdeal.com and i'll help you out. thanks! neha,8.1.9,Snapdeal
Md ali,Worst online shopping platform please don't buy anything guys,1,0,8.2.0,29-07-2025,Hi ali! sorry to disappoint you. please share your concern at csmanager@snapdeal.com and i'll look into it. thanks! neha,8.2.0,Snapdeal
Gaurav Pare,My wallet amount deduct by snap deal,1,0,8.1.7,29-07-2025,Hi! sorry to disappoint you. please share your registered contact details at csmanager@snapdeal.com and i'll look into it. thanks! aman,8.1.7,Snapdeal
Santoshi Paw,Excellent,5,0,Unkown,29-07-2025,Thanks a lot :),Unknown,Snapdeal
Rajan Pawar,Good,5,0,8.2.0,29-07-2025,Thanks!,8.2.0,Snapdeal
Rohit Bhardwaj,Pleasant and excellent,5,0,8.1.9,29-07-2025,Glad to hear from you :),8.1.9,Snapdeal
tiger Shende,Best product i am happy,5,0,8.2.0,29-07-2025,Glad to hear from you :),8.2.0,Snapdeal
Kuber Hebsur,Good and useful,5,0,8.1.9,29-07-2025,Thanks a lot :-),8.1.9,Snapdeal
filmy yaar you,nice,5,0,8.2.0,29-07-2025,Thanks a lot :-),8.2.0,Snapdeal
Toxic 4xz,Not good quality product and service to faar,1,0,8.1.9,29-07-2025,Hi! sorry to disappoint you. please share your order details at csmanager@snapdeal.com and i'll look into it. thanks! aman,8.1.9,Snapdeal
T.N. Janani,"Very bad quality,i thought getting marginal difference than the others in the e-market,but selling all old product,or like returned which can't given new,very poor in quality,i recommend not to use this app for purchase",1,0,8.2.0,29-07-2025,Hi! sorry to disappoint you. please share your order details at csmanager@snapdeal.com and i'll look into it. thanks! aman,8.2.0,Snapdeal
Gurpreet Singh557,Excellent,5,0,Unkown,29-07-2025,Thanks a lot :-),Unknown,Snapdeal
Prema Singh,"""great selection, smooth app experience, and timely delivery—quality clothes at affordable prices.""",5,0,8.2.0,29-07-2025,Glad to hear from you :),8.2.0,Snapdeal
Yashu Gupta,"Best delivery app of recent times. i ordered a brown wallet and got a very beautifully designed wallet with nice texture on it. i wanted to review it. the quality of the product is really amazing. the one shown in the picture, you get exactly the same. it was super easy to shop with them as it took just few steps. i also got a coupon while placing the order. it was a nice deal and would shop again from this app.",5,0,Unkown,29-07-2025,Hi! thanks for your valuable feedback. it is delightful to hear such positive words and it’s always a pleasure to serve our users. thanks! aman,Unknown,Snapdeal
Prince Sahu,Very nice,5,0,8.2.0,29-07-2025,Thanks a lot :-),8.2.0,Snapdeal
Nikitha411 Kattamedi,Worth aap,5,0,8.2.0,29-07-2025,Thanks a lot :-),8.2.0,Snapdeal
Sandhiya Gupta,Good,5,0,8.2.0,29-07-2025,Thanks!,8.2.0,Snapdeal
Vikas Prajapat,Fake aap,1,0,Unkown,29-07-2025,Hi! sorry to disappoint you. please share your exact issue along with contact details at csmanager@snapdeal.com and we'll connect with you. thanks! aman,Unknown,Snapdeal
Dayawanti Deotale,"The product is nice, it comes with nice packaging of snapdeal the product is absolutely real",5,0,8.2.0,29-07-2025,Thank you for taking the time to write this review. your kind words encourage us greatly. happy shopping!,8.2.0,Snapdeal
Tejashwini. Sk,Nice app,5,0,8.2.0,29-07-2025,Thank you :),8.2.0,Snapdeal
Dayanand Palkar,Hopeless response,1,0,Unkown,29-07-2025,"Hi dayanand! so sorry for the unpleasant experience. kindly share your exact concern at csmanager@snapdeal.com so that i can help you in a better way. thanks, sia",Unknown,Snapdeal
balvir verma,Bahut aucha,5,0,8.2.0,29-07-2025,Thank you :),8.2.0,Snapdeal
Babu Sheikh,Yah wala app kafi sahi hai kafi achcha laga yah app use karne ke bad amazon flipkart ‍,5,0,8.1.9,29-07-2025,Yeh jaankar humein khushi huee :),8.1.9,Snapdeal
Sourabh Madavi,Nice aap,5,0,8.2.0,29-07-2025,Thank you :),8.2.0,Snapdeal
MAHENDRA KUMAWAT,nan,1,0,Unkown,29-07-2025,"Hi mahendra! facing any issue? kindly share your exact concern at csmanager@snapdeal.com so that i can help you in a better way. thanks, sia",Unknown,Snapdeal
Sk salman Khan,nice aap,5,0,8.1.9,29-07-2025,Thank you :),8.1.9,Snapdeal
Sparsh Life,There is a lot of beautiful perfumes i loved him very much,5,0,7.7.4,29-07-2025,Happy to know this :),7.7.4,Snapdeal
s. kannan,Nice service product also good,5,0,8.2.0,29-07-2025,Thanks a lot :-),8.2.0,Snapdeal
ROHIT SINGH,Too good,5,0,8.2.0,29-07-2025,Thank you :),8.2.0,Snapdeal
Km Km moni,Good,5,0,8.2.0,29-07-2025,Thank you :),8.2.0,Snapdeal
Visnu Visnu,Nice,5,0,8.1.9,29-07-2025,Thanks a ton!,8.1.9,Snapdeal
Rushi Suryavanshi,Nice experience snepdil shopping,4,0,8.2.0,29-07-2025,Glad to know that you are happy with our app :),8.2.0,Snapdeal
RAMESH KUMAR,I like it,5,0,8.1.9,29-07-2025,Glad to hear from you :),8.1.9,Snapdeal
Simmi Kumari,This shopping app is too much,4,0,Unkown,28-07-2025,Thanks a lot :),Unknown,Snapdeal
Tanvi Kalal,"I have very bad experience from this app. this is not as helpful as amazon, flipcart and any another shopping app. i have placed return order after one day of delivery of clothes, but their delivery person didn't come to home for take products. and they didn't give me refund of my payment even if i place order in my return policy timing. i purchase things first time from this app but my experience is very worst from this app.",1,0,8.1.9,28-07-2025,Hi! sorry to disappoint you. please share your order details at csmanager@snapdeal.com and i'll look into it. thanks! aman,8.1.9,Snapdeal
Hameeda Hameeda,This app products are really so good n best quality,5,0,8.2.0,28-07-2025,Glad to hear from you :),8.2.0,Snapdeal
Pranay Wele,Very very very great app,5,0,8.2.0,28-07-2025,Glad to hear from you :),8.2.0,Snapdeal
Sunil prajapati,Very good,5,0,8.2.0,28-07-2025,Thanks a lot :),8.2.0,Snapdeal
Vishnu Prasad Sharma,App has bug. these people are cheaters. they maliciously sent me wrong /defective item and purposely obscured all means of communication ie you can't complain thru phone call to customer care although these buggers mention in there app that you can call them by selecting order in my orders screen. i have taken screenshots to prove my point.,1,0,8.2.0,28-07-2025,Hi! sorry to disappoint you. please share your order details at csmanager@snapdeal.com and i'll look into it. thanks! aman,8.2.0,Snapdeal
Asim Kha,Nice,5,0,8.1.9,28-07-2025,Thanks!,8.1.9,Snapdeal
binita pal,"This app is very bad. it was my first purchase, they gave me another product instead of the product i had ordered. when i was putting tickets for exchange these people were not doing anything except that. this is a very bad experience, now i am not going to order from it again.",1,0,8.2.0,28-07-2025,Hi! sorry to disappoint you. please share your order details at csmanager@snapdeal.com and i'll look into it. thanks! aman,8.2.0,Snapdeal
Sania Ali,Very bad they sell fake products n with no return and refund nothing,1,0,8.2.0,28-07-2025,Hi sania! sincere apologies for the unpleasant experience. kindly share your order details at csmanager@snapdeal.com and i'll help you out. thanks! neha,8.2.0,Snapdeal
Chandan Rangsha,Nice to shopping for the appreciation,5,0,8.2.0,28-07-2025,Glad to know that you are happy with our app :),8.2.0,Snapdeal
Mohit Prajapati,Very good,5,0,8.2.0,28-07-2025,Thanks a ton!,8.2.0,Snapdeal
Prem Kumar,Nice good shopping app,5,0,8.2.0,28-07-2025,Thank you :),8.2.0,Snapdeal
Sahil,Nice shopping platform,5,0,Unkown,28-07-2025,Thank you :),Unknown,Snapdeal
Manju Maurya,The product quality is really good i liked with free delivery,5,0,8.2.0,28-07-2025,Thanks a lot :-),8.2.0,Snapdeal
Abhishek Yadav,Very bad,5,0,8.2.0,28-07-2025,"Hi abhishek! so sorry for the unpleasant experience. kindly share your exact concern at csmanager@snapdeal.com so that i can help you in a better way. thanks, sia",8.2.0,Snapdeal
Sonu Yadav,Good,5,0,8.1.8,28-07-2025,Thanks!,8.1.8,Snapdeal
Pooja Gujjar,"It's the worst app, my order has been cancelled without informing me and refund is also not in my account till now .we can only chat with customer care only by options ,we can't type our own query also there is no availability of call in customer care",2,0,8.1.9,28-07-2025,Hi pooja! so sorry for the unpleasant experience. kindly share your order details at csmanager@snapdeal.com and i'll look into it. thanks! sia,8.1.9,Snapdeal
Rajput Sunil,Nice quality aap,5,0,8.2.0,28-07-2025,Glad to know that you are happy with our app :),8.2.0,Snapdeal
dr bhushan sahu,Nice,5,0,Unkown,28-07-2025,Thank you :),Unknown,Snapdeal
Sagar Deb,Osm app,5,0,Unkown,28-07-2025,Thank you :),Unknown,Snapdeal
SHIVESH PRASAD,Nice jutti,5,0,8.2.0,28-07-2025,Thank you :),8.2.0,Snapdeal
Nidhi,"Fraud app fake products mostly copy of other branded products. easy to buy from them no exchange, if returned no refund",1,0,Unkown,28-07-2025,Hi! so sorry for the unpleasant experience. kindly share your order details at csmanager@snapdeal.com and i'll look into it. thanks! avi,Unknown,Snapdeal
Nikhil,Good application it is,5,0,Unkown,28-07-2025,Glad to hear from you :),Unknown,Snapdeal
KAKA KAKA,Very good,5,0,8.1.9,28-07-2025,Thank you :-),8.1.9,Snapdeal
AWDHESH PATHAK,Nice,5,0,8.2.0,28-07-2025,Thanks!,8.2.0,Snapdeal
Vaheguru Enterprises,Very good service,5,0,8.2.0,28-07-2025,Thank you :-),8.2.0,Snapdeal
sayan mondal,Best app,5,0,8.1.9,28-07-2025,Thanks a lot :),8.1.9,Snapdeal
1643_Piyush Payghan,Nice,5,0,8.2.0,28-07-2025,Thanks!,8.2.0,Snapdeal
Divya Singh (Divu),Don't buy products from this platform because when i order a product then my product is delivered the item is different and i'm contacting the team but is ans of my order or replay they can't refund of my order don't buy products fully cheap quality and non support team fully money waste,1,0,8.2.0,28-07-2025,Hi divya! so sorry for the unpleasant experience. kindly share your order details at csmanager@snapdeal.com and i'll look into it. thanks! avi,8.2.0,Snapdeal
NARAYAN PANDEY,"Best experience last 7 years, iam using nice and easy to use useful app...... must be download",5,0,8.2.0,27-07-2025,Glad to hear from you :),8.2.0,Snapdeal
Palak Singh,"Don't shop because they can't return there different there product and there team can't action and replay of any costumer don't buy product cheap quality and don't return,, fully money waste",1,0,Unkown,27-07-2025,Hi! sorry to disappoint you. please share your order details at csmanager@snapdeal.com and i'll look into it. thanks! aman,Unknown,Snapdeal
Sagar Singh,Not interested,1,0,Unkown,27-07-2025,Hi! sorry to disappoint you. please share your exact issue along with contact details at csmanager@snapdeal.com and we'll connect with you. thanks! aman,Unknown,Snapdeal
Mona Kumari,This app is really great! it offers you better deals than other apps at affordable prices and with no extra delivery cost,5,0,8.2.0,27-07-2025,Hi! thanks for your valuable feedback. it is delightful to hear such positive words and it’s always a pleasure to serve our users. thanks! aman,8.2.0,Snapdeal
Somu Pandey,Best app ever for shopping,5,0,8.2.0,27-07-2025,Glad to hear from you :),8.2.0,Snapdeal
Ranjita Jain,Very nice and low cost,5,0,8.2.0,27-07-2025,Glad to hear from you :),8.2.0,Snapdeal
Ram Bejawada,Good service,5,0,Unkown,27-07-2025,Thanks a lot :),Unknown,Snapdeal
Rahul Saha,So nice,5,0,8.2.0,27-07-2025,Thanks a lot :),8.2.0,Snapdeal
Riya Ansari,It's good,4,0,8.1.9,27-07-2025,Thanks!,8.1.9,Snapdeal
Dinesh A,Excellent app,5,0,8.1.9,27-07-2025,Thank you :-),8.1.9,Snapdeal
GLOBLE WORLD WoRLD,Nice,5,0,8.2.0,27-07-2025,Thanks!,8.2.0,Snapdeal
Akash Gupta,Happy,5,0,8.1.9,27-07-2025,Thanks!,8.1.9,Snapdeal
Subin “Chelseaboy”,Good coustomer service and on time delivery.,5,0,8.2.0,27-07-2025,Glad to hear from you :),8.2.0,Snapdeal
Syed Sabeel.N,Nice app m,5,0,8.1.9,27-07-2025,Thanks a lot :),8.1.9,Snapdeal
Vikas Dhawan,Nice,5,0,8.2.0,27-07-2025,Thanks!,8.2.0,Snapdeal
Puppy sing,I love you,5,0,8.2.0,27-07-2025,No Reply,8.2.0,Snapdeal
Chandan Kumar,Good,5,0,8.1.9,27-07-2025,Thanks!,8.1.9,Snapdeal
Kumari Gouri,Thank you snapdeal,5,0,8.1.7,27-07-2025,Glad to hear from you :),8.1.7,Snapdeal
Sarat Kumar,Super,5,0,8.1.9,27-07-2025,Thanks!,8.1.9,Snapdeal
Shazadalli Shazadalli,Ok,5,0,8.2.0,27-07-2025,Thanks a lot for your rating :),8.2.0,Snapdeal
Amit Patil,It's a good experience while shopping with the snapdeal.,5,1,8.2.0,27-07-2025,Glad to hear from you :),8.2.0,Snapdeal
Dr Santwana upadhyay,Excellent,5,0,8.2.0,27-07-2025,Thank you :-),8.2.0,Snapdeal
Vijay,Snapdeal is an excellent platform which provides good things in reasonable price. always i like to use this app.,5,0,Unkown,27-07-2025,Thank you :-),Unknown,Snapdeal
rohit chute,Very excellent,5,0,Unkown,27-07-2025,Thank you :-),Unknown,Snapdeal
Srk Srk,It's good online shopping,4,0,Unkown,27-07-2025,Thank you :-),Unknown,Snapdeal
Jugata ram Hudda,Good product,5,0,8.2.0,27-07-2025,Thank you :-),8.2.0,Snapdeal
Sahila Kushan work,Good,5,0,8.2.0,27-07-2025,Thank you :-),8.2.0,Snapdeal
siddique inamdar,Worst app i have a delevere my order wait 12 days but my order is automatically rejected,1,0,Unkown,27-07-2025,Hi! so sorry for the unpleasant experience. kindly share your order details at csmanager@snapdeal.com and i'll look into it. thanks! avi,Unknown,Snapdeal
Geeta Devi meena,"Worst app for online shopping, no return policy on majorly products nor product delivers on time , mine is still 7 days delayed and still it haven't delivered",1,0,8.2.0,26-07-2025,Hi geeta! so sorry for the unpleasant experience. kindly share your order details at csmanager@snapdeal.com and i'll look into it. thanks! sia,8.2.0,Snapdeal
SudhaRani Jani,Very very good,5,0,Unkown,26-07-2025,Thank you :),Unknown,Snapdeal
SHALU KAUR,Gatiya company h costumer ke sath delivery boy fraud kare to bolte h hum kya kare mam ap ekart walo ko bolo company inki h to responsibility bhi inki honi chahiye na but ni inko cod payment ke proof chahiyenice,1,0,8.2.0,26-07-2025,Namaste shalu! asuvidha ke liye atyant khed hai. kripya hamein csmanager@snapdeal.com par order details share krein aur hum issey jald se jald solve kar denge. dhanyavaad! sia,8.2.0,Snapdeal
SURAJ SEN,Awesome product genuine hai i love it,5,0,8.2.0,26-07-2025,Thank you :),8.2.0,Snapdeal
Sneha Modak,Snapdeal service is very very bad... i ordered a product on 16 th july. atfirst they gave the delivery date on 22 july...then they changed it on 28 july.. and today 26th july i got a massege from snapdeal that they cancelled my order. snapdeal just harrassed people... nonsense... disgusting... waste of time... and also their customer care service is very poor...noone received calls...,1,0,8.2.0,26-07-2025,Hi sneha! so sorry for the unpleasant experience. kindly share your order details at csmanager@snapdeal.com and i'll help you out. thanks! sia,8.2.0,Snapdeal
Samuel Motghare,Lowest price,5,0,8.1.7,26-07-2025,Thanks!,8.1.7,Snapdeal
Jay vardhan Singh chouhan,Very good,5,0,8.1.9,26-07-2025,Thank you!,8.1.9,Snapdeal
Neetisha Mishra,"Worst experience,i placed order made online payment,then i got message of parcel delayed and then we tried reaching you..till now i didn't got my parcel nor my money back.... please never ever install this app nor make any purchases worst experience in online shopping",1,0,8.1.9,26-07-2025,Hi neetisha! sincere apologies for the unpleasant experience. kindly share your order details at csmanager@snapdeal.com and i'll help you out. thanks! neha,8.1.9,Snapdeal
Abbas Khalid,Very,5,0,8.2.0,26-07-2025,Thank you for the rating!,8.2.0,Snapdeal
Yogendra Yadav,All good,5,0,8.1.9,26-07-2025,Thanks a ton!,8.1.9,Snapdeal
Bebykumari Bebykumari,Bahut achcha hai,5,0,8.1.9,26-07-2025,Dhanyawad,8.1.9,Snapdeal
Venkobarao Gururaja,Very very bad completely spoiled i would like return pl kindly send method,1,1,8.1.4,26-07-2025,Hi venkobarao! sorry to disappoint you. kindly share your order details at csmanager@snapdeal.com and i'll help you out. thanks! neha,8.1.4,Snapdeal
Arun Goel,"I had placed an order for a pair of shoes on 20th july. as per the tracking details, the package reached ghaziabad on 22nd july. however, i have still not received it. i’m now concerned—if the product's quality is not found up to the mark, how will the return or exchange policy apply? what will happen to my hard-earned money? this was my first purchase from your website, but unfortunately, the experience so far has been quite disappointing.",1,0,8.2.0,26-07-2025,Hi arun! sincere apologies for the unpleasant experience. kindly share your order details at csmanager@snapdeal.com and i'll help you out. thanks! neha,8.2.0,Snapdeal
Shaikh Sohail,Nice product,5,0,8.1.9,26-07-2025,Thanks for your feedback :),8.1.9,Snapdeal
Zahid Shaikh,Best aap,5,0,8.2.0,26-07-2025,Glad to know that you are happy with our app :),8.2.0,Snapdeal
Pooja Singh,Very nice,5,0,8.2.0,26-07-2025,Glad to hear from you :),8.2.0,Snapdeal
Santosh Ratone,Nice,5,0,8.2.0,26-07-2025,Thank you!,8.2.0,Snapdeal
Mir Sahid,Very nice snapdeal this site product is very very quality and all of use the snapdeal,5,0,8.1.9,26-07-2025,Thanks for your feedback :),8.1.9,Snapdeal
Ravi Rajput,Better product and services,5,0,8.2.0,26-07-2025,Thanks a lot :-),8.2.0,Snapdeal
Rohit Verma,I loved it..,5,0,8.2.0,26-07-2025,Thanks for your encouraging star ratings 🙂,8.2.0,Snapdeal
Prince Abraham,Good,5,0,8.2.0,26-07-2025,Thank you :),8.2.0,Snapdeal
Ajay Kumar,Good,5,0,Unkown,26-07-2025,Thank you :),Unknown,Snapdeal
SANJAY KUMAR SINGH,Supar,5,0,8.2.0,26-07-2025,Thank you :),8.2.0,Snapdeal
Ajay Goswami,Excellent app,5,0,8.1.9,26-07-2025,Thank you :),8.1.9,Snapdeal
RoLliNg TeArS,"Earlier i gave 1 star rating for poor customer support. after i raised my issue, they resolved my issue. still your customer service needs improvement. that's why i am giving 4 star rating ...",4,0,8.2.0,26-07-2025,Hi! so sorry to disappoint you. we've arranged a call for you. we'll be connecting with you at the earliest. thanks! sia,8.2.0,Snapdeal
dimple sharma,Best shirt paisa wasool,5,0,8.2.0,26-07-2025,Thank you :),8.2.0,Snapdeal
Sofia Kunchiwala,Very nice excellent nice,5,0,8.2.0,26-07-2025,Thank you :),8.2.0,Snapdeal
Saloni Bagri 0455,Wrost experience pickup nhi krta na refund deta hai don't buy products from snapdel,1,0,8.1.9,26-07-2025,Hi! sorry to disappoint you. please share your order details at csmanager@snapdeal.com and i'll look into it. thanks! aman,8.1.9,Snapdeal
Kalyani Shinde,Mast hy,5,0,Unkown,25-07-2025,Dhanyavaad!,Unknown,Snapdeal
Study Hard,Best app easy replacment too :),5,0,8.1.9,25-07-2025,Thank you :-),8.1.9,Snapdeal
Chandni sahu Moonlight,Very worst app ever don't install it it only consumes our time and no customer care support available there no one i ordered a test strip they give me the delivery date would be 14 july after that 19th july after 25 july now they cancelled my order what should i do and not response over any product related talk and no one is it don't install this app very worst worst,1,0,Unkown,25-07-2025,Hi! so sorry for the unpleasant experience. kindly share your order details at csmanager@snapdeal.com and i'll look into it. thanks! avi,Unknown,Snapdeal
bhuva jayanti,Good,5,0,Unkown,25-07-2025,Thank you :-),Unknown,Snapdeal
Abhishek Suryavanshi,A positive review,5,0,8.2.0,25-07-2025,Thank you!,8.2.0,Snapdeal
Paakhi,Worst application i don't recommend any to use it once you ordered the product details and returned policy will change i ordered pack of 3 but recived only pack of 1 .. before ordering it will showing item will be returnable but now showing not returneble ....it's was a total fraud.. please don't use this application.i recommend you to use meesho and other app those were far better then this app .... dear neha i forwarded details check and i'll see what you do with this problem..,1,0,Unkown,25-07-2025,Hi paakhi! so sorry to disappoint you. we've noted the details & will work on it right away. we'll connect with you & update you about the same. thanks! neha,Unknown,Snapdeal
Rohit Thorave,Fake product delivery,1,0,Unkown,25-07-2025,Hi rohit! so sorry for the unpleasant experience. kindly share your order details at csmanager@snapdeal.com and i'll look into it. thanks! avi,Unknown,Snapdeal
Tarun Das,Excellent application,5,0,8.1.7,25-07-2025,Thank you :-),8.1.7,Snapdeal
Sha navaz,My favorite app,5,0,8.1.9,25-07-2025,Thank you :-),8.1.9,Snapdeal
Harathi2002,This is vere worst app i never see like this my order delay 25 days still not received i canceled product but money not refund it a prepaid order,1,0,Unkown,25-07-2025,Hi! so sorry for the unpleasant experience. kindly share your order details at csmanager@snapdeal.com and i'll look into it. thanks! avi,Unknown,Snapdeal
Sneha Jadhav,Traders listed are not genuine,1,0,8.1.9,25-07-2025,Hi! so sorry for the unpleasant experience. kindly share your contact details at csmanager@snapdeal.com and i'll look into it. thanks! avi,8.1.9,Snapdeal
BORD OFFICIAL FF (GAMING),"Worst, spam",1,0,8.2.0,25-07-2025,Hi! so sorry for the unpleasant experience. kindly share your contact details at csmanager@snapdeal.com and i'll look into it. thanks! avi,8.2.0,Snapdeal
Jitendra Ray,Verry good,5,0,8.2.0,25-07-2025,Thank you :-),8.2.0,Snapdeal
Rakhi Davi,Iam guddu sabse acha sabse sachii hamara snapdeal quke isme electric tree clothes and etc all saman acha milta haii iska alwa cash on delivery jis se prodect ghar tak delivery hota mujhe tho bhut acha lag app log ve try kijiye tq,5,0,8.2.0,25-07-2025,Hi! aapke bahumulay feedback ke liye dhanyavaad. thanks! avi,8.2.0,Snapdeal
Santhosh N,Good app,5,0,8.1.9,25-07-2025,Thank you :-),8.1.9,Snapdeal
Allan Archer,Please don't order from snapdeal it's a waste of time. the delivery guy never answers your call like a fool you wait at home for the delivery later in the evening the delivery guy marks the order as customer not available. i would suggest snapdeal to make their delivery guys their customers because they deliver the order according to their convenience. if you don't want to waste your time please stop ordering from here,1,0,8.1.9,25-07-2025,Hi allan! so sorry to disappoint you. i’ve shared this with my team. we'll connect with you soon regarding this. thanks! sia,8.1.9,Snapdeal
wasim akram,Super,5,0,8.1.9,25-07-2025,Thank you :),8.1.9,Snapdeal
Kripa Barman,Best app for shopping,5,0,8.2.0,25-07-2025,Thanks a lot :-),8.2.0,Snapdeal
Rachna Yadav,Why app was stopped again n again even i can't open it,5,0,8.2.0,25-07-2025,"Hi! thanks rachna for reporting this! please whatsapp/dial on 8373902464 or email us at csmanager@snapdeal.com so that we completely understand & close the gap. thanks again, dev!",8.2.0,Snapdeal
Ankush More,आप अपना रिटर्न ओर डिलीवरी करने का तरीका सुधारे आपसे जुड़े दुकानदार ग्राहक को जो ऑर्डर किया है वो।नहीं देते और दूसरी वस्तु पकड़ा देते हैं रिप्लेस करने के बाद भी सेम आइटम पकड़ा देते हे। सुधार कीजिए नहीं तो कंपनी ज्यादा नहीं टिकने वाली आज के नए दौर में,1,0,8.1.9,25-07-2025,"नमस्ते अंकुश! असुविधा के लिए क्षमा चाहेंगे, कृपया अपनी ऑर्डर आईडी csmanager@snapdeal.com पर साझा करें ताकि हम आपकी सहायता कर सकें! धन्यवाद! सिया",8.1.9,Snapdeal
LALIT ABROL,V.good,5,0,8.1.9,25-07-2025,Thank you!,8.1.9,Snapdeal
Swayam Sai,Best app..... i have ordered 2 books from it in a great deal.... very much discount given by snapdeal...very nice,5,0,Unkown,25-07-2025,Thanks for your valuable feedback.,Unknown,Snapdeal
Keya roy,Please provide photo scerch in this app,4,0,8.1.8,25-07-2025,Hi keya! we’re continuously working to make our app better. please share your feedback with more details at csmanager@snapdeal.com & we’ll surely look into it. thanks! neha,8.1.8,Snapdeal
Ashok Kumar,Very good,4,0,8.1.9,25-07-2025,Thanks a ton!,8.1.9,Snapdeal
Natasha Prossy,"Very nice sarees, keep it up",5,0,8.1.9,25-07-2025,Thanks a lot :-),8.1.9,Snapdeal
Tamil Ram,Good,5,0,8.2.0,25-07-2025,Thank you :),8.2.0,Snapdeal
aarti amit,I was orderd an item at 17 july but i have not recive my order yet...,3,0,8.2.0,25-07-2025,Hi aarti! i am sorry for the unpleasant experience you’ve been through. kindly share your order details at csmanager@snapdeal.com and i'll help you out. thanks! neha,8.2.0,Snapdeal
Munu Deka,Very most app,5,0,8.1.9,25-07-2025,Thank you :),8.1.9,Snapdeal
Agustin Bai,Satisfied,5,0,8.2.0,25-07-2025,Thank you!,8.2.0,Snapdeal
Jaydeep Bhaii,Good,5,0,Unkown,25-07-2025,Thanks a ton!,Unknown,Snapdeal
Raj Gaur,Flowers plants or seeds ke liye bahut jyada achcha hai or baki ke products abhi bahut kam hai bakike product achche hai magar jo chahiye wo yahan nhi hai.jaise ki mujhe chahiye clothes storege box full size ka with wheels ke sath jo yahan nhi hai.plants or flower seeds ke bare me to har se jyada achcha hai.ghar baithe online koi sa bhi plant ya seeds mangwao sirf kuch hi din me wow....,5,0,8.2.0,25-07-2025,"Namaste raj! aapke bahumulya feedback ke liye dhanyavaad. main isey apni team ke saath share karungi aur is par nischit roop se gaur karenge. thanks, neha",8.2.0,Snapdeal
Salena Nanda,Nice,5,0,8.2.0,25-07-2025,Glad to hear from you :),8.2.0,Snapdeal
Akash Vashisth,"सेवा खराब है, वे कोई अच्छा उत्पाद नहीं देते हैं, वे या तो अस्वीकृत या दोषपूर्ण सामान देते हैं, कोई भी ग्राहक सेवा नहीं सुनता है, उनसे खरीदारी न करें।",1,0,8.2.0,25-07-2025,नमस्ते आकाश! हम ऐसे अनुभव के लिए आपसे क्षमा चाहते है। कृपया अपने इशू को csmanager@snapdeal.com पर शेयर करे ताकि हम आपकी मदद कर सकें। धन्यवाद! नेहा,8.2.0,Snapdeal
Shashwat Khokhar,Wish you a rebirth snapdeal. you are the cheapest and least cheater among the giants.,5,0,8.1.9,25-07-2025,No Reply,8.1.9,Snapdeal
Chetan Kumar,Hello team snapdeal thank you for providing such great support a few times ago i placed an order on snapdeal and there was such a problem with that order and their team was so well mannered and coordinating. they take a little time approx 30 days but that is fine i really appreciate there after sale service thankyou so much ..,5,16,8.1.3,24-07-2025,"Hi chetan! we are extremely apologetic for the inconvenience you had to face. please treat this as one of the rare instances. we'll ensure such instances are not repeated in the future. thanks, sia",8.1.3,Snapdeal
ARUN KUMAR KANNOJIYA,Nice,5,0,8.1.9,24-07-2025,Thank you :),8.1.9,Snapdeal
sherali syed,"Saying shipment delivered but not received is this the way to maintain, first order damaged item received second saying delivered, but not received.",1,1,8.2.0,24-07-2025,Hi sherali! i am sorry for the unpleasant experience you’ve been through. kindly share your order details at csmanager@snapdeal.com and i'll help you out. thanks! neha,8.2.0,Snapdeal
kapil sehgal,Good,5,0,8.1.9,24-07-2025,Thank you!,8.1.9,Snapdeal
Kheena Meena,Nice,5,0,Unkown,24-07-2025,Thanks!,Unknown,Snapdeal
Rahul Gorai,"Good , at time , as promised and cost effective. moreover best experience",5,0,8.1.9,24-07-2025,Thanks for your feedback :),8.1.9,Snapdeal
Manisha Bishnoi,The app was very nice.,5,0,8.1.9,24-07-2025,Glad to know that you are happy with our app :),8.1.9,Snapdeal
Arjun Procha,Very nice,5,0,8.1.9,24-07-2025,Thanks!,8.1.9,Snapdeal
Karan Yadav,In this app the online payment not refunded after payment is failed and no any help by costumer care. and my money also not refunded.so i think it's worst app.,1,1,8.2.0,24-07-2025,Hi karan! sincere apologies for the unpleasant experience. i've shared this with my team. we'll connect with you soon regarding this. thanks! neha,8.2.0,Snapdeal
Ankit Bariwa,Yah bahut achcha app hai,5,0,8.1.9,24-07-2025,Dhanyavaad!,8.1.9,Snapdeal
Sanjay Singh rajput Sanjay Singh rajput,Nice,5,0,8.1.9,24-07-2025,Thanks!,8.1.9,Snapdeal
Sahil King,Good deal,5,0,Unkown,24-07-2025,Thanks a lot :-),Unknown,Snapdeal
TOP COMEDY,Very good,5,0,8.1.9,24-07-2025,Thanks a lot :-),8.1.9,Snapdeal
Yogesh Marke,Very nice app,5,0,8.2.0,24-07-2025,Thanks a lot :-),8.2.0,Snapdeal
Saad Ibrahim shamsi,Very best app and good quality,5,0,8.2.0,24-07-2025,Glad to hear from you :),8.2.0,Snapdeal
Monis Rain2816,Good expriance,5,0,8.1.9,24-07-2025,Glad to hear from you :),8.1.9,Snapdeal
Eyanur Khan,Very good apps,5,0,8.2.0,24-07-2025,Thanks a lot :-),8.2.0,Snapdeal
Adishpatir,Very good experience,5,0,8.1.9,24-07-2025,Glad to hear from you :),8.1.9,Snapdeal
Prajwal Khadka,Good,5,0,8.1.9,24-07-2025,Thanks!,8.1.9,Snapdeal
Yash Taggar,Good,5,0,8.1.9,24-07-2025,Thanks!,8.1.9,Snapdeal
Saunak,Worst shopping app ever....i ordered two books worth rs 737 in the first week of june and just before the delivery date the order got canceled and no refund has been initiated to me till this date.....seriously my first impression towards this app is worst then ever and no more trust towards this app....,1,4,8.1.9,24-07-2025,Hi! so sorry for the unpleasant experience. kindly share your order details at csmanager@snapdeal.com and i'll help you out. thanks! aman,8.1.9,Snapdeal
Dr.Sunder Gujjar,Good service free delivery,5,0,8.1.8,24-07-2025,Glad to hear from you :),8.1.8,Snapdeal
Bheemashankar Padanur,It's good slow delivery,4,1,8.1.9,24-07-2025,Hi! sorry to disappoint you. please share your registered contact details at csmanager@snapdeal.com and i'll look into it. thanks! aman,8.1.9,Snapdeal
Raisingh Yadav,Good,5,0,Unkown,24-07-2025,Thank you :-),Unknown,Snapdeal
Ghanshyam Shukla,It's emotion and best price over other love snapdeal,5,0,8.1.9,24-07-2025,Glad to hear from you :),8.1.9,Snapdeal
kismat devipujak,Nice,5,0,8.1.7,24-07-2025,Thanks!,8.1.7,Snapdeal
G Haider,"Why do you collect data and share third parties, do you want to cheet customer, even your delivery boys are cheating, after delivery they call that we won car and one crore money in lucky drow , what is this? solve this problem carefully, many innocent people are looted in this case.",1,1,Unkown,24-07-2025,Hi! sorry to disappoint you. please share your order details at csmanager@snapdeal.com and i'll look into it. thanks! aman,Unknown,Snapdeal
Sohil Ansari,Good,5,0,8.1.9,24-07-2025,Thank you :-),8.1.9,Snapdeal
Gupta Medical,Good,5,0,8.1.9,24-07-2025,Thanks!,8.1.9,Snapdeal
Mohammad Munaf,Nice,5,0,8.1.9,24-07-2025,Thanks!,8.1.9,Snapdeal
Dr.Nirajan Panda,Satisfactory,5,0,8.1.9,23-07-2025,Thanks a lot :-),8.1.9,Snapdeal
Deepu Mehra,Very nice,5,0,8.1.4,23-07-2025,Thanks!,8.1.4,Snapdeal
Ravi Kumar,Snapdeal shoping is good any product shoping no delivery charges any price product easy returns castmar care response 10 mints call back iam happy snapdeal shoping 10 year using thank snapdeal theem,5,0,8.1.9,23-07-2025,Thank you for taking the time to write this review. your kind words encourage us greatly. happy shopping!,8.1.9,Snapdeal
Sandeep Gupta,"I am extremely disappointed with snapdeal's customer service. i placed an order and had to cancel/return it, but even after multiple follow-ups, my refund has not been processe",1,1,8.1.9,23-07-2025,Hi sandeep! so sorry for the unpleasant experience. kindly share your order details at csmanager@snapdeal.com and i'll look into it. thanks! sia,8.1.9,Snapdeal
Gaurav Palghamol,nan,5,0,8.1.9,23-07-2025,Thanks a lot for your rating :),8.1.9,Snapdeal
C A G Murty,Not opening at all. serious problem. my orders are going on getting replicated at the time of making payments and ultimately no idea if my order was successful at all. not able to chat with customised options. talk facility with customer care not available very sorry to record this.,1,3,8.2.0,23-07-2025,Hi! sorry to disappoint you. please share your registered contact details at csmanager@snapdeal.com and i'll look into it. thanks! aman,8.2.0,Snapdeal
Irfaan Sayed,Good,5,0,8.2.0,23-07-2025,Thanks!,8.2.0,Snapdeal
Urvi Barad,Very bad experience i picked up my parcel 1 month ago and i returned on this date but no one came to return parcel,1,1,8.1.9,23-07-2025,Hi! sorry to disappoint you. please share your order details at csmanager@snapdeal.com and i'll look into it. thanks! aman,8.1.9,Snapdeal
Sahil Chauhan,Awesome,5,0,8.2.0,23-07-2025,Thanks a lot :),8.2.0,Snapdeal
Kulwendra Singh Chandrawat,Good product and good services,5,0,8.1.9,23-07-2025,Glad to hear from you :),8.1.9,Snapdeal
Md Faizan,Good app,5,0,8.1.9,23-07-2025,Thanks a lot :),8.1.9,Snapdeal
Param Pathey,"Very bad experience,i cancelled order still delivery person brought and shouted at my home in afternoon time,very bad experience and always size is short don't purchase from snapdeal",1,1,8.2.0,23-07-2025,Hi! sorry to disappoint you. please share your order details at csmanager@snapdeal.com and i'll look into it. thanks! aman,8.2.0,Snapdeal
Vimal Kumar,Good app,5,0,8.1.9,23-07-2025,Thanks a lot :),8.1.9,Snapdeal
ASUTOSH BISWAS,Fast delivery & cheap rate of all products,5,0,8.1.9,23-07-2025,Glad to hear from you :),8.1.9,Snapdeal
Rakesh Kumar,"Easy to use, good discount on prepayment and efficient deivery.thanks",5,1,8.2.0,23-07-2025,Thanks for your feedback :),8.2.0,Snapdeal
Santosh Giri,Very very bad experience,1,1,Unkown,23-07-2025,Hi santosh! sorry to disappoint you. please share your concern at csmanager@snapdeal.com and i'll look into it. thanks! neha,Unknown,Snapdeal
Subhash Marathe,Good,5,0,8.1.9,23-07-2025,Thanks a ton!,8.1.9,Snapdeal
Bhat Bilal,Worst app i have ever used. totally fraud i bought a t-shirt but did not receive the expected one . i requested a refund but was unable to get a response i waited for 6 days and the courier boy didn't come for pickup. i request you to please stay away it's a total waste of money.,1,1,8.1.9,23-07-2025,Hi bilal! sincere apologies for the unpleasant experience. kindly share your order details at csmanager@snapdeal.com and i'll help you out. thanks! neha,8.1.9,Snapdeal
Subham Behera,Badhiya hai,4,0,8.1.9,23-07-2025,Dhanyawad.,8.1.9,Snapdeal
Karan Puri,Nice product and service,5,0,8.1.9,23-07-2025,Thanks for your feedback :),8.1.9,Snapdeal
Avishek Karmakar,Super,5,0,8.1.9,23-07-2025,Thanks!,8.1.9,Snapdeal
Pankaj Kumar,Good,5,0,8.1.9,23-07-2025,Glad to hear from you :),8.1.9,Snapdeal
Farhan Mehdi,This is worst app in online shopping and customer service very poor i order face wash and i received hair oil wrong item worst app in online shopping don't trust,1,1,8.1.9,23-07-2025,Hi farhan! we sincerely regret to know this. i've shared this with my team. we'll connect with you soon regarding this. thanks! sia,8.1.9,Snapdeal
Janvi Golani,Muje mre product ka refund ni mil raha. h already 3 days ho gye koi reply ni d rha h ache se,1,1,8.1.9,23-07-2025,Hi! hamari team ne aapse sampark kiya aur aapko is baare mein update kiya. kirpaya diye gaye samay tak pratiksha karein. dhanyavaad! neha,8.1.9,Snapdeal
nitin nirbhavane,Nice shopping app. time dilivery.,5,0,8.1.9,23-07-2025,Thanks a ton!,8.1.9,Snapdeal
Messy Queen,Osam,5,0,8.1.9,23-07-2025,Thank you :),8.1.9,Snapdeal
Yash Kesarwani,Good,5,0,8.1.9,23-07-2025,Thank you :),8.1.9,Snapdeal
Sundram Jha,Bhaut badhiya apk hai bhai use karo,5,0,8.1.9,23-07-2025,Thank you :),8.1.9,Snapdeal
Boota Singh Singh,Very nice,5,0,8.1.9,23-07-2025,Thanks a lot :-),8.1.9,Snapdeal
Squmen Mailk,,5,0,8.1.9,23-07-2025,Thank you for the rating!,8.1.9,Snapdeal
Suresh M S,I thought the delivery was fast cuaze it showed it will be delivered in 3 days but it been 2 weeks still my order didn't came and the return option is also not showing it saying to wait,2,1,8.1.9,22-07-2025,Hi suresh! so sorry for the unpleasant experience. kindly share your order details at csmanager@snapdeal.com and i'll help you out. thanks! sia,8.1.9,Snapdeal
Hemant Chuadhary,Good experience,5,0,Unkown,22-07-2025,Thanks!,Unknown,Snapdeal
Kunal Tiwari,Very bad app not provided my book this not hindi me magayi thi book english me aa gayi,1,1,8.1.9,22-07-2025,Hi kunal! so sorry for the unpleasant experience. kindly share your order details at csmanager@snapdeal.com and i'll look into it. thanks! avi,8.1.9,Snapdeal
Takashi Mitsuya,Wrost app ever maine ek manga order kari itni ghatiyaa quality bhai yakhh don't buy please,1,1,8.1.9,22-07-2025,Namaste! asuvidha ke liye atyant khed hai. kripya hamein csmanager@snapdeal.com par order details share krein aur hum issey jald se jald solve kar denge. dhanyavaad! sia,8.1.9,Snapdeal
Sangeeta Rai,"Best online shopping app in all way, i am happy to shop through it",5,0,8.1.9,22-07-2025,Thanks a lot :-),8.1.9,Snapdeal
Amrit Mishra,Fantastic app with free delivery,5,0,Unkown,22-07-2025,Thanks a lot :-),Unknown,Snapdeal
HARISH MISHRA,Nice,5,0,8.2.0,22-07-2025,Thank you :),8.2.0,Snapdeal
feroz mfa,Good,5,0,Unkown,22-07-2025,Thank you :),Unknown,Snapdeal
Djbablu Byare,Big scam company don't order,1,1,8.1.1,22-07-2025,"Hi! so sorry for the unpleasant experience. kindly share your exact concern at csmanager@snapdeal.com so that i can help you in a better way. thanks, sia",8.1.1,Snapdeal
Parth Nikure,nan,5,0,Unkown,22-07-2025,Thanks for your encouraging star ratings 🙂,Unknown,Snapdeal
Raghav Gupta,After 10 days my cancelled order bekar hai app don't buy,1,1,Unkown,22-07-2025,Hi raghav! so sorry for the unpleasant experience. kindly share your order details at csmanager@snapdeal.com and i'll look into it. thanks! sia,Unknown,Snapdeal
xman gamer,My order laser light but his review a torch should i buy it or not,4,0,8.1.9,22-07-2025,Hi! so sorry for the unpleasant experience. kindly share your contact details at csmanager@snapdeal.com and we'll get in touch with you to discuss this. thanks! aman,8.1.9,Snapdeal
shivani Jatav,Good,5,0,8.1.9,22-07-2025,Thanks!,8.1.9,Snapdeal
Birender Singh Jasrotia,Product is very good,5,0,8.1.9,22-07-2025,Thank you :),8.1.9,Snapdeal
Pritam *,"We had a tour plan with my friends, so i ordered a pair of shoe and it was showing it will be delivered on 14th july but i didn't get my parcel on that day ... they gave me a 2nd date and the date was 19 july so i waited till 19th july but still i don't get my parcel so i checked snapdeal and went to my order section and it was showing it will delevered on 25th july and at last on 20th july they suddenly send me a message that the can't parcel my order.. like seriously??? i'm done with this app!",1,1,Unkown,22-07-2025,Hi! sorry to disappoint you. please share your order details at csmanager@snapdeal.com and i'll look into it. thanks! aman,Unknown,Snapdeal
Kritika Jeph,Use ful,5,0,8.1.9,22-07-2025,Thanks a lot :),8.1.9,Snapdeal
Rohit Bhuiya,Very good,5,0,8.1.9,22-07-2025,Thank you :),8.1.9,Snapdeal
Mohd Haseen,Lokal saman milta he,1,1,8.1.9,22-07-2025,"Hi! hum aapse aise experience ke liye shama chahte hai. kripya apni order details hamein csmanager@snapdeal.com par email kare taaki hum aapki sahayata kar sake. dhanyavaad, aman",8.1.9,Snapdeal
Dr KALIGENAR KARUNANIDHI TRUST,Great,5,0,Unkown,22-07-2025,Thanks!,Unknown,Snapdeal
FS gaming,Good deals compare to other online shopping apps but some products are clickbait that's why i'm giving 4 stars,4,0,8.1.9,22-07-2025,"Hi! kindly share your exact concern at csmanager@snapdeal.com so that i can help you in a better way. thanks, sia",8.1.9,Snapdeal
Narayan Agnihotri,Good,5,0,8.1.9,22-07-2025,Thank you :),8.1.9,Snapdeal
Ismail Mohammed,I am very happy with snapdeal shopping,5,0,8.1.7,22-07-2025,Glad to hear from you :),8.1.7,Snapdeal
Purushottam Kumthekar.,Delivers orders ontime every time.fairly wide range of goods available,5,0,8.1.9,22-07-2025,Glad to hear from you :),8.1.9,Snapdeal
mahendra kumar prajapati,Nice product and good quality happy.....,4,0,8.2.0,22-07-2025,Glad to hear from you :),8.2.0,Snapdeal
manosmita sahoo,Products are descent with reasonable price,4,0,8.1.9,22-07-2025,Glad to hear from you :),8.1.9,Snapdeal
Shivansh Singh,Budget friendly with upto date fashion ....love it,5,0,Unkown,22-07-2025,Glad to hear from you :),Unknown,Snapdeal
Aryan Jung,Very very good,5,0,Unkown,22-07-2025,Thanks a lot :-),Unknown,Snapdeal
Joy's World,"Best delivery experience ever i got. also add more products such as germants, electronics, mobile accessories.",5,0,8.1.9,22-07-2025,Hi! thanks for your valuable feedback. i'll share it with the team & we'll surely look into it. you can also write to us at csmanager@snapdeal.com. regards! avi,8.1.9,Snapdeal
Kavita Rajput,Excellent,5,0,8.1.9,22-07-2025,Thank you :-),8.1.9,Snapdeal
Dr Sunder Singh,Good,5,0,8.1.9,22-07-2025,Thank you :-),8.1.9,Snapdeal
Hitesh Rawat,This is the worst app. it is written that 7 days easy return is fine till here but what is the meaning of instant refund when it takes 7 to 8 business days to refund this was very disappointing. don't shop from this poor app. flipkart or amazon are much better. it may cost 10-20 rupees more but the service is good. their app is rotten and useless.,1,1,8.1.9,22-07-2025,Hi hitesh! so sorry for the unpleasant experience. kindly share your order details at csmanager@snapdeal.com and i'll look into it. thanks! avi,8.1.9,Snapdeal
Avinash Rawat,Bohut hi bekar aap h . problem solve nhi hoti h . pese return nhi milte or koi customer service bhi nhi h,1,1,8.1.9,22-07-2025,"Hi! hum aapse aise experience ke liye shama chahte hai. kripya apni order details hamein csmanager@snapdeal.com par email kare taaki hum aapki sahayata kar sake. dhanyavaad, aman",8.1.9,Snapdeal
Vandana Tanna,Received wrong item and now not even return it because they want a pic of the product which cannot upload on return page of app,2,0,8.1.9,21-07-2025,Hi vandana! so sorry for the unpleasant experience. kindly share your order details at csmanager@snapdeal.com and i'll look into it. thanks! avi,8.1.9,Snapdeal
Umashankar Soni,Thanks... best price.. every,5,0,8.1.9,21-07-2025,Thank you :-),8.1.9,Snapdeal
Jaleswer Sound system,Nice product,5,0,8.1.9,21-07-2025,Glad to hear from you :),8.1.9,Snapdeal
Nitesh Sharma,Good shopping app,5,0,8.1.9,21-07-2025,Glad to know that you are happy with our app :),8.1.9,Snapdeal
Dev Tiger,Good,5,0,Unkown,21-07-2025,Thanks a ton!,Unknown,Snapdeal
Raja Raja,Item waste no use,1,1,8.1.9,21-07-2025,Hi! sorry to disappoint you. please elaborate your concern along with your contact number at csmanager@snapdeal.com and i'll look into it. thanks! neha,8.1.9,Snapdeal
Shanti Marmoo,Excellent,5,0,8.1.9,21-07-2025,Thank you!,8.1.9,Snapdeal
harish devrari,Nice,5,0,Unkown,21-07-2025,Thanks!,Unknown,Snapdeal
Dilman Sangma,Good shopping apps i really love to shopping through this apps.,5,0,8.1.9,21-07-2025,Glad to hear from you :),8.1.9,Snapdeal
mohd Hashim,شکرا جزیلا,5,0,Unkown,21-07-2025,Thanks a lot for your rating :),Unknown,Snapdeal
killer prince,This snapdeal app is very helpful for me. in this app all products are in minimum price & good quality. i ordered my product on 15 july and i find my order so fast after a day. really this app work very first and their products are best quality.,5,2,8.1.9,21-07-2025,Thank you for taking the time to write this review. your kind words encourage us greatly. happy shopping!,8.1.9,Snapdeal
Anita Mitra,I found bestest product ever in this app,5,0,8.1.9,21-07-2025,Thank you :),8.1.9,Snapdeal
Sukuna Kaisen,Good,5,0,Unkown,21-07-2025,Thanks!,Unknown,Snapdeal
Shailesh Yaduvanshi (Shailu),Very good very good experience,5,0,8.1.9,21-07-2025,Thanks a lot :-),8.1.9,Snapdeal
Sudhir Acharya,Excellent .,5,0,8.1.9,21-07-2025,Thank you :-),8.1.9,Snapdeal
News Rajasthan,Good,4,0,8.1.9,21-07-2025,Thank you :-),8.1.9,Snapdeal
Ramswaroop Joshi,Nice,5,0,8.1.9,21-07-2025,Thanks!,8.1.9,Snapdeal
Md Tarjan shah,Superb,5,0,8.1.9,21-07-2025,Thanks a lot :),8.1.9,Snapdeal
Muzamil Meer,"This app functions fine as an e-commerce platform, but the amount of personal data it collects and shares is excessive and deeply concerning. from exact location to installed apps, contacts, voice recordings, and even sharing this data with third-party companies — it feels more like a surveillance tool than a shopping app. ""this app doesn’t sell just products — it sells your data too. from tracking your exact location to stealing contacts, audio, and even sharing it all with third parties",1,7,8.1.9,21-07-2025,"Hi! we apologize for the disappointment. kindly share your contact details at csmanager@snapdeal.com and we will help you in the best possible manner. thanks, aman",8.1.9,Snapdeal
Pradeep Singh,Axelent,5,0,8.1.8,21-07-2025,Thanks a ton!,8.1.8,Snapdeal
Chandani Singh,Excellent,5,0,8.1.9,21-07-2025,Thanks a lot :),8.1.9,Snapdeal
Bk BkDj,ओक्,5,0,Unkown,21-07-2025,आपकी उत्साहजनक स्टार रेटिंग के लिए धन्यवाद 🙂,Unknown,Snapdeal
Lovelesh Kumar,Good apps,5,0,Unkown,21-07-2025,Glad to know that you are happy with our app :),Unknown,Snapdeal
Sridhar G,Stuck on the first opening screen,3,0,8.1.9,21-07-2025,"Thanks sridhar for reporting this! please whatsapp/dial on 8373902464 or email us at csmanager@snapdeal.com so that we completely understand & close the gap. thanks again, dev!",8.1.9,Snapdeal
Raj Bala,I like the delivery and product quality,5,0,Unkown,21-07-2025,Thanks a ton!,Unknown,Snapdeal
Mukesh Agrawal,Very bad experience i ordered analog men watch first delivery date was 14 jul then they changed the date to 18 jul now it's showing the delivery date is 25 jul very poor service from my side minus - 5 star,1,1,8.1.9,21-07-2025,Hi mukesh! so sorry for the unpleasant experience. kindly share your order details at csmanager@snapdeal.com and i'll look into it. thanks! sia,8.1.9,Snapdeal
Monika Thakur,बहुत अच्छा लगा आप को जानकर बहुत खुशी हुई,5,0,Unkown,21-07-2025,धन्यवाद!,Unknown,Snapdeal
roki bhai bombe,This app is fraud don't try to place an order if product defective then money loss,1,1,Unkown,20-07-2025,Hi! so sorry for the unpleasant experience. kindly share your order details at csmanager@snapdeal.com and i'll look into it. thanks! sia,Unknown,Snapdeal
Aftab kng,Very good app for shopping.,5,0,8.1.9,20-07-2025,Thanks a lot :-),8.1.9,Snapdeal
Syed Ushaq,It's great shopping,5,0,Unkown,20-07-2025,Thank you :),Unknown,Snapdeal
Rajesh yadav,Best,5,0,8.1.9,20-07-2025,Thanks!,8.1.9,Snapdeal
Gulab Deen,Very nice,5,0,8.1.9,20-07-2025,Thanks a lot :),8.1.9,Snapdeal
Heera Tuniyal,Besst delivery good furdekt,5,0,8.1.9,20-07-2025,Glad to hear from you :),8.1.9,Snapdeal
Sanjay Singh,Veryyy nicee app,5,0,8.1.9,20-07-2025,Thanks a ton :),8.1.9,Snapdeal
Mohammed Nayeem,Good quality,5,0,8.1.9,20-07-2025,Thanks a lot :-),8.1.9,Snapdeal
Ragini Yadav,Nice,5,0,8.1.9,20-07-2025,Thanks!,8.1.9,Snapdeal
Gaurav Tapre,Fake dealership maine jitne bhi product mangwa hai vah sare ke sare fake nikle... na acche quality aaye na achcha brand ka kapda aaya... jaisa aap dekhte ho use kahin alag kapde woh log bhejte he ... lekin wese aate nhi .. samjh jaao meri comment padh ke .... ye srif lutne ke liye baite he,5,0,8.1.9,20-07-2025,Namaste gaurav! asuvidha ke liye atyant khed hai. kripya hamein csmanager@snapdeal.com par order details share krein aur hum issey jald se jald solve kar denge. dhanyavaad! sia,8.1.9,Snapdeal
Vineet Sharma,Very nice,5,0,Unkown,20-07-2025,Thank you :),Unknown,Snapdeal
BHARAT SODHA BHARAT SODHA,Nice app,5,0,Unkown,20-07-2025,Thanks!,Unknown,Snapdeal
IKRAMUL Ansari,Good,5,0,8.1.9,20-07-2025,Thanks!,8.1.9,Snapdeal
Karan Singh,Get very expensive stuff,1,0,8.1.9,20-07-2025,Hi karan! so sorry that you did not like our prices. we would like to tell you that we work hard to make good products available at great cost. hope you will join us soon. thanks! sia,8.1.9,Snapdeal
Gopal Chauhan,Refund papas nahi kiya h abhi tak 11 din ho gaye,1,0,8.1.9,20-07-2025,Hi gopal! asuvidha ke liye maffi chahenge. humne apke liye ek call ki vyavastha ki hai. hum jaldi apse sampark karenge. kripya wait kare. thanks! sia,8.1.9,Snapdeal
Abhimanyu Jaiswal,Nice,5,0,8.1.9,20-07-2025,Thanks!,8.1.9,Snapdeal
Ajay Jain,"One of the good sites to find a variety of products...inexpensive and easy returns,.customer care is very helpful.",5,0,8.1.9,20-07-2025,Thank you for taking the time to write this review. your kind words encourage us greatly. happy shopping!,8.1.9,Snapdeal
JAGADISH,Good option for shopping,5,0,8.1.9,20-07-2025,Glad to hear from you :),8.1.9,Snapdeal
rajendra prasad,Excellent,5,0,Unkown,20-07-2025,Thanks a lot :),Unknown,Snapdeal
manisha Rana,Snapdeal use to be better app. but these days they have become very unprofessional. i order things from the website. but it's never delivered to my address.,1,0,8.1.9,20-07-2025,Hi! sorry to disappoint you. please share your order details at csmanager@snapdeal.com and i'll look into it. thanks! aman,8.1.9,Snapdeal
Arbaz Khan,Ok,1,0,8.1.9,20-07-2025,Hi! we are here to help. please share your concern along with you contact details at csmanager@snapdeal.com and i'll look into it. thanks! aman,8.1.9,Snapdeal
Ayan Khan,Nice,5,0,8.1.9,20-07-2025,Thanks!,8.1.9,Snapdeal
Atul Yadav,Superb qulity and smooth,5,0,8.1.9,20-07-2025,Glad to hear from you :),8.1.9,Snapdeal
Sonu Sihag,Snapdeal ne mere 489 kha liye maine smartwatch order ki thi snapdeal ne mujhe defective parshal de diya or ab return ke liye mna kar rhe h,1,0,Unkown,20-07-2025,"Hi! hum aapse aise experience ke liye shama chahte hai. kripya apni order details hamein csmanager@snapdeal.com par email kare taaki hum aapki sahayata kar sake. dhanyavaad, aman",Unknown,Snapdeal
Ashish Jadhav,Awesome,5,0,8.1.9,20-07-2025,Thanks a lot :),8.1.9,Snapdeal
RADHE SHYAM,Best deal snap deal,5,0,Unkown,20-07-2025,Glad to hear from you :),Unknown,Snapdeal
Prakash Tiyu,Good,5,0,8.0.8,20-07-2025,Thanks!,8.0.8,Snapdeal
suhas vasave,Good,5,0,8.1.9,20-07-2025,Thanks!,8.1.9,Snapdeal
Govind Singh,Mahnga bahut hai,1,0,7.5.5,20-07-2025,Namaste! hum maafi chaahenge ki aapko hamare prices pasand nahi aaye. hum aapko batana chahenge ki hum kadi mehant karte hai best quality products boht kam daam mein uplabdh karane ke liye. aasha karte hai ki aap humse jald judenge. dhanyawaad! aman,7.5.5,Snapdeal
Syed Nisar,Nice,5,0,8.2.0,20-07-2025,Thanks!,8.2.0,Snapdeal
Ashutosh Bhatt,Average,1,0,Unkown,20-07-2025,Hi! sorry to disappoint you. please share your exact issue along with contact details at csmanager@snapdeal.com and we'll connect with you. thanks! aman,Unknown,Snapdeal
Shashi Bhushan,I have order raincoat 2 peice l size order give me wrong xxxl size given to me when i complaint than costmer care tell me not returned why shame full,1,0,8.0.4,20-07-2025,Hi! so sorry for the unpleasant experience. kindly share your order details at csmanager@snapdeal.com and i'll help you out. thanks! aman,8.0.4,Snapdeal
Kids Poem,"Very bad app, no return, and very bad service, zero star , totally frod and scammer app,very bad experience and service, please go to amazon and flipkart,",1,1,8.1.9,20-07-2025,Hi! so sorry for the unpleasant experience. kindly share your order details at csmanager@snapdeal.com and i'll look into it. thanks! aman,8.1.9,Snapdeal
Vijay Hatchery,"I have ordered arctic fox drawstring bags those are delivered in time and have liked them it useful to carry small daily use items spectacles googles key bunches, tiffin 1 liter water bottle. its good to carry one short 1 jean pant and two t-shirt for short trips. i loved the product it's fabric material is waterproof and to sone extent dust proof. i placed one more order to my brother he carried to abroad it was useful during his trip.",5,1,8.1.9,19-07-2025,Hi vijay! love it when you are happy with us. this shall continue forever. thanks! avi,8.1.9,Snapdeal
SANDEEP TANWAR,Loved the hassle-free experience and got products in good condition and on time.,5,0,8.1.9,19-07-2025,Thank you :-),8.1.9,Snapdeal
"VIII C, Roll no.43, Vasant Parab",This app is fake ab tak refund nahi diya hai,1,0,Unkown,19-07-2025,Namaste! asuvidha ke liye atyant khed hai. kripya hamein apni order details csmanager@snapdeal.com par share karein taaki ham jald se jald aap ki madad kar payein. dhanyavaad! neha,Unknown,Snapdeal
Simran Samar,Very good app in india,5,0,Unkown,19-07-2025,Glad to know that you are happy with our app :),Unknown,Snapdeal
Paras Vyas,"The snapdeal online app is no any good food providing, it sale expire out dated food product selling and not response for replacement the expiry products still i comtact customer service also and the food i ordered is spoilted and germsful !",1,0,8.1.9,19-07-2025,Hi paras! sincere apologies for the unpleasant experience. kindly share your order details at csmanager@snapdeal.com and i'll help you out. thanks! neha,8.1.9,Snapdeal
Bakin Bakery_n_Cafe,Good app,5,0,8.1.9,19-07-2025,Glad to know that you are happy with our app :),8.1.9,Snapdeal
Princy Kapoor,"Worst app ever don't download it guys, if you found any product cheaper here than any website or app then don't make a purchase it would surely be a defective or different product.",1,1,8.1.9,19-07-2025,Hi princy! i am sorry for the unpleasant experience you’ve been through. kindly share your contact details at csmanager@snapdeal.com and i'll help you out. thanks! neha,8.1.9,Snapdeal
sunil balothiya,Good,5,0,8.1.9,19-07-2025,Thanks!,8.1.9,Snapdeal
NAVEEN D,Snapdeal అన్ని డూప్లికేట్ ఐటమ్స్ పాయింట్లు మరియు షర్ట్స్ ఒక్క ఉతుకు కి పొట్టిగా అయిపోతాయి ఏదైనా ఐటం ఆర్డర్ పెట్టుకుంటే కస్టమర్ కేర్ నెంబర్ కలవదు ఒక దిక్కుమాలిన నెంబర్ ఉంది కానీ ఆ నెంబర్ కి కాల్ చేస్తే స్నాప్డీల్ ఆప్ డౌన్లోడ్ చేసుకొ అని చెప్పి కాల్ కట్ అవుతుంది కస్టమర్ కేర్ అస్సలు కలదు డెలివరీ ఎప్పుడు వస్తుంది ఏదైనా ఇన్ఫర్మేషన్ ఏమీ తెలియదు,1,0,Unkown,19-07-2025,Hi naveen! sincere apologies for the unpleasant experience. kindly share your order details at csmanager@snapdeal.com and i'll help you out. thanks! neha,Unknown,Snapdeal
Vikash Saini studio,Good experience,5,0,Unkown,19-07-2025,Thank you!,Unknown,Snapdeal
Priyam Panwar,Really too good,5,0,8.1.9,19-07-2025,Thank you!,8.1.9,Snapdeal
ayushi honey,Highly recommend,4,0,Unkown,19-07-2025,Thanks a ton!,Unknown,Snapdeal
Parvez Khan,Good,5,0,8.1.9,19-07-2025,Thanks a ton!,8.1.9,Snapdeal
Satish Kushwaha,Excellent,5,0,8.1.9,19-07-2025,Glad to hear from you :),8.1.9,Snapdeal
Mukesh Kumar,Saravis not on time,1,0,8.1.9,19-07-2025,Hi mukesh! sorry to disappoint you. please elaborate your concern along with your contact number at csmanager@snapdeal.com and i'll look into it. thanks! neha,8.1.9,Snapdeal
PREM SHANKAR MEGHWAL,Exilant,5,0,8.1.8,19-07-2025,Thanks!,8.1.8,Snapdeal
sunil lakra,Good.....,5,0,8.1.9,19-07-2025,Thanks a ton!,8.1.9,Snapdeal
Rupesh Maraskolhe,Good,4,0,8.1.9,19-07-2025,Thanks a ton!,8.1.9,Snapdeal
Chandrakanta Jangid,Best service and price according best product,5,0,8.1.9,19-07-2025,Thank you for taking the time to write this review. your kind words encourage us greatly. happy shopping!,8.1.9,Snapdeal
Imran Khan,Best price,5,0,8.1.9,19-07-2025,Thanks!,8.1.9,Snapdeal
parag jadhav,The experience is too good and happy with the product selection and delivery process.,4,0,8.1.9,19-07-2025,Thank you for taking the time to write this review. your kind words encourage us greatly. happy shopping!,8.1.9,Snapdeal
Aditi Khare,Best experience,5,0,8.1.9,19-07-2025,Thank you :),8.1.9,Snapdeal
Javed Saifi,Good,5,0,8.1.9,19-07-2025,Thanks!,8.1.9,Snapdeal
jagsir 23pur,Best app and fast delivery,5,0,8.1.9,19-07-2025,Thanks a lot :-),8.1.9,Snapdeal
Manoj Kumar Yadav,Very good,5,0,8.1.9,19-07-2025,Thanks!,8.1.9,Snapdeal
Jagdish Rathava,Very good sarvice.,5,0,8.1.9,19-07-2025,Thank you :),8.1.9,Snapdeal
Shashank Mehta,Good,5,0,8.1.9,19-07-2025,Thank you :),8.1.9,Snapdeal
tousif malik786,Ok,5,0,8.0.3,19-07-2025,Thanks for your encouraging star ratings 🙂,8.0.3,Snapdeal
Swapnali Bhagat,Snapdeal is among the worst apps. not responding when it comes to refunds or returns.don't by anything from snap deal . the service is completely terrible.,1,0,8.1.9,19-07-2025,Hi swapnali! so sorry to disappoint you. we've arranged a call for you. we'll be connecting with you at the earliest. thanks! sia,8.1.9,Snapdeal
Anuj Gautam,Super,5,0,8.1.9,19-07-2025,Thanks!,8.1.9,Snapdeal
Manejar Ray,Bahut acha,5,0,8.1.9,19-07-2025,Thanks!,8.1.9,Snapdeal
hiphop girl sanjana,Easy and smooth process,5,0,Unkown,19-07-2025,Thanks a lot :-),Unknown,Snapdeal
Ramji Chaturvedi,Very good,5,0,8.1.9,19-07-2025,Thanks a lot :-),8.1.9,Snapdeal
Chaitali Halder,Good,5,0,8.1.9,19-07-2025,Thanks!,8.1.9,Snapdeal
ROYAL TECH IMO,Good,5,0,8.1.9,19-07-2025,Thanks!,8.1.9,Snapdeal
Raji Vinaychandran,Nice experience,5,0,8.1.9,19-07-2025,Glad to hear from you :),8.1.9,Snapdeal
Sudhir Yadav,Good,5,0,8.1.9,19-07-2025,Thank you :-),8.1.9,Snapdeal
Maniruddin Maniruddin,Best,5,0,8.1.9,19-07-2025,Thank you :-),8.1.9,Snapdeal
Pulak Roy,Just ok,3,0,6.4.9,19-07-2025,Hi pulak! facing any issue? kindly share your exact concern at csmanager@snapdeal.com so that i can help you in a better way. thanks! avi,6.4.9,Snapdeal
Guddu Bhai,Very nice sir,5,0,8.1.9,19-07-2025,Thanks!,8.1.9,Snapdeal
Sagar thakor Thakor,Good,5,0,8.1.9,19-07-2025,Thanks!,8.1.9,Snapdeal
Santosh Kumar,Very bad sarvice oodar not delivered,2,0,7.3.9,19-07-2025,Hi santosh! so sorry for the unpleasant experience. kindly share your order details at csmanager@snapdeal.com and i'll look into it. thanks! sia,7.3.9,Snapdeal
Jaya Dhivya,Very nice,5,0,8.1.9,19-07-2025,Thank you :),8.1.9,Snapdeal
shankarasharma r,App not working,1,0,8.1.9,18-07-2025,"Thanks shankara for reporting this! please whatsapp/dial on 8373902464 or email us at csmanager@snapdeal.com so that we completely understand & close the gap. thanks again, dev!",8.1.9,Snapdeal
Shailesh Wagh,Good,5,0,8.1.9,18-07-2025,Thanks!,8.1.9,Snapdeal
deepak attal,nan,5,0,8.1.9,18-07-2025,Thanks for your encouraging star ratings 🙂,8.1.9,Snapdeal
Bhupendra Singh,Very nice,5,0,8.1.9,18-07-2025,Thanks a lot :),8.1.9,Snapdeal
Yeh Mera INDIA,More important than all other apps that snapdeal delivery is free on all products all over india. even amazon also collects charges on delivery. i love snapdeal.,5,0,8.1.9,18-07-2025,Thank you for taking the time to write this review. your kind words encourage us greatly. happy shopping!,8.1.9,Snapdeal
sumit kumar,Good,5,0,8.1.9,18-07-2025,Thanks!,8.1.9,Snapdeal
Sameera Rizvi,I love snapdeal,5,0,8.1.9,18-07-2025,Glad to hear from you :),8.1.9,Snapdeal
KISHORE K,Great app all items of indian and international at this shopping app wonderful.,5,0,8.1.9,18-07-2025,Thank you for taking the time to write this review. your kind words encourage us greatly. happy shopping!,8.1.9,Snapdeal
Subham Kumar,Very poor customer service,1,0,Unkown,18-07-2025,Hi! sorry to disappoint you. please share your exact issue along with contact details at csmanager@snapdeal.com and we'll connect with you. thanks! aman,Unknown,Snapdeal
Sir Akshay Pal,Ok,5,0,8.1.9,18-07-2025,Thanks a lot for your rating :),8.1.9,Snapdeal
HR THIMMARAJ,Worst item delivery. don't trust this site.,1,0,Unkown,18-07-2025,Hi! so sorry for the unpleasant experience. kindly share your order details at csmanager@snapdeal.com and i'll look into it. thanks! avi,Unknown,Snapdeal
Kimchingnem Kholhou,It was so good and helpful,5,0,8.1.9,18-07-2025,Thank you :-),8.1.9,Snapdeal
Ratan Hj,Nice,5,0,8.1.9,18-07-2025,Thanks!,8.1.9,Snapdeal
Dalchand Kushwaha,Very good dilhevary exprians,5,0,8.1.9,18-07-2025,Thank you :-),8.1.9,Snapdeal
Rinki Verma,Very nice watch ⌚,5,0,8.1.9,18-07-2025,Thanks!,8.1.9,Snapdeal
Rahul Singh,Thankyou snapdeal,5,0,8.1.9,18-07-2025,Thanks a lot for your rating :),8.1.9,Snapdeal
DrShashikant Patel,Happy with the customer care solve every type of problems either non returnable.,5,0,Unkown,18-07-2025,Thank you for your positive feedback :),Unknown,Snapdeal
Sukhwinder Singh 26,Good product,5,0,8.1.9,18-07-2025,Glad to hear from you :),8.1.9,Snapdeal
Maniram Swamireddy,Nice,5,0,8.1.9,18-07-2025,Thank you!,8.1.9,Snapdeal
Madhusudan Purohit,Dood,5,0,8.1.9,18-07-2025,No Reply,8.1.9,Snapdeal
Pandit Ji,Very better experience,5,0,8.1.9,18-07-2025,Thanks a ton!,8.1.9,Snapdeal
Ullas Angadi,Best app,5,0,8.1.9,18-07-2025,Glad to know that you are happy with our app :),8.1.9,Snapdeal
RENJITH KRISHNAN,Excellent,5,0,8.1.9,18-07-2025,Thanks a lot :-),8.1.9,Snapdeal
Swarna Laxmi PANIGRAHI,"My order got cancelled on it's own and i didn't even receive any refund! when i tried contacting an agent, i just got an automated call. this is a proper scam now!!",1,1,8.1.9,18-07-2025,Hi! so sorry for the unpleasant experience. kindly share your order details at csmanager@snapdeal.com and i'll look into it. thanks! aman,8.1.9,Snapdeal
Madhura Nene,Very nice,5,0,8.1.9,18-07-2025,Thanks a lot :-),8.1.9,Snapdeal
Sagar Chauhan,Better and fully setsfide,5,0,8.1.9,18-07-2025,Glad to hear from you :),8.1.9,Snapdeal
Laxman Bhambhani,Ghatiya app agr apko apne paise barbard karne hain toh aap is app se shopping kare jb aap product return karoge toh aapko bola jaega apke bank details provide nh aap bank details denge bolege woh galat hain fir aap bolege wallet me refund kar dijiye bolege ok fir aapko bolege nh woh nh ho sakta aap detail dijiye bank ki fir aap detail denge fir aapko bola jaega detail galat in short aapka paisa kabhi refund nh kiya jaega,1,0,8.1.9,18-07-2025,"Hi! hum aapse aise experience ke liye shama chahte hai. kripya apni order details hamein csmanager@snapdeal.com par email kare taaki hum aapki sahayata kar sake. dhanyavaad, aman",8.1.9,Snapdeal
Sandip CHAUAHAN,Nice,5,0,Unkown,18-07-2025,Thanks!,Unknown,Snapdeal
alisha ansari,Very nice shoes,5,0,8.1.9,18-07-2025,Thanks a ton!,8.1.9,Snapdeal
sisodiya G,Sabse bekar app he koi bhi shopping na kre .,1,0,8.1.9,18-07-2025,"Hi sisodiya! asuvidha ke liye hame khed hai. kripya csmanager@snapdeal.com par apna concern vistarporvak batayen, taki ham apki behtar tareeke se sahayta kar saken. dhanyavaad! neha",8.1.9,Snapdeal
Rajan R,Achha hai,3,0,8.1.9,18-07-2025,"Namaste rajan! yadi aapko app pasand hai, to kya aap hamen aur star de sakte hain? dhanyavaad! neha",8.1.9,Snapdeal
kunjan,Bad experience time west 7day return policy but product return nahin hotaa . product return ho gaya to fir payment delay ho jayega 1 month ya 2 month bad experience bad experience,1,0,8.1.9,18-07-2025,"Hi kunjan! regret the experience you've had. however, our team got in touch with you and updated you on this. as discussed, kindly wait till the requested time. thanks! neha",8.1.9,Snapdeal
eknath Suryavanshi2018,We got a brilliant service provided by the snap deal.....,5,0,Unkown,18-07-2025,Thank you so much for the awesome feedback.,Unknown,Snapdeal
Shameem Siddiqui,Good,4,0,8.1.9,18-07-2025,Thank you!,8.1.9,Snapdeal
NARENDRA SINGH,Good app,5,0,Unkown,18-07-2025,Glad to know that you are happy with our app :),Unknown,Snapdeal
Arvind Kumar,Good products,5,0,Unkown,18-07-2025,Thanks a ton!,Unknown,Snapdeal
Kiswajit Baro,Nice,3,0,8.1.9,18-07-2025,"Hi kiswajit! if you like the app, could you please give us more stars? thanks! neha",8.1.9,Snapdeal
SANDEEP KUMAR,Very good quality,5,0,8.1.9,18-07-2025,Thank you!,8.1.9,Snapdeal
Balbir Rajoria,Bad i didn't get my parcel,1,0,8.1.9,18-07-2025,Hi balbir! sorry to disappoint you. kindly share your order details at csmanager@snapdeal.com and i'll help you out. thanks! neha,8.1.9,Snapdeal
Pushkar Kulkarni,Good app.,5,0,8.1.9,18-07-2025,Thanks a lot :),8.1.9,Snapdeal
Divya Rani,Ekdam ghatiya aap ha mera order deliver hua v nhi na call aaya na kuch or likhta ha attempt unsuccessful ma 1 week se customer care pe complain kar karke thak chuki hu kuch bhi nhi hota ha . mat lena yaha se ekdam bekar ha ekdam ghatiya,1,0,Unkown,18-07-2025,"Hi! hum aapse aise experience ke liye shama chahte hai. kripya apni order details hamein csmanager@snapdeal.com par email kare taaki hum aapki sahayata kar sake. dhanyavaad, aman",Unknown,Snapdeal
Sumit Saini,Chinese item frode company,1,0,Unkown,18-07-2025,Hi! sorry to disappoint you. please elaborate your concern along with your contact number at csmanager@snapdeal.com and i'll look into it. thanks! neha,Unknown,Snapdeal
Raj Rathore,"I had placed an order from the snapdeal app and for some reason i want to refund the order, but it has been 5 days and there is still no update regarding the refund. i am not getting any help from customer care either. it is a useless app.",1,1,8.1.9,18-07-2025,Hi raj! sincere apologies for the unpleasant experience. kindly share your order details at csmanager@snapdeal.com and i'll help you out. thanks! neha,8.1.9,Snapdeal
Salman Momin,Good shopping app he,5,0,8.1.9,18-07-2025,Glad to know that you are happy with our app :),8.1.9,Snapdeal
K SELVAM,Very nice and good easy punching please try it,5,0,8.1.9,18-07-2025,Glad to hear from you :),8.1.9,Snapdeal
Sharmeen Dadwani,Fake app don't buy anything from here,1,1,8.1.9,18-07-2025,Hi sharmeen! sorry to disappoint you. please share your concern at csmanager@snapdeal.com and i'll look into it. thanks! neha,8.1.9,Snapdeal
BIRESH POLAI,Indias number one heavy discount authentic fast and secure online shopping app forever,5,0,8.1.9,17-07-2025,Glad to hear from you :),8.1.9,Snapdeal
Arvind Lohakare,Best shoping app who gave us better service and beautiful best quality products,5,0,8.1.9,17-07-2025,Glad to hear from you :),8.1.9,Snapdeal
Amreen Malik,Coustomer support not responding when product is defective no coustomer support very bad app please don't download this app,1,1,8.1.9,17-07-2025,Hi! sincere apologies for the unpleasant experience. kindly share your order details at csmanager@snapdeal.com and i'll help you out. thanks! neha,8.1.9,Snapdeal
Raj Kumar,Very good,5,0,8.1.9,17-07-2025,Thank you!,8.1.9,Snapdeal
Harpreet Harpreet singh,Bast shopping aap,5,0,8.1.9,17-07-2025,Glad to know that you are happy with our app :),8.1.9,Snapdeal
Om Patidar,Good shopping app,4,0,8.1.8,17-07-2025,Glad to know that you are happy with our app :),8.1.8,Snapdeal
SOFI BILAL,Nice product,5,0,8.1.9,17-07-2025,Thanks a lot :),8.1.9,Snapdeal
vikram mondal,I like it..,5,0,8.1.9,17-07-2025,Thanks a lot :-),8.1.9,Snapdeal
SHWETA RAI,Excellent experience,5,0,8.1.9,17-07-2025,Thanks a lot :-),8.1.9,Snapdeal
Deepanshu Dhakar,Best deal,5,0,8.1.9,17-07-2025,Thanks a lot :-),8.1.9,Snapdeal
Surajit Mondal,Good shopping app.,5,0,8.1.9,17-07-2025,Glad to hear from you :),8.1.9,Snapdeal
Amol Kothawade,Nice product,5,0,8.1.9,17-07-2025,Thanks a lot :),8.1.9,Snapdeal
Yogesh Koyande,All ok app nice to use,4,0,8.1.9,17-07-2025,Glad to hear from you :),8.1.9,Snapdeal
Anjali Rawat,Abhi tak kae sabhi product bhot hi behtareen product hai,5,0,8.1.9,17-07-2025,Aapke bahumulay feedback ke liye dhanyavaad.,8.1.9,Snapdeal
S K CATERERS,Good,5,0,8.1.9,17-07-2025,Thanks!,8.1.9,Snapdeal
shivanya dharne,Good,4,0,8.1.9,17-07-2025,Thanks!,8.1.9,Snapdeal
Shyam Baba,Delivery executive experience very ved delivery boy not delivery to order time pe,1,0,8.1.9,17-07-2025,Hi shyam! sorry to disappoint you. kindly share your order details at csmanager@snapdeal.com and i'll help you out. thanks! neha,8.1.9,Snapdeal
Nanda Kumar K,Bad experience. two years ago i ordered an item .repeatedly they supplied bad/defective item. finally as a senior citizen i was fed up. stopped buying from this app,1,0,7.7.3,17-07-2025,Hi! sorry to disappoint you. please share your registered contact details at csmanager@snapdeal.com and i'll look into it. thanks! aman,7.7.3,Snapdeal
gurmeet Kaur,Good experienced,5,0,8.1.9,17-07-2025,Thank you :-),8.1.9,Snapdeal
Muthu Kumaran,Good,5,0,Unkown,17-07-2025,Thank you :-),Unknown,Snapdeal
Bilchera Sangma,Good,5,0,8.1.9,17-07-2025,Thank you :-),8.1.9,Snapdeal
VL Hrahsel,Good,5,0,8.1.9,17-07-2025,Thank you :-),8.1.9,Snapdeal
Om Gupta,Amezing and good work,5,0,8.1.9,17-07-2025,Thanks a ton!,8.1.9,Snapdeal
Abhayjeet Singh,Best app,4,0,8.1.9,17-07-2025,Glad to know that you are happy with our app :),8.1.9,Snapdeal
Zakir Hussain,Excellent,5,0,8.1.9,17-07-2025,Thanks a lot :-),8.1.9,Snapdeal
vijay sharma,Wow,5,0,8.1.9,17-07-2025,Thanks!,8.1.9,Snapdeal
Sudesh Sharma,Good experience and good quality best app,5,0,8.1.9,17-07-2025,Thanks for your feedback :),8.1.9,Snapdeal
ramjan Mamani,Ur product is very best and safe and secure online markets,5,0,8.1.9,17-07-2025,Thanks a ton!,8.1.9,Snapdeal
Sushma Devi,Excellent,5,0,8.1.9,17-07-2025,Thanks for your feedback :),8.1.9,Snapdeal
LALARAM CHAUHAN,Nice snapdeal,5,0,8.1.9,17-07-2025,Thanks a ton!,8.1.9,Snapdeal
Saddam Mudagal,Good,5,0,8.1.9,17-07-2025,Thanks!,8.1.9,Snapdeal
Mitali Chakrabarty,Good,5,0,8.1.9,17-07-2025,Thanks a lot :-),8.1.9,Snapdeal
NEELU NEELU MK,Good,5,0,8.1.9,17-07-2025,Thanks a ton!,8.1.9,Snapdeal
Maheshbhaskar Mahesh,One of the best delivery app recent time & very helpful for online parcheing app .,5,2,8.1.9,17-07-2025,Thanks for your feedback :),8.1.9,Snapdeal
Pathan Mohammad,Mere pin code per delivery nahin ho rahi hai,1,0,8.1.9,17-07-2025,"Nmaste mohammad! hum aapki niraasha ko samajhtey hai. kisi place par service ki uplabdhata kuch factors par nirbhar karti hai jaise ki product ka prakaar, courier service ka coverage, aur sambandhit seller ki policies. thanks! neha",8.1.9,Snapdeal
avinash yadav,"This is the most useless app. no matter how many times i have ordered from it, all have been wrong and i have not got a refund even once till now.",1,0,8.1.9,17-07-2025,Hi! so sorry for the unpleasant experience. kindly share your order details at csmanager@snapdeal.com and i'll look into it. thanks! avi,8.1.9,Snapdeal
Adarsh Gupta,I ordered the product and it cancel 2 times than i delet this appp worse appp,2,0,8.1.9,17-07-2025,Hi adarsh! so sorry for the unpleasant experience. kindly share your order details at csmanager@snapdeal.com and i'll look into it. thanks! avi,8.1.9,Snapdeal
Suswati Mandal,Book quality is really good ...,5,0,8.1.9,16-07-2025,Thank you!,8.1.9,Snapdeal
MOHIT KUMAR,"Product are just ok but the biggest problem comes when you try to return the product, most of the time they will never pick your products and there is no customer care services available.",2,0,8.1.7,16-07-2025,Hi! sorry to disappoint you. please share your order details at csmanager@snapdeal.com and i'll look into it. thanks! aman,8.1.7,Snapdeal
Ruby Gupta,Intna bekar app sab kuch tota puta bejta ha or vapas be nhi karta,1,0,8.1.9,16-07-2025,"Hi! hum aapse aise experience ke liye shama chahte hai. kripya apni order details hamein csmanager@snapdeal.com par email kare taaki hum aapki sahayata kar sake. dhanyavaad, aman",8.1.9,Snapdeal
Padma Priya.v,Nice quality and best delivery and super budget,5,0,Unkown,16-07-2025,Glad to hear from you :),Unknown,Snapdeal
Aslam Khan,Super,5,0,8.1.5,16-07-2025,Thanks!,8.1.5,Snapdeal
Avdhesh Kumar Maurya,Good,5,0,8.1.9,16-07-2025,Thank you!,8.1.9,Snapdeal
Sairendri Nayak,Snap deal app is so good jaisa image main dekhte hai waisa hi same to same received hota hai maine buy kiya hai i ordered green kurti with pant i received the same product so that i will give 5stqr aise hi hamesha delver krna hai snap deal,5,0,8.1.9,16-07-2025,Aapke bahumulay feedback ke liye dhanyavaad.,8.1.9,Snapdeal
Vicky Mehta,Good product,5,0,8.1.9,16-07-2025,Thanks a ton!,8.1.9,Snapdeal
Sagar Joshi,Bahut badiya app hee and good product,5,0,8.1.7,16-07-2025,Dhanyawad.,8.1.7,Snapdeal
VINODKUMAR VINOD,"What you are showing is very bad. you gave me the wrong delivery and i can't connect you to the agent...you delivered a product to my address that i did not order.so i'm canceling all your orders.,,,,,,you gave me an item i didn't order.you tricked me by giving me something i didn't order.,so i am canceling the ordered items.i ordered exactly what i was buying, but you tricked me once.you haven't called me in so many days.",1,1,8.1.9,16-07-2025,Hi viod! sorry to disappoint you. kindly share your order details at csmanager@snapdeal.com and i'll help you out. thanks! neha,8.1.9,Snapdeal
Salma Taj,The kurti set was normal ok ok ... the app ok we will to the app,4,0,8.1.9,16-07-2025,Thanks!,8.1.9,Snapdeal
SHAIK VASIM AKRAM,Worst app report on this app i ordered a product but they send me totally different product now they are denied to take returt because of different product.,1,0,8.1.9,16-07-2025,Hi vasim! sincere apologies for the unpleasant experience. i've shared this with my team. we'll connect with you soon regarding this. thanks! neha,8.1.9,Snapdeal
Mohammed Ashfaque,Good,5,0,8.0.7,16-07-2025,Thank you!,8.0.7,Snapdeal
Manav Digital Studio Rohtak,Best app best support,5,0,8.1.9,16-07-2025,Glad to hear from you :),8.1.9,Snapdeal
Dharender Chand,Good,5,0,8.1.9,16-07-2025,Thanks a lot :-),8.1.9,Snapdeal
Sona Roy,Very good,5,0,8.1.9,16-07-2025,Thanks for your feedback :),8.1.9,Snapdeal
Farhat Shaikh,Very very good,5,0,8.1.9,16-07-2025,Thanks a ton!,8.1.9,Snapdeal
swaroop singh,Sales fake product,1,0,8.1.9,16-07-2025,Hi swaroop! i've shared this with my team. our team will get in touch with you soon regarding this. request you to please wait. thanks! neha,8.1.9,Snapdeal
ritu awasthi,Good,5,0,8.1.8,16-07-2025,Thank you!,8.1.8,Snapdeal
Mohit Meena,Good,5,0,Unkown,16-07-2025,Thanks!,Unknown,Snapdeal
raj kushwaha,Very nice,5,0,8.1.9,16-07-2025,Thanks a lot :),8.1.9,Snapdeal
Udit narayan,This app is amazing and the suitable price,5,0,8.1.9,16-07-2025,Thank you for taking the time to write this review. your kind words encourage us greatly. happy shopping!,8.1.9,Snapdeal
Shaikh Imran,Excellent,5,0,8.1.9,16-07-2025,Thanks a lot :),8.1.9,Snapdeal
Er. Subhash kumar,Very bad service. i ordered two t shirts but received only one. return requested but it's showing return request under review. pathetic,1,0,8.1.9,16-07-2025,Hi subhash! so sorry for the unpleasant experience. kindly share your order details at csmanager@snapdeal.com and i'll look into it. thanks! sia,8.1.9,Snapdeal
Md Ahtesam,Nice app,5,0,8.1.9,16-07-2025,Thanks a lot :),8.1.9,Snapdeal
RAJ S,Good app for daily use items,5,0,8.1.9,16-07-2025,Thanks a lot :-),8.1.9,Snapdeal
Arjith,Ultimate experience,5,0,8.1.9,16-07-2025,Thanks a lot :),8.1.9,Snapdeal
Nikhil Louis,Product defeated,1,0,Unkown,16-07-2025,Hi nikhil! so sorry to disappoint you. we've arranged a call for you. we'll be connecting with you at the earliest. thanks! sia,Unknown,Snapdeal
mukesh ray,Good,5,0,8.1.9,16-07-2025,Thanks!,8.1.9,Snapdeal
Nitin Sinha,Good,5,0,8.1.9,16-07-2025,Thanks!,8.1.9,Snapdeal
Deva Khairnar,Quality 1 no,4,0,8.1.9,16-07-2025,Thank you :),8.1.9,Snapdeal
ishwar kamble,Very good best,4,0,Unkown,16-07-2025,Thank you :),Unknown,Snapdeal
Vidhya Mohan,Quality product good experience and offers so nice i am happy i am shopping in 3 years to snapdeal.,5,1,8.1.8,16-07-2025,Thank you for taking the time to write this review. your kind words encourage us greatly. happy shopping!,8.1.8,Snapdeal
Sameer Khan,Suppar,5,0,8.1.3,16-07-2025,Thanks a lot :),8.1.3,Snapdeal
Rahul Barui,Is good application,4,0,8.1.9,16-07-2025,Thanks!,8.1.9,Snapdeal
Rohan Kushwaha,Very expensive offers and not valuable gifts and poor deals pls don't go with this app,1,0,8.1.9,15-07-2025,Hi! we regret that you didn't like our prices. we would like to inform you that we strive hard to make sure that our customers get the best quality products at low prices. we hope to see you shopping soon :) thanks! aman,8.1.9,Snapdeal
LAKHAN KUMAR SHARMA,Very good product,4,0,8.1.8,15-07-2025,Thanks!,8.1.8,Snapdeal
Satish Sinha,Very nice,5,0,8.1.9,15-07-2025,Thanks!,8.1.9,Snapdeal
Md Alam,Akshay product,5,0,8.1.7,15-07-2025,Thanks for your encouraging star ratings 🙂,8.1.7,Snapdeal
neha khan,Always on time and product are awesome,5,0,8.1.9,15-07-2025,Glad to hear from you :),8.1.9,Snapdeal
Phuchung Bhutia,Very good,5,0,8.1.9,15-07-2025,Thanks a lot :),8.1.9,Snapdeal
Piyush Soni,Very good,4,0,8.1.9,15-07-2025,Thanks a lot :),8.1.9,Snapdeal
Ankit agrawal,Snapdeal bekaar hai kharab product bhejne ke baad return nahi karte hai snapdeal se shopping na kare paise ki barbadi hai return policy wala product ko bhi return nahi hai lete expiry medicine bhej diya aur return nahi le rahe hai paise waste ho gaya shopping na kare snapdeal se jago grahak jago,1,0,8.1.9,15-07-2025,"Hi! hum aapse aise experience ke liye shama chahte hai. kripya apni order details hamein csmanager@snapdeal.com par email kare taaki hum aapki sahayata kar sake. dhanyavaad, aman",8.1.9,Snapdeal
Smiley Gupta,Best delivery product,5,0,8.1.9,15-07-2025,Glad to hear from you :),8.1.9,Snapdeal
Prem Sahoo,Very good app,5,0,8.1.9,15-07-2025,Glad to know that you are happy with our app :),8.1.9,Snapdeal
faizal Shaikh,Nice,5,0,8.1.9,15-07-2025,Thank you!,8.1.9,Snapdeal
OM Singh,Best app for shopping,5,0,Unkown,15-07-2025,Glad to know that you are happy with our app :),Unknown,Snapdeal
Sajid Mf,"Brother, not even a single order is delivered on time. their promises are always false. last time the promise was of 10 days for the delivery date. brother, we do not even receive a call from their agent. on the contrary, we call their agent after 22 days. he is coming to deliver it.. i have just ordered a bluetooth and it has not arrived yet, the last date was 15th and today it is 15th .... such a time wasting app",1,0,Unkown,15-07-2025,Hi sajid! sincere apologies for the unpleasant experience. kindly share your order details at csmanager@snapdeal.com and i'll help you out. thanks! neha,Unknown,Snapdeal
Sukumar Shaw,Best product and quality service unbearable,5,0,8.1.9,15-07-2025,Hi sukumar! we are here to help you. please share your concern at csmanager@snapdeal.com and i'll look into it. thanks! neha,8.1.9,Snapdeal
Tamim Malek,Best deal,5,0,8.1.9,15-07-2025,Thanks a lot :-),8.1.9,Snapdeal
Aman Sen,Good,5,0,8.1.9,15-07-2025,Thanks!,8.1.9,Snapdeal
Pravin Raghuvanshi,Bahut achcha,5,0,8.1.9,15-07-2025,Dhanyawad.,8.1.9,Snapdeal
Asad Asgar Ali Karvekar,Good mashallah bohot accha he snapdeal,5,0,8.1.9,15-07-2025,Aapke bahumulay feedback ke liye dhanyavaad.,8.1.9,Snapdeal
Fanindra Sharma,Good,5,0,8.1.9,15-07-2025,Thanks!,8.1.9,Snapdeal
Kundan Dalei,Wishlist system is worst than ever,2,0,8.1.9,15-07-2025,Hi kundan! it's our sincere endeavour to give you a great shopping experience. let us know specific details of what is bothering you at csmanager@snapdeal.com. we'll have this checked immediately. thanks! – neha,8.1.9,Snapdeal
Mayur Sondhrva,Good product,5,0,8.1.9,15-07-2025,Thank you :),8.1.9,Snapdeal
MAYA PAWAR,Excellent,5,0,8.1.9,15-07-2025,Thank you :),8.1.9,Snapdeal
Waseem Khan,Best delivery app,5,0,8.1.9,15-07-2025,Thanks!,8.1.9,Snapdeal
Rohan Agarwal,Nice,5,0,8.1.8,15-07-2025,Thank you :),8.1.8,Snapdeal
Aditya Kumawat,Worst product ever and i am not able to change the email which is already added by my previous mobile number holder.,1,0,Unkown,15-07-2025,Hi aditya! so sorry for the unpleasant experience. kindly share your contact details at csmanager@snapdeal.com and i'll look into it. thanks! sia,Unknown,Snapdeal
Lalita Bariya_balas,Nice product,5,0,8.1.3,15-07-2025,Thank you :),8.1.3,Snapdeal
Ranju Kumari singh,Very nice your app,5,0,8.1.8,15-07-2025,Thanks a lot :-),8.1.8,Snapdeal
varatharajan m,Good morning low speed,3,0,Unkown,15-07-2025,Hi varatharajan! sorry to disappoint you. please share your concern at csmanager@snapdeal.com and i'll look into it. thanks! neha,Unknown,Snapdeal
Gitesh bishnoi,In my opinion is app is worst because when i'm placed the order the order was duplicate as well as in worst condition. i think i have lost my money in this app.,1,0,8.1.9,15-07-2025,Hi gitesh! i am sorry for the unpleasant experience you’ve been through. kindly share your order details at csmanager@snapdeal.com and i'll help you out. thanks! neha,8.1.9,Snapdeal
Salma Dildar,nan,5,0,Unkown,15-07-2025,Thank you for the rating!,Unknown,Snapdeal
SHARP,Worst app late in everything,1,0,8.1.9,15-07-2025,Hi niresh! sorry to disappoint you. please share your concern at csmanager@snapdeal.com and i'll look into it. thanks! neha,8.1.9,Snapdeal
Archit Diwakar,Good me,5,0,8.1.9,15-07-2025,Thank you!,8.1.9,Snapdeal
Sudip Roy,"Scammer seller and scammer company. don't buy from this site, they sell local(china) product on higher price. the description of product on site and the product customer receive are mostly different. and their customer care service sucks.",1,0,Unkown,15-07-2025,Hi! sincere apologies for the unpleasant experience. kindly share your order details at csmanager@snapdeal.com and i'll help you out. thanks! neha,Unknown,Snapdeal
Lovely Dhanish,Nice,5,0,Unkown,14-07-2025,Thanks!,Unknown,Snapdeal
srini vasan,"Lam one book order and send another book e,g. iam order choota bheem book and coming book issue doora buji book",1,0,8.1.9,14-07-2025,Hi srini! so sorry for the unpleasant experience. kindly share your order details at csmanager@snapdeal.com and i'll look into it. thanks! avi,8.1.9,Snapdeal
Vinay Ojha,"We bought a kurti from snapdeal which did not fit. it has been two weeks since we returned it but we have not got our money back. it is a very fraudulent site. do not shop from this site.my money has not been returned yet, i got a mail from the company, even after sending the order report the money is not being returned, it is a very fraudulent company",1,1,8.1.9,14-07-2025,Hi vinay! so sorry for the unpleasant experience. kindly share your order details at csmanager@snapdeal.com and i'll look into it. thanks! avi,8.1.9,Snapdeal
Aman Ahmad (Ansari),Bakwas nikala sir,1,0,8.1.9,14-07-2025,Namaste aman! asuvidha ke liye atyant khed hai. kripya hamein csmanager@snapdeal.com par order details share krein aur hum issey jald se jald solve kar denge. dhanyavaad! sia,8.1.9,Snapdeal
Mamad lahka,Beautiful osm app,5,0,8.1.9,14-07-2025,Thank you :),8.1.9,Snapdeal
Pulak Roy,Thank you,5,0,8.1.9,14-07-2025,Thanks for your encouraging star ratings 🙂,8.1.9,Snapdeal
Mahira Sekh,Nice,5,0,8.1.9,14-07-2025,Thanks!,8.1.9,Snapdeal
Sujita Yadav,Superb,5,0,8.1.9,14-07-2025,Thanks!,8.1.9,Snapdeal
Kuldeep Sharma,Fruad aap ha ja delivery time extra charge lata ha ja ap pay on delivery 150 ha to jb delvery ho ga 50 extra lata ha,1,0,8.1.9,14-07-2025,Namaste kuldeep! asuvidha ke liye atyant khed hai. kripya hamein csmanager@snapdeal.com par order details share krein aur hum issey jald se jald solve kar denge. dhanyavaad! sia,8.1.9,Snapdeal
Amrut S,This app for purchase best product,5,0,8.1.9,14-07-2025,Thanks a lot :-),8.1.9,Snapdeal
Radhika Saran,Nice prodect,5,0,8.1.9,14-07-2025,Thank you :),8.1.9,Snapdeal
Dharampal Verma,"भाइयों मैंने इस कंपनी से लैपटॉप मंगवाया था 43,380rs. रूपए का । बॉक्स ओपन करके चेक किया तो चालू ही नहीं हुआ , अब रिफंड के लिए रोज दिन में 50 बार कॉल मैसेज करता हूं 3 महीने हो गए। ये फ्रोड कंपनी है, इस से दूर रहना",1,0,8.1.9,14-07-2025,नमस्ते धर्मपाल! आपको हुई असुविधा के लिए हम आपसे क्षमा चाहते है। कृपया आप अपनी ऑर्डर डिटेल्स को csmanager@snapdeal.comपर शेयर करे ताकि हम आपकी मदद कर सकें। धन्यवाद! अवि,8.1.9,Snapdeal
Arsh Mulatni,Good product,5,0,8.1.7,14-07-2025,Thank you :-),8.1.7,Snapdeal
Jay Parmar,Sopinge bast app for snapdeal thank you snapdeal time pe oder,5,0,8.1.9,14-07-2025,Thank you :-),8.1.9,Snapdeal
Pravin Dabhi,Good,5,0,8.1.9,14-07-2025,Thank you :-),8.1.9,Snapdeal
k dsouza,This is a fraudulent app. if you return the product. don't get refund.,1,0,Unkown,14-07-2025,Hi! so sorry for the unpleasant experience. kindly share your order details at csmanager@snapdeal.com and i'll look into it. thanks! avi,Unknown,Snapdeal
Muskan Jai tomar,"Very nice app good products, services and rate",5,0,8.1.9,14-07-2025,Thanks a ton!,8.1.9,Snapdeal
Rohit Chaufatka wala,Kabhi bhi snapdeal ko download mat karna is aap se main underwear order kiya tha or order main cheap quality bhejne baad bolte hai ki product return nhi hoga. agar aapko kuch product parchesh karna ho toh koi app use kar lena is app ko use mat karna kyuki ye mere sath hua hai.,1,0,8.1.9,14-07-2025,"Hi! asuvidha ke liye maffi chahenge. kripya hamein csmanager@snapdeal.com par order details share krein taki hum aapki madad kar sake. thanks, aman",8.1.9,Snapdeal
Surendra Chary Pabboju,Products are well and good service ...just care packing well ...and neet ...,5,0,Unkown,14-07-2025,Thank you for taking the time to write this review. your kind words encourage us greatly. happy shopping!,Unknown,Snapdeal
SANJAY MAIYAD,Very very ceap app,1,0,8.1.9,14-07-2025,Hi! sorry to disappoint you. please share your exact issue along with contact details at csmanager@snapdeal.com and we'll connect with you. thanks! aman,8.1.9,Snapdeal
Ravi Kumar,Very good aap,5,0,8.1.9,14-07-2025,Glad to hear from you :),8.1.9,Snapdeal
Sunil Kumar,Good,5,0,8.1.9,14-07-2025,Thanks!,8.1.9,Snapdeal
Srividya,समान महंगा है इसलिए हम लोग,3,0,Unkown,14-07-2025,"नमस्ते हरिश्चंद्र! हम माफ़ी चाहेंगे की आपको हमारे प्राइस पसंद नहीं आये। हम आपको बताना चाहेंगे की हम कड़ी मेहनत करते है अच्छे प्रोडक्ट्स बहुत ही कम दाम में उपलब्ध कराने के लिए, आशा करते है की आप हमसे जल्द जुड़ेंगे। धन्यवाद! सिया",Unknown,Snapdeal
Ankit Kumar,Very bad service,1,0,8.1.8,14-07-2025,Hi ankit! so sorry for the unpleasant experience. kindly share your contact details at csmanager@snapdeal.com and we'll get in touch with you to discuss this. thanks! sia,8.1.8,Snapdeal
Rama Ghosh,Evening is ok thank you,5,0,8.1.9,14-07-2025,Thanks for your encouraging star ratings 🙂,8.1.9,Snapdeal
Sameer Siddiqui,Very good service and best deal,5,0,8.1.8,14-07-2025,Thank you :),8.1.8,Snapdeal
advocate.gireeshsingh Hada,Good,5,0,8.1.9,14-07-2025,Thank you :),8.1.9,Snapdeal
Jugal,"Nice website , good products listed",5,0,Unkown,14-07-2025,Thank you :),Unknown,Snapdeal
Yogita Kumari,Nice app,5,0,8.1.9,14-07-2025,Thanks!,8.1.9,Snapdeal
Arif Hassan,Worst app delivery boy has been delivery since 3 days he didn't pickup my call still and customers care don't reply my issue don't use snapdeal,1,0,Unkown,14-07-2025,Hi arif! so sorry for the unpleasant experience. kindly share your order details at csmanager@snapdeal.com and i'll look into it. thanks! sia,Unknown,Snapdeal
mayank singh,Very slow refund process ...poor,1,0,Unkown,14-07-2025,Hi mayank! so sorry to disappoint you. we've arranged a call for you. we'll be connecting with you at the earliest. thanks! sia,Unknown,Snapdeal
Drx. Subash Gupta,"Items quality is good , but the delivery is not done on time, doing very irritet",1,0,8.1.8,14-07-2025,Hi subash! so sorry for the unpleasant experience. kindly share your order details at csmanager@snapdeal.com and i'll look into it. thanks! sia,8.1.8,Snapdeal
Suneel Kumar,Very good,5,0,8.1.9,14-07-2025,Thank you :),8.1.9,Snapdeal
Sanjay Bahety,"Takes order but don't deliver... aukaat nhi hai bechne ki, toh order lete kyu ho? and by the way... there's no customer care... they actually don't care.",1,0,8.1.9,14-07-2025,Hi sanjay! so sorry for the unpleasant experience. kindly share your order details at csmanager@snapdeal.com and i'll look into it. thanks! sia,8.1.9,Snapdeal
Ravi Jain,Good,5,0,8.1.9,14-07-2025,Thanks,8.1.9,Snapdeal
Srividhya Balaji,"Good quality product, easy returns and prompt refund.",5,0,8.1.9,13-07-2025,Glad to hear from you :),8.1.9,Snapdeal
Piyush Magar,Not delivering product in 2/3 days,1,0,8.1.9,13-07-2025,Hi piyush! so sorry for the unpleasant experience. kindly share your order details at csmanager@snapdeal.com and i'll look into it. thanks! avi,8.1.9,Snapdeal
Muskan Salmani,Product bhout acha hai delivery fast thi quality mast hai etc,5,0,8.1.9,13-07-2025,Dhanyavaad!,8.1.9,Snapdeal
Pradip kumar Ghosh,Very good.,5,0,8.1.9,13-07-2025,Thank you :-),8.1.9,Snapdeal
Arnav Poddar,"The prices are great but the review system of product is worst, images does not upload at all, we cannot change our review. so trusting whether the seller or product is right is difficult. also the reloading of app is annoying. it's good that it doesn't charge any fees on order currently unlike amazon or flipkart",3,9,8.1.9,13-07-2025,Hi arnav! so sorry for the unpleasant experience. kindly share your order details at csmanager@snapdeal.com and i'll look into it. thanks! avi,8.1.9,Snapdeal
Shaikahemad,Snapdeal nice,5,0,8.1.9,13-07-2025,Thanks!,8.1.9,Snapdeal
Saravanan T,Best online shopping app,5,0,8.1.9,13-07-2025,Thank you for your positive feedback :),8.1.9,Snapdeal
Raj Febin,Very good experience better than amazon,5,0,8.1.9,13-07-2025,Thank you :-),8.1.9,Snapdeal
Manjeet Pareek,Good,5,0,8.1.9,13-07-2025,Thank you :-),8.1.9,Snapdeal
S K Sharma,"Cannot write the grievance. ordered for 100 strips, but received only 25.",3,0,8.1.9,13-07-2025,Hi! sincere apologies for the unpleasant experience. kindly share your order details at csmanager@snapdeal.com and i'll help you out. thanks! neha,8.1.9,Snapdeal
Devika Chaudhari,"Snapdeal has become my go-to app for affordable shopping. the user interface is clean and easy to use, and i love how quickly i can find what i need. prices are very competitive, and the deals and discounts are a big plus! delivery has been timely for most of my orders, and the packaging is always secure.",5,0,8.1.9,13-07-2025,Thank you so much for the awesome feedback.,8.1.9,Snapdeal
pawan vishwakarma,Best,5,0,8.1.9,13-07-2025,Thank you!,8.1.9,Snapdeal
Priyanshu Yadav,Mera return nhi ho raha,1,0,8.1.9,13-07-2025,"Namaste! hamne aapke case ko forward kar diya hai. kripya thoda samay dein, hum aapse jald he contact karenge. thanks! neha",8.1.9,Snapdeal
prasant palbabu,"First loading, good deals always and with bob card it's bale bale ho jaega.",5,0,8.1.9,13-07-2025,Thank you for your positive feedback :),8.1.9,Snapdeal
Rama Krishna,Very good,5,0,8.1.9,13-07-2025,Thank you :-),8.1.9,Snapdeal
venice venice,Non sense app home screen wait time too long,1,0,Unkown,13-07-2025,Hi! so sorry for the unpleasant experience. kindly share your contact details at csmanager@snapdeal.com and i'll look into it. thanks! avi,Unknown,Snapdeal
Darshan R Bagade,It's pretty good!!,5,0,Unkown,13-07-2025,Thank you :-),Unknown,Snapdeal
Amrit Kumar,Good,5,0,8.1.9,13-07-2025,Thank you :-),8.1.9,Snapdeal
SANTHOSH NAIR,Good,5,0,Unkown,13-07-2025,Thank you :-),Unknown,Snapdeal
Gopal Yadav,Very good,5,0,8.1.8,13-07-2025,Thank you :-),8.1.8,Snapdeal
Mr. tamilan,nan,4,0,8.1.9,13-07-2025,Thanks a lot for your rating :),8.1.9,Snapdeal
SRI SUNKARA,Good service,5,0,8.1.9,13-07-2025,Thank you :-),8.1.9,Snapdeal
As As,Good,5,0,8.1.9,13-07-2025,Thanks a ton!,8.1.9,Snapdeal
Bhupendra Singh,I feel best your snapdeel,5,0,8.1.9,13-07-2025,Glad to hear from you :),8.1.9,Snapdeal
Raistar,Very good app. i like it,5,0,Unkown,13-07-2025,Glad to know that you are happy with our app :),Unknown,Snapdeal
Afsana Kerur,Good app,5,0,8.1.9,13-07-2025,Glad to know that you are happy with our app :),8.1.9,Snapdeal
Chetan Gupta Arman Gupta,Ghatiya. bhot ghatiya. dry fruits bol kr sakkar bhar ke bhej rahe hai 250 pav sakkar bhar ke bhej diye sabut ke sat return kiya tab bhi bol rahe hai. plus second parsal manga ke chek bhi kraya tab bhi. kuchh retailer ke karan snap deal ka naam damage ho raha hai. company ko dhyan dene ki jarurat hai. service achhi hai.kyu ki feedback ke liye tak cal aaya. lekin jo galat product bhej rahe ho unhe band krne ki jarurat hai. na ki jisne oder kiya use.,1,0,Unkown,13-07-2025,Hi chetan! sincere apologies for the unpleasant experience. i've shared this with my team. we'll connect with you soon regarding this. thanks! neha,Unknown,Snapdeal
KM Singh,Excellent,5,0,8.1.9,13-07-2025,Thanks a lot :-),8.1.9,Snapdeal
Shyam Ji Tiwari,It's working very nice provide good customer service,5,0,Unkown,13-07-2025,Thanks for your feedback :),Unknown,Snapdeal
MD.J ANSARI,Best snapdeal my life,5,0,7.7.9,13-07-2025,Thanks a ton!,7.7.9,Snapdeal
VR MEWATI MUSIC,Good,5,0,Unkown,13-07-2025,Thanks!,Unknown,Snapdeal
A Google user,Useful,2,0,7.5.7,13-07-2025,"Hi! if you like the app, could you please give us more stars? thanks! neha",7.5.7,Snapdeal
Long Koisontsalam,Great shopping in snapdeal thank you snapdeal,5,0,Unkown,13-07-2025,Glad to know that you are happy with our app :),Unknown,Snapdeal
Vishal Vishal,Bad experience,1,0,Unkown,13-07-2025,Hi vishal! sorry to disappoint you. please elaborate your concern along with your contact number at csmanager@snapdeal.com and i'll look into it. thanks! neha,Unknown,Snapdeal
Biswabandita Mishra,nan,3,0,8.1.9,13-07-2025,"Hi biswabandita! if you like the app, could you please give us more stars? thanks! neha",8.1.9,Snapdeal
Pinal Shah,"As a 14-year-old student, i ordered a book worth ₹250 from snapdeal. the listing lacked proper reviews and quality assurance. i had to cancel the order due to doubts about its authenticity. thankfully, i received a refund. this experience has made me cautious. i now prefer trusted platforms like flipkart and amazon for reliable service and genuine products.",1,0,8.1.9,13-07-2025,Hi! sincere apologies for the unpleasant experience. kindly share your order details at csmanager@snapdeal.com and i'll help you out. thanks! neha,8.1.9,Snapdeal
Prashant Chaturvedi (The Dadu),"I've ordered 2 pairs of football shoes and trying to track the order but the app is not opening. only ""bharat ka swag"" msg is flashing continuously since yesterday. before this it never happened and got the orders timely and perfectly.",4,1,8.1.9,12-07-2025,Hi! sorry to disappoint you. please share your order details at csmanager@snapdeal.com and i'll look into it. thanks! aman,8.1.9,Snapdeal
sheela ksheela,"Terrible experience from the start. i still haven’t received my refund even after 2 months of waiting. the app has no proper customer support, no working contact details, and the chatbox is completely useless. i’ve tried to reach out multiple times, but there has been no response at all. this has been a frustrating and disappointing experience. i wouldn't recommend this app to anyone based on how poorly they handle refunds and support.",1,518,8.1.9,12-07-2025,Hi! sorry to disappoint you. please share your order details at csmanager@snapdeal.com and i'll look into it. thanks! aman,8.1.9,Snapdeal
KANTHA RAJU (HG),This snapdeal app is very worst app... i request plz don't us this app ... i will book itam automatically cancel after 4 to 5 days .... plz not us no 1 worst app... ****plz use amazon and flipkart all details available this app **** .snapdeal good bye i will uninstall plz don't instal this app only time weste app...,1,0,8.1.8,12-07-2025,Hi! sorry to disappoint you. please share your order details at csmanager@snapdeal.com and i'll look into it. thanks! aman,8.1.8,Snapdeal
Sandhya Jaiswal,Snap deal is best app for shopping clothes are very good quailty,5,0,8.1.7,12-07-2025,Glad to know that you are happy with our app :),8.1.7,Snapdeal
Povamu Vasa,It was just awesome,4,0,Unkown,12-07-2025,Thanks a lot :-),Unknown,Snapdeal
Ankita Subedi,Very good,5,0,8.1.9,12-07-2025,Thanks a lot :),8.1.9,Snapdeal
Nikhil Chouhan,It's fantastic,5,0,8.1.9,12-07-2025,Thanks a lot :),8.1.9,Snapdeal
Sakib Baba,Best shoping app,5,0,8.1.9,12-07-2025,Glad to know that you are happy with our app :),8.1.9,Snapdeal
Ajay Sharma,Good experience,5,0,8.1.7,12-07-2025,Thanks a lot :),8.1.7,Snapdeal
Pradeep Roj,Sabase gatiya,1,0,8.1.9,12-07-2025,Namaste! asuvidha ke liye atyant khed hai. kripya hamein csmanager@snapdeal.com par apna exact issue aur registered contact details share krein taki hum apki sahayata kar sakein. dhanyavaad! aman,8.1.9,Snapdeal
Swati Gupta,Nice app,5,0,8.1.9,12-07-2025,Thanks a lot :),8.1.9,Snapdeal
Manik Adhikari,Nice,5,0,8.1.9,12-07-2025,Thanks!,8.1.9,Snapdeal
Dynamic Aadi,Really it is a worst shoping app which i ever seen. here you get duplicate item and fraud sellers who sell their products and you even not get refund. you just do replacement. and even in replacement you get a product which get work for 10 days after that the replacement option disabled on the product. and their customer care calls you and ask for 5 star rating. totally waste of time and money.,1,0,Unkown,12-07-2025,Hi! sorry to disappoint you. please share your order details at csmanager@snapdeal.com and i'll look into it. thanks! aman,Unknown,Snapdeal
Appu,Very nice,5,0,8.1.8,12-07-2025,Thanks a lot :),8.1.8,Snapdeal
Shireen Sayed,I was sent the wrong face wash product which is not refundable.but was assured it will be.its been a while nd there is no revert from the agent.totally irresponsible attitude.can i expect some clarity??!!,3,0,8.1.9,12-07-2025,Hi! sorry to disappoint you. please share your order details at csmanager@snapdeal.com and i'll look into it. thanks! aman,8.1.9,Snapdeal
Harpreet Singh,Very good,5,0,Unkown,12-07-2025,Thanks a lot :-),Unknown,Snapdeal
Ran_shu 19,It's a good online shopping app,5,0,8.1.9,12-07-2025,Glad to know that you are happy with our app :),8.1.9,Snapdeal
moin ansari,Thanks for snapdeal for all percels and thankyou so much full security or fully original product,5,0,8.1.9,12-07-2025,Thank you for taking the time to write this review. your kind words encourage us greatly. happy shopping!,8.1.9,Snapdeal
Ashwini,Very good,5,0,8.1.7,12-07-2025,Thanks a lot :-),8.1.7,Snapdeal
Parth Puspkar,Good product selling selers,5,0,8.1.8,12-07-2025,Glad to hear from you :),8.1.8,Snapdeal
Hemraj Meena,Good,5,0,8.1.9,12-07-2025,Thanks!,8.1.9,Snapdeal
Suman Kumari,Nice quality thanks snapdeal,5,0,8.1.9,12-07-2025,Glad to hear from you :),8.1.9,Snapdeal
DALAL SAHAB,Orders cancelled on their own and intimidated on the 4th day. upon that they do not have a customer care number.,2,0,8.1.9,12-07-2025,Hi! sorry to disappoint you. please share your order details at csmanager@snapdeal.com and i'll look into it. thanks! aman,8.1.9,Snapdeal
Ajitha Pradeep,Good,5,0,Unkown,12-07-2025,Thanks!,Unknown,Snapdeal
hyy Ravi,Nice,5,0,8.1.9,12-07-2025,Thanks!,8.1.9,Snapdeal
Ravish Kumar,Good deal,5,0,8.1.9,12-07-2025,Thanks!,8.1.9,Snapdeal
Nayan Raj,Best app,5,0,Unkown,12-07-2025,Thanks a lot :),Unknown,Snapdeal
praveenryali,Worst delivery it takes almost 2 weeks still not delivered,1,0,8.1.9,12-07-2025,Hi! so sorry for the unpleasant experience. kindly share your order details at csmanager@snapdeal.com and i'll look into it. thanks! sia,8.1.9,Snapdeal
Pankaj Yadav,"I ordered a book urgently needed for my exam, but snapdeal auto-cancelled it without my request. delivery was attempted at the wrong location, i got no call or update, and now i'm told to wait 7–10 days for a refund. no help from support despite multiple requests. very disappointing experience. if i don't get a solution soon, i’ll keep updating this review.",1,9,8.1.9,12-07-2025,Hi! sorry to disappoint you. please share your order details at csmanager@snapdeal.com and i'll look into it. thanks! aman,8.1.9,Snapdeal
Nancy Sahu,Cheee!! mtt lo yaha se kuchh bhi,1,0,8.1.9,12-07-2025,"Hi nancy! kya aapko snapdeal ke taraf se koi asuvidha ho rahi hain? kripya csmanager@snapdeal.com par apna concern humare sath share krein taki hum aapki madad kar sake. thanks, sia",8.1.9,Snapdeal
Julie Bagga,It was been great experience n i love shopping on snapdael,5,0,8.1.9,12-07-2025,Glad to hear from you :),8.1.9,Snapdeal
Amit Kumar Saha,Good,5,0,8.1.9,12-07-2025,Thanks!,8.1.9,Snapdeal
Chetan Panwar,Great app with great deals,5,0,8.1.9,12-07-2025,Glad to know that you are happy with our app :),8.1.9,Snapdeal
Deepak Sharma Parashar,Snapdeal ek ghatiya kisma ki co. h jo customer se cheating karti h inke suppliers footpath type materials uthakar bhej deti h aur return karne k naam se customer service wale customer ko pareshan karte hain snapboat jo ek customer care service h baar baar ek he complaint tick karne ko likhti h bahut he behuda kisma ki service h!,1,0,8.1.9,12-07-2025,Hi deepak! asuvidha ke liye maffi chahenge. humne apke liye ek call ki vyavastha ki hai. hum jaldi apse sampark karenge. kripya wait kare. thanks! sia,8.1.9,Snapdeal
hemani marwadi,Good product,5,0,8.1.9,12-07-2025,Thanks a ton!,8.1.9,Snapdeal
KANISHKA.,Best experience,5,0,8.1.9,12-07-2025,Happy to know this :),8.1.9,Snapdeal
Ayush Solanki,Purchased books and other items delivered before time and in good quality with affordable prices what more to expect fantastic application nice,5,0,8.1.9,12-07-2025,Thank you so much for the awesome feedback.,8.1.9,Snapdeal
Roushan Gupta,Good,5,0,8.1.9,12-07-2025,Thanks!,8.1.9,Snapdeal
Vishal Roy,Good,5,0,8.1.9,12-07-2025,Thank you :),8.1.9,Snapdeal
HarshR.,Excellent service,5,0,Unkown,12-07-2025,Thank you :),Unknown,Snapdeal
Abdullah Sheikh,Veri nice,5,0,8.1.9,12-07-2025,Thank you :),8.1.9,Snapdeal
Deepak Koli,Good,5,0,8.1.9,12-07-2025,Thank you :),8.1.9,Snapdeal
Abhishek Jhankl,Good sarvice,5,0,8.1.9,12-07-2025,Thank you :),8.1.9,Snapdeal
Syeda siddiqua Mateen,Good,5,0,8.1.9,12-07-2025,Thank you :),8.1.9,Snapdeal
prachi rane,ग्रेट सर्विस,5,0,8.1.9,12-07-2025,धन्यवाद 🙂,8.1.9,Snapdeal
Yogesh Patil,Good app,5,0,8.1.9,12-07-2025,Thanks!,8.1.9,Snapdeal
Soumya Ranjan,This app is good,5,0,8.1.9,12-07-2025,Thanks!,8.1.9,Snapdeal
Ram Pal,Use this aap brother,5,0,8.1.9,12-07-2025,Thanks a lot :),8.1.9,Snapdeal
Faizan Ahmad,One of most great application i analysed every product of snapdeal great love,5,0,8.1.9,11-07-2025,Thank you for taking the time to write this review. your kind words encourage us greatly. happy shopping!,8.1.9,Snapdeal
Vinod Singh,Very good product and best services,5,0,8.1.9,11-07-2025,Thanks a lot :-),8.1.9,Snapdeal
Suresh Chalke,The order was given on 29.06.2025 but upto today it not delivery by courriers so this is third class service.,1,0,8.1.9,11-07-2025,Hi suresh! so sorry for the unpleasant experience. kindly share your order details at csmanager@snapdeal.com and i'll look into it. thanks! sia,8.1.9,Snapdeal
Nitin Chavan,Good,5,0,Unkown,11-07-2025,Thank you :),Unknown,Snapdeal
Ranjit Kumar,Good,5,0,8.1.9,11-07-2025,Thank you :),8.1.9,Snapdeal
Naveen p P,I had a very bad experience with this app please don't use don't waste your money.,1,0,8.1.9,11-07-2025,"Hi naveen! so sorry for the unpleasant experience. kindly share your exact concern at csmanager@snapdeal.com so that i can help you in a better way. thanks, sia",8.1.9,Snapdeal
Kashmir Khakha,I'm like your product and i'm satisfied,5,0,8.1.9,11-07-2025,Thank you :),8.1.9,Snapdeal
shashwat jadhav Sj,"This is very fraud aap,(don't download this app) this aap is fake product selling.and dose not refund all items",1,0,Unkown,11-07-2025,Hi shashwat! so sorry for the unpleasant experience. kindly share your order details at csmanager@snapdeal.com and i'll look into it. thanks! sia,Unknown,Snapdeal
Rahul Kumar,Super deals. politely delivery original product and genuine rate. love snapdeal platform,5,0,8.1.9,11-07-2025,Thank you for taking the time to write this review. your kind words encourage us greatly. happy shopping!,8.1.9,Snapdeal
Raju Kamal,Very happy nice product,5,0,Unkown,11-07-2025,Glad to hear from you :),Unknown,Snapdeal
Moses Geddada,Very good,5,0,8.1.7,11-07-2025,Glad to hear from you :),8.1.7,Snapdeal
Mahesh Hm,No kannada opinion,1,0,Unkown,11-07-2025,Hi! sorry to disappoint you. please share your registered mobile details at csmanager@snapdeal.com and i'll look into it. thanks! aman,Unknown,Snapdeal
Subrata Ghadei,Nice,5,0,8.1.8,11-07-2025,Thanks a lot :-),8.1.8,Snapdeal
Avneet Kaur,Worst app worse experience poor customer service delevery person etc,1,0,8.1.9,11-07-2025,Hi! sorry to disappoint you. please share your order details at csmanager@snapdeal.com and i'll look into it. thanks! aman,8.1.9,Snapdeal
Tupi Pav,nan,5,0,8.1.9,11-07-2025,No Reply,8.1.9,Snapdeal
Mamta arya,I liked the product on time and has a very good product,5,0,8.1.9,11-07-2025,We're glad to know that :-),8.1.9,Snapdeal
SASHIDHAR THEEDA,Good,5,0,8.1.9,11-07-2025,Thanks a ton!,8.1.9,Snapdeal
dhilip dhili,Nice,5,0,Unkown,11-07-2025,Thanks a lot :-),Unknown,Snapdeal
Komal Walia,Nice fabric n comfortable,5,0,8.1.9,11-07-2025,Thanks a ton!,8.1.9,Snapdeal
Rohit Karekar,Third class app...issued wrong product deals with wrong sellers,1,0,8.1.9,11-07-2025,Hi rohit! sincere apologies for the unpleasant experience. kindly share your order details at csmanager@snapdeal.com and i'll help you out. thanks! neha,8.1.9,Snapdeal
Vijaya Anand,Very good service,5,0,8.1.9,11-07-2025,Thanks a lot :-),8.1.9,Snapdeal
Huzefa Sayyad,"Absolutely disappointed with snapdeal. ordered a lotion from snapdeal and got a product that’s expiring in just 2 months! no warning, no return option — just old stock being dumped on customers. absolutely pathetic service and zero quality check. stop fooling people with near-expiry products. this was my last order. snapdeal isn’t worth risking your money or your ski",1,9,8.1.7,11-07-2025,Hi huzefa! so sorry to disappoint you. we've noted the details & will work on it right away. we'll connect with you & update you about the same. thanks! neha,8.1.7,Snapdeal
SANJEEV SAXENA,Nice,5,0,8.1.9,11-07-2025,Thanks!,8.1.9,Snapdeal
Ram lal,Mujhe yah bahut achcha laga kyunki ismein cashback milta hai,5,0,8.1.9,11-07-2025,Dhanyawad.,8.1.9,Snapdeal
Rohit Yogi,Best indian shopping,5,0,Unkown,11-07-2025,Glad to know that you are happy with our app :),Unknown,Snapdeal
Md Siraj,Super,5,0,8.1.9,11-07-2025,Glad to hear from you :),8.1.9,Snapdeal
Divya Gupta,Good experience,5,0,8.1.9,11-07-2025,Thanks a lot :-),8.1.9,Snapdeal
gurnam singh,Ok,5,0,8.1.9,11-07-2025,Thank you for the rating!,8.1.9,Snapdeal
Usha Chahal,It was good and the delivery was also on time.,5,0,8.1.9,11-07-2025,Thanks for your feedback :),8.1.9,Snapdeal
Rajan Sinha,Very good,5,0,8.1.9,11-07-2025,Thanks a ton!,8.1.9,Snapdeal
rajeshwar nath singh,Good,4,0,8.1.9,11-07-2025,Thanks!,8.1.9,Snapdeal
Sheetal Khatri,Good,5,0,8.1.9,11-07-2025,Thank you :),8.1.9,Snapdeal
Parveen kumar,Good service time to time,5,0,8.1.9,11-07-2025,Thanks!,8.1.9,Snapdeal
Ram Ramugk,Happy im,4,0,8.1.9,11-07-2025,Thanks!,8.1.9,Snapdeal
sahdav singh,Very very good product and delivery very fast ‍,5,0,8.1.9,11-07-2025,Thank you :),8.1.9,Snapdeal
SS MEENA,Good experience,5,0,Unkown,11-07-2025,Thanks a lot :-),Unknown,Snapdeal
Amirullah Shaika,Mafiya,5,0,Unkown,11-07-2025,"Hi! kindly share your exact concern with our app at csmanager@snapdeal.com and i'll help you out. thanks, sia",Unknown,Snapdeal
Kunal Mazumdar,My favourite shopping app. products are good. prices are right. delivery is free and on or before time. overall i am very happy and satisfied. highly recommended to others.,5,0,8.1.9,11-07-2025,Thank you for taking the time to write this review. your kind words encourage us greatly. happy shopping!,8.1.9,Snapdeal
Vishvendra Pratap Singh Chauhan,Snapdeal good service me delivery,5,0,8.1.9,11-07-2025,Thank you :),8.1.9,Snapdeal
Shaibal Chatterjee,Good shopping app,5,0,8.1.9,11-07-2025,Thanks a lot :-),8.1.9,Snapdeal
Dandi Momin,Very good,1,0,8.1.9,11-07-2025,"Hi, if you like the app, could you please give us more stars? thanks, sia",8.1.9,Snapdeal
Rukhsana Sheikh,Good,4,0,8.1.9,11-07-2025,Thank you :),8.1.9,Snapdeal
Aakanksha Tomar,Sending wrong product no return or refund option available.not picking calls also. no value of customer's money and time. my advice don't purchase from this app,1,0,8.1.9,11-07-2025,Hi aakanksha! so sorry to disappoint you. we've arranged a call for you. we'll be connecting with you at the earliest. thanks! sia,8.1.9,Snapdeal
Nitin Pandurag,Good,4,0,Unkown,11-07-2025,Thanks!,Unknown,Snapdeal
Sanket Bobade,"They have no customer service,you cannot connect to theit customer care any how ,very baddd",1,0,8.1.7,10-07-2025,Hi! sorry to disappoint you. please share your registered contact details at csmanager@snapdeal.com and i'll look into it. thanks! aman,8.1.7,Snapdeal
BAHAUDHEEN . A,Bad service,1,0,Unkown,10-07-2025,Hi! sorry to disappoint you. please share your exact issue along with contact details at csmanager@snapdeal.com and we'll connect with you. thanks! aman,Unknown,Snapdeal
Sanju Boro,nan,5,0,8.1.9,10-07-2025,No Reply,8.1.9,Snapdeal
Shanu Agarwal,Good,5,0,Unkown,10-07-2025,Thank you :),Unknown,Snapdeal
Ansh Gautam,Very nice app i think it's better than many others,5,0,Unkown,10-07-2025,Thanks!,Unknown,Snapdeal
Human Hassan,Quality of product is very good,5,0,8.1.9,10-07-2025,Thank you :),8.1.9,Snapdeal
Akansha Paliwal,Good,5,0,Unkown,10-07-2025,Thank you :-),Unknown,Snapdeal
PRADEEPRAJ,"Snapdeal has become my go-to app for affordable shopping. the user interface is clean and easy to use, and i love how quickly i can find what i need. prices are very competitive, and the deals and discounts are a big plus! delivery has been timely for most of my orders, and the packaging is always secure. i’ve bought everything from clothes to kitchen items, and the quality has been surprisingly good for the price.",5,53,Unkown,10-07-2025,Thank you for your positive feedback :),Unknown,Snapdeal
Power Horse,Very good,5,0,8.1.6,10-07-2025,Thank you :-),8.1.6,Snapdeal
khaja hasnuddin afroz,Good deals,5,0,8.1.9,10-07-2025,Thank you :-),8.1.9,Snapdeal
Devarao Bemiri,"If you order on the app, they send you a different product. if you want to return it, there is no response. it is a waste of money. please do not place an order on this app. it is a waste of money.",1,0,Unkown,10-07-2025,Hi devarao! so sorry for the unpleasant experience. kindly share your order details at csmanager@snapdeal.com and i'll look into it. thanks! avi,Unknown,Snapdeal
hitesh chavda,Very good,5,0,8.1.9,10-07-2025,Thanks!,8.1.9,Snapdeal
Legendary Kartik,Good,5,0,Unkown,10-07-2025,Thanks!,Unknown,Snapdeal
Udit Sharma,Nice app,5,0,8.1.9,10-07-2025,Thanks!,8.1.9,Snapdeal
Gaurav,"Detailed, specific, and honest. ...",5,0,Unkown,10-07-2025,Thank you :-),Unknown,Snapdeal
kishan patel ubharan,Very good,5,0,8.1.8,10-07-2025,Thank you :-),8.1.8,Snapdeal
Jashandeep Khattra,Hello guys i'm amandeep . few days ago i ordered ketomac anti dandruff shampoo and today i have received my order which was different item that i have received which is no scars cream but i have ordered shampoo. this is first time when i do any order from this app actually somebody suggest me to do shopping from this app otherwise i always do order from either flipkart or amazon... personally suggesting do not do order from this app otherwise you will be trapped like me ...,1,0,8.1.9,10-07-2025,Hi amandeep! so sorry for the unpleasant experience. kindly share your order details at csmanager@snapdeal.com and i'll look into it. thanks! avi,8.1.9,Snapdeal
Vashu Sharma,Good,5,0,8.1.6,10-07-2025,Thank you :-),8.1.6,Snapdeal
Sonugupta Sonugupta,Verd good,5,0,Unkown,10-07-2025,Thank you :-),Unknown,Snapdeal
Md Aman,Nice sarvis and nice product,5,0,8.1.8,10-07-2025,Thanks!,8.1.8,Snapdeal
Abhishek Mishra,Beri bad app return request not available,1,0,8.1.7,10-07-2025,Hi abhishek! so sorry for the unpleasant experience. kindly share your order details at csmanager@snapdeal.com and i'll look into it. thanks! avi,8.1.7,Snapdeal
ashish kumar,Every delivery is free on it. more prime member ship.,5,0,Unkown,10-07-2025,Glad to hear from you :),Unknown,Snapdeal
Ayan Khan,"Nice all product,s",5,0,8.1.7,10-07-2025,Glad to hear from you :),8.1.7,Snapdeal
Mridul Arora,The worst app quality of the product was very bad i am very dissatisfied with the customer care the service was very bad i didn't get a refund i ordered an air gun of 1475 quality was very bad worse app don't purchase anything from this app very bad experience,1,0,8.1.9,10-07-2025,Hi! sorry to disappoint you. please share your order details at csmanager@snapdeal.com and i'll look into it. thanks! aman,8.1.9,Snapdeal
Sumit Rajpoot,Nice,5,0,8.1.9,10-07-2025,Thanks!,8.1.9,Snapdeal
Kulsoom Saleem,Good,5,0,8.1.9,10-07-2025,Thanks!,8.1.9,Snapdeal
Dharamesh Kaloraniya,बहुत बढ़िया रीझल्ट है काम है जल्दी और आसानी से प्रोडक्ट आ जाती है,5,0,7.5.4,10-07-2025,Thank you so much for the awesome feedback.,7.5.4,Snapdeal
Pooja Nishad,Good,5,0,8.1.9,10-07-2025,Thank you!,8.1.9,Snapdeal
Nibedita Mandal,Reliable....good product....timely delivered even before time delivers... good return policy....fast refund... helpfull customer care service.,5,0,8.1.9,10-07-2025,Thank you so much for the awesome feedback.,8.1.9,Snapdeal
Muskan Mittal,Best application for online shopping,5,0,8.1.8,10-07-2025,Glad to know that you are happy with our app :),8.1.8,Snapdeal
Rahul Kumar Bhat RJ01,Good experience,5,0,8.1.9,10-07-2025,Thanks a lot :),8.1.9,Snapdeal
Sandeep Kaur,Verry good app,5,0,8.1.9,10-07-2025,Thanks a lot :),8.1.9,Snapdeal
pravash singha,"I'm very disappointed,.. because i edited my review again after solving my problem that i faced before. l was having something placing my orders. and all my orders were being cancelled by automatically. but the having same issue again now for that one star. fix the issue.",1,37,8.1.9,10-07-2025,Hi! sorry to disappoint you. please share your order details at csmanager@snapdeal.com and i'll look into it. thanks! aman,8.1.9,Snapdeal
Ashokkumar Das,Good,3,0,8.1.9,09-07-2025,"Hi, if you like the app, could you please give us more stars? thanks, aman",8.1.9,Snapdeal
Anil Chaubey,"Honest amongst all flipkart,amazon etc you cash on delivery is free,makes you appreciable",5,0,8.1.9,09-07-2025,"Hi, love it when you are happy with us. this shall continue forever. thanks! aman",8.1.9,Snapdeal
SAI GANDALWAD,Very bad experience.dont instal app and don't buy any product order. हमने दो प्लाजो वाला ऑर्डर डाला था.हमे एक ही मिला.रिर्टन ऑर्डर डाला...20दिन हो गया 24-48घंटे ऑर्डर पिक अप होगा ....पर 20 दिन से कोई भी नहीं आया.आप निश्चित रहीये.आपका समाधान हो जायेगा.इस लिये कोई भी स्नॅपडिल से कुछ भी मत खरिदे.आपका पैसा और टाईम मत वेस्ट किजिए.,1,1,8.1.9,09-07-2025,Hi! so sorry for the unpleasant experience. kindly share your order details at csmanager@snapdeal.com and i'll look into it. thanks! aman,8.1.9,Snapdeal
Divakar Mondal,Worst shopping platform in india i had very poor experience with snapdeal again and again..... completely waste of time,1,1,8.1.9,09-07-2025,Hi! so sorry for the unpleasant experience. kindly share your order details at csmanager@snapdeal.com and i'll look into it. thanks! aman,8.1.9,Snapdeal
Radha Govind,I love this plateform,5,0,8.1.9,09-07-2025,Thanks a lot :),8.1.9,Snapdeal
Kamla Tanyan,Very bad experience with in one month.,1,1,8.1.9,09-07-2025,"Hi! so sorry for the unpleasant experience. kindly share your exact concern at csmanager@snapdeal.com so that i can help you in a better way. thanks, sia",8.1.9,Snapdeal
Ajay Bavaskar,100% acha hai,5,0,8.1.9,09-07-2025,Dhanyavaad!,8.1.9,Snapdeal
Madhusmita Ray,Offers are good but some cheap items are not satisfied.,4,0,Unkown,09-07-2025,Hi madhusmita! so sorry for the unpleasant experience. kindly share your contact details at csmanager@snapdeal.com and i'll look into it. thanks! aman,Unknown,Snapdeal
Science with muzammil,Good service,5,0,8.1.8,09-07-2025,Thanks a lot :),8.1.8,Snapdeal
Poonam,Very very poor waste of money i got empty pouch frauds,1,0,8.1.9,09-07-2025,Hi poonam! so sorry for the unpleasant experience. kindly share your order details at csmanager@snapdeal.com and i'll help you out. thanks! aman,8.1.9,Snapdeal
Bandna singh,Many product i order comes in best quality thank you snap deal,5,0,8.1.8,09-07-2025,"Hi, love it when you are happy with us. this shall continue forever. thanks! aman",8.1.8,Snapdeal
Nasima Begum,Good quality,5,0,8.1.9,09-07-2025,Thanks a lot :),8.1.9,Snapdeal
renu thakur,Great deal good price,5,0,8.1.9,09-07-2025,Thanks a lot :-),8.1.9,Snapdeal
Inderjeet Rajput,Very nice,5,0,Unkown,09-07-2025,Thank you :),Unknown,Snapdeal
Malli Namala,Good,5,0,8.1.9,09-07-2025,Thank you :),8.1.9,Snapdeal
Slither Deadly,Really nice service on time delivery,5,0,8.1.9,09-07-2025,Thanks a lot :-),8.1.9,Snapdeal
Abhishek R,Not good product avaliable it's pure scam site not buy anything in snapdeal,1,0,8.1.9,09-07-2025,Hi! so sorry for the unpleasant experience. kindly share your order details at csmanager@snapdeal.com and i'll help you out. thanks! sia,8.1.9,Snapdeal
Toton Das,Nice apps,5,0,8.1.9,09-07-2025,Thank you :),8.1.9,Snapdeal
Shritu Dwivedi,Very nice,5,0,8.1.9,09-07-2025,Thank you :),8.1.9,Snapdeal
Ajay Kumar Babele,Very nice,5,0,8.1.9,09-07-2025,Thanks!,8.1.9,Snapdeal
Sabbir Ansari,Nice,5,0,8.1.9,09-07-2025,Thanks a lot :-),8.1.9,Snapdeal
Himanshu Thakur,Nice,5,0,8.1.9,09-07-2025,Thanks!,8.1.9,Snapdeal
Christopher Masih,The experience was superb.,5,0,8.1.8,09-07-2025,Glad to hear from you :),8.1.8,Snapdeal
satish padale patil,Good,5,0,8.1.9,09-07-2025,Thank you :-),8.1.9,Snapdeal
mi.thlesh 3606,nan,5,0,Unkown,09-07-2025,Thanks for your encouraging star ratings 🙂,Unknown,Snapdeal
Ritik Kumar,Very bad delivery experience items delivered very late worst delivery service,1,1,8.1.9,09-07-2025,Hi ritik! so sorry for the unpleasant experience. kindly share your order details at csmanager@snapdeal.com and i'll look into it. thanks! avi,8.1.9,Snapdeal
Ayush Kumar,Worst app ever. no customer support not delivering orders on time not picking call i don't want to give one star also,1,0,8.1.8,09-07-2025,Hi ayush! so sorry for the unpleasant experience. kindly share your order details at csmanager@snapdeal.com and i'll look into it. thanks! sia,8.1.8,Snapdeal
Jyoti Shriwas,Thank youu,5,0,8.1.9,09-07-2025,Thanks for your encouraging star ratings 🙂,8.1.9,Snapdeal
baskaran ramsamy,Good,5,0,8.1.9,09-07-2025,Thank you :),8.1.9,Snapdeal
Abhishek Negi 11,Fast delivery and good product received,5,0,8.1.9,09-07-2025,Thanks a lot :-),8.1.9,Snapdeal
savreya seth,Ye aap pr seller frod hi or ye app vale bhi nehi sunte ye log bhi unka hi sath dete hi soch samajh kr purchase kro jo bhi kro,1,0,8.1.9,09-07-2025,Namaste savreya! asuvidha ke liye atyant khed hai. kripya hamein csmanager@snapdeal.com par apni contact details share krein taaki hum is concern mein aapse baat kar sakein. thanks! sia,8.1.9,Snapdeal
TAJ MOLANI,3rd class apps & third class service do not buy any items because one is not sending the correct items and the other is not even accepting return,1,0,8.1.9,09-07-2025,Hi! so sorry for the unpleasant experience. kindly share your order details at csmanager@snapdeal.com and i'll look into it. thanks! sia,8.1.9,Snapdeal
SARBJEET SINGH,Bad open nhi hota,1,0,8.1.9,09-07-2025,"Is issue ko report karne ke liye dhanyawaad. kripya 8373902464 is number per whatsapp ya call karen ya fir csmanager@snapdeal.com per email karen, taaki hum aapke issue ko samajh kar thik kar sakain. dhanyavaad! dev",8.1.9,Snapdeal
Kapil Dev,Very bed aap,1,0,8.1.9,09-07-2025,Hi kapil! so sorry for the unpleasant experience. kindly share your contact details at csmanager@snapdeal.com and i'll look into it. thanks! avi,8.1.9,Snapdeal
Yash Sony,Best shopping app brand wali quality bazzar wali deal,5,0,8.1.8,08-07-2025,Thank you :-),8.1.8,Snapdeal
Ahinnethu _,Very good apps and i like you provide personal iterm it's good app,5,0,8.1.7,08-07-2025,Thanks a lot :-),8.1.7,Snapdeal
Biplv Barman,There products aree very branded quality i think snapdeal is better then other shoping apps,5,0,8.1.9,08-07-2025,Glad to hear from you :),8.1.9,Snapdeal
Navendra Singh Solanki,I have a complaint against the top management of snapdeal that they are unable to solve the customer's problem as they have no control over either their seller or courier partner. i applied for return parcel on 28th june and after that three times pickup failed was shown without contacting the courier partner. this was a waste of my time and my refund.,1,2,8.1.8,08-07-2025,Hi navendra! so sorry for the unpleasant experience. kindly share your order details at csmanager@snapdeal.com and i'll look into it. thanks! sia,8.1.8,Snapdeal
Parige Suman prasaba,Super shopping app in india,5,0,8.1.9,08-07-2025,Thank you :-),8.1.9,Snapdeal
IBADAT ANZAR,"This app provides products at a very affordable price, it's a very pleasant feelings...",5,0,Unkown,08-07-2025,Thank you :-),Unknown,Snapdeal
Mohd Khan,Excellent,5,0,Unkown,08-07-2025,Thank you :-),Unknown,Snapdeal
Vinodhini R,Superb app for reasonable price and great quality,5,0,8.1.9,08-07-2025,Thank you :-),8.1.9,Snapdeal
Ranjan Behera,No return bad app,1,0,8.1.8,08-07-2025,Hi ranjan! so sorry for the unpleasant experience. kindly share your order details at csmanager@snapdeal.com and i'll look into it. thanks! avi,8.1.8,Snapdeal
rupam kalita,Good,5,0,8.1.9,08-07-2025,Thank you :-),8.1.9,Snapdeal
Muhammad Hanzala,Dont stall waste of time price very high,1,0,Unkown,08-07-2025,Hi hanzala! so sorry that you did not like our prices. we would like to tell you that we work hard to make good products available at great cost. hope you will join us soon. thanks! sia,Unknown,Snapdeal
Raza Khan,Good nice,5,0,8.1.8,08-07-2025,Thank you :),8.1.8,Snapdeal
Suklal Kalindi,Very nice,5,0,8.1.8,08-07-2025,Thank you :),8.1.8,Snapdeal
Tina andrea fourlze,Very bad i dint even download this ap they keep calling me. for no reason,1,0,Unkown,08-07-2025,Hi tina! so sorry for the unpleasant experience. kindly share your contact details at csmanager@snapdeal.com and we'll get in touch with you to discuss this. thanks! sia,Unknown,Snapdeal
Sandeep Sahoo,"Have been using snapdragon since so many years since it started. i love the products i receive. very nice delivery packaging, quality and super easy return process. keep it up snapdeal.",5,1,8.1.9,08-07-2025,Thank you for taking the time to write this review. your kind words encourage us greatly. happy shopping!,8.1.9,Snapdeal
Gulzar Ahmed,I had a very great experience loved this app,5,0,8.1.9,08-07-2025,Thank you :),8.1.9,Snapdeal
Aakanksha Mishra,"Don't use this app, they're fraudsters,after returning the parcel they didn't return the refund.even after sending so many calls and emails.",1,0,8.1.9,08-07-2025,Hi! sorry to disappoint you. please share your order details at csmanager@snapdeal.com and i'll look into it. thanks! aman,8.1.9,Snapdeal
Zaheen Fatma,It's very good app,5,0,Unkown,08-07-2025,Thanks a lot :),Unknown,Snapdeal
Kumari Nisha,Material quality is good,4,0,Unkown,08-07-2025,Thanks a lot :-),Unknown,Snapdeal
Payal Sharma,Nycc very nycc,5,0,8.1.9,08-07-2025,Thanks a lot :),8.1.9,Snapdeal
Amit Patel,Best for buying something stuffs.,5,0,8.1.9,08-07-2025,Thank you :-),8.1.9,Snapdeal
Ngoadong Tekwa,Very bad experience.the product is not usable....never order from this app,1,0,8.1.8,08-07-2025,Hi! sorry to disappoint you. please share your order details at csmanager@snapdeal.com and i'll look into it. thanks! aman,8.1.8,Snapdeal
Krish Jain,Nice very nice,5,0,8.1.8,08-07-2025,Thanks a lot :),8.1.8,Snapdeal
Gullu Rana,This aap is so good for shoping and product is very nice,5,0,8.1.7,08-07-2025,Thank you :-),8.1.7,Snapdeal
LAXMIN _,Best,5,0,8.1.8,08-07-2025,Thanks!,8.1.8,Snapdeal
Vikash Mishra,Best,5,0,8.1.9,08-07-2025,Thank you :-),8.1.9,Snapdeal
Arvind Meena123,Very good,5,0,8.1.9,08-07-2025,Thank you :-),8.1.9,Snapdeal
neha gupta,Very nice product,5,0,8.1.9,08-07-2025,Thanks a lot :),8.1.9,Snapdeal
Bhanu Kommoji,Super..,5,0,Unkown,08-07-2025,Thank you :-),Unknown,Snapdeal
Aanchal Sharma,It's gud,5,0,8.1.8,08-07-2025,Thank you :-),8.1.8,Snapdeal
Naga lakshmi,nan,5,0,8.1.4,08-07-2025,Thanks a lot for your rating :),8.1.4,Snapdeal
Raj Raj,Good,5,0,8.1.8,08-07-2025,Thank you :-),8.1.8,Snapdeal
Sandeep Garg,Good,4,0,8.1.9,08-07-2025,Thank you :-),8.1.9,Snapdeal
Shubham Paroha,Very good,5,0,8.1.7,08-07-2025,Thank you :-),8.1.7,Snapdeal
RAJU KUMAR,Very worse experience,5,0,8.1.9,08-07-2025,Hi! so sorry for the unpleasant experience. kindly share your order details at csmanager@snapdeal.com and i'll look into it. thanks! avi,8.1.9,Snapdeal
Deepak Chouhan,Aap key delwari boy ka biwar bura h or mey bhawisya me kisi or ko shoping kr ne ki salha nhi dunga aap ke delivery boy ka vevahar amanviy h,1,0,8.1.9,08-07-2025,Namaste deepak! asuvidha ke liye khed hai. kripya hamein apni order details csmanager@snapdeal.com par share karein taaki ham jald se jald aap ki madad kar payein. dhanyavaad! avi,8.1.9,Snapdeal
Sejal Jain,"This is a fraud app, stay away from such apps because this app neither delivers the correct product nor gives the correct information.",1,0,8.1.8,08-07-2025,Hi sejal! so sorry for the unpleasant experience. kindly share your order details at csmanager@snapdeal.com and i'll help you out. thanks! avi,8.1.8,Snapdeal
Kapil Kumar,Nice app,5,0,8.1.8,08-07-2025,Thanks!,8.1.8,Snapdeal
SACHCHIDANAND RAGHVENDRAM,Good experience,5,0,8.1.8,08-07-2025,Thank you :-),8.1.8,Snapdeal
Vikas Josi,Nice superb aap,5,0,8.1.9,08-07-2025,Thanks a lot :),8.1.9,Snapdeal
rajesh achinthalwar,Superb,5,0,8.1.9,08-07-2025,Thanks a lot :),8.1.9,Snapdeal
Srimannarayana Tiruvalluri,Good,5,0,8.1.9,08-07-2025,Thanks!,8.1.9,Snapdeal
Govind chouksey,O k . rain coat shopping,5,0,Unkown,08-07-2025,Glad to hear from you :),Unknown,Snapdeal
illegal freedom,Snapdeal is getting better but some problem with app .. app need optimization for smooth running,5,0,Unkown,08-07-2025,"Hi! thanks for your valuable feedback. i'll share it with the team & we'll surely look into it. regards, aman",Unknown,Snapdeal
Zohan Mohd,Fake products,1,0,8.1.9,08-07-2025,Hi! sorry to disappoint you. please share your order details at csmanager@snapdeal.com and i'll look into it. thanks! aman,8.1.9,Snapdeal
Ashawtha narayana,Good,5,0,8.1.7,08-07-2025,Thanks!,8.1.7,Snapdeal
Ajit Bhat,The service and offer is too good .. improve the app in the rating and review reaction add photo and video support for customer better reach we need see a real photo of product like customer view point add this also do an account information edit system.. in my account old gmail id still exist so add edit option,5,0,Unkown,07-07-2025,Hi! thanks for your valuable feedback. it is delightful to hear such positive words and it’s always a pleasure to serve our users. thanks! aman,Unknown,Snapdeal
Damini Soni,Nice this app,4,0,8.1.7,07-07-2025,Thanks a lot :),8.1.7,Snapdeal
Mangal Rajput,Waste of time and money...i ordered a dress received 3rd class product than returned again received defective product....never buy. their seller send you product from meeso which are very cheap. e.g on meeso rs 333 and they sale on snapdeal for rs 579/- great.,1,1,8.1.9,07-07-2025,Hi! sorry to disappoint you. please share your order details at csmanager@snapdeal.com and i'll look into it. thanks! aman,8.1.9,Snapdeal
santosh pandey,The worst online shopping app at 1st it will show you delivery within 7days but further on it extent time of delivery again and again never order from here if yoi want your order within a month,1,0,8.1.9,07-07-2025,Hi! sorry to disappoint you. please share your order details at csmanager@snapdeal.com and i'll look into it. thanks! aman,8.1.9,Snapdeal
Sanjay Bose,Very bad experience . ordered for two items received only one in the package . they refused to help me in this matter . never use snapdeal. now my problem is solved . the customer service representatives looked into the matter and solved it very soon . thanks snap deal team .,4,0,Unkown,07-07-2025,Hi! so sorry for the unpleasant experience. kindly share your order details at csmanager@snapdeal.com and i'll look into it. thanks! avi,Unknown,Snapdeal
Vi G,Very nice app,5,0,8.1.9,07-07-2025,Thanks!,8.1.9,Snapdeal
RB Souls,Greet quality,5,0,8.1.9,07-07-2025,Thank you :-),8.1.9,Snapdeal
T. R. Basoeya,I want to give a very bad experience and also zero but there is no option for 0,1,0,Unkown,07-07-2025,Hi! we sincerely regret to know this. kindly share your exact concern at csmanager@snapdeal.com so that i can help you in a better way. thanks! avi,Unknown,Snapdeal
ROHIT KRISHNA,Awsome,5,0,8.1.9,07-07-2025,Thanks a lot :),8.1.9,Snapdeal
Mandal Singh,It's app is wrong for customer and it's customer care service is very very bad,1,0,8.1.8,07-07-2025,Hi! sorry to disappoint you. please share your exact issue along with contact details at csmanager@snapdeal.com and we'll connect with you. thanks! aman,8.1.8,Snapdeal
Happy Jatav,My order is delivered to prefect time and best quality so my suggestion is this app one more try that's all.,5,0,8.1.9,07-07-2025,"Hi, love it when you are happy with us. this shall continue forever. thanks! aman thank you :)",8.1.9,Snapdeal
Aayat Mir,Good experience,5,0,Unkown,07-07-2025,Thanks a lot :),Unknown,Snapdeal
mahesh su,Good,5,0,8.1.9,07-07-2025,Thanks!,8.1.9,Snapdeal
Jaydul Alam King,I have not seen this type of shopping app in my life it is an extraordinary shopping app i am telling this because it contains all the items that other brands would not have like flipkart or amazon in the best part all customers will like that they give an option of cash on delivery which is the very good thing to build trust by the costomer,5,4,8.1.9,07-07-2025,Hi! love it when you are happy with us. this shall continue forever. thanks! avi,8.1.9,Snapdeal
Harikesh Yogi,Very nice app,5,0,Unkown,07-07-2025,Thanks!,Unknown,Snapdeal
harish singha,Thank you snadeal,5,0,8.0.4,07-07-2025,Thanks a lot for your rating :),8.0.4,Snapdeal
Mohit Kumar,Osm,5,0,8.1.9,07-07-2025,Thank you :-),8.1.9,Snapdeal
Janardhan Kumar,Good product are available in snapdeal,5,0,8.1.9,07-07-2025,Thanks!,8.1.9,Snapdeal
Akanksha Singh,Excellent,5,0,Unkown,07-07-2025,Thank you :-),Unknown,Snapdeal
Viky N,Good,5,0,Unkown,07-07-2025,Thanks a lot :-),Unknown,Snapdeal
Bholu Singh,Good app,5,0,8.1.9,07-07-2025,Thanks!,8.1.9,Snapdeal
Ambika Wade,Good,5,0,8.1.8,07-07-2025,Thanks!,8.1.8,Snapdeal
rajesh godbole,Nice experience,5,0,8.1.9,07-07-2025,Glad to hear from you :),8.1.9,Snapdeal
Arun Kumar Saroj,Very nice app for shopping,5,0,8.1.8,07-07-2025,Thanks for your valuable feedback. :),8.1.8,Snapdeal
Gunjan Gupta,Bahot achha app hai,5,0,8.1.7,07-07-2025,Thank you :),8.1.7,Snapdeal
IPS Kishor Mali,Very good,5,0,8.1.9,07-07-2025,Thank you :),8.1.9,Snapdeal
Priya Chelikani,సూపర్,5,0,8.1.9,07-07-2025,Thanks!,8.1.9,Snapdeal
Mangal Singh Rawat,Good,5,0,8.1.7,07-07-2025,Thank you :),8.1.7,Snapdeal
asbhati salam,साफ़,5,0,8.1.9,07-07-2025,आपकी उत्साहजनक स्टार रेटिंग के लिए धन्यवाद 🙂,8.1.9,Snapdeal
Prashanth Cheedaragadda,Good,5,0,8.1.8,07-07-2025,Thank you :),8.1.8,Snapdeal
Vishvarajsinh Rathod,"Never order any product from this platform, one of the worst customer care service and not resolved any queries. don't buy use this platform.",1,0,Unkown,07-07-2025,Hi vishvaraj! so sorry for the unpleasant experience. kindly share your contact details at csmanager@snapdeal.com and we'll get in touch with you to discuss this. thanks! sia,Unknown,Snapdeal
Pawan Gupta,Good,4,0,8.1.9,07-07-2025,Thank you :),8.1.9,Snapdeal
Firoz Khan,Very good,5,0,8.1.9,07-07-2025,Thank you :),8.1.9,Snapdeal
Sourajit Roy,Best shopping app in all over india no extra charge with more discount no hidden charge no extra delivery charges,5,0,8.1.9,07-07-2025,Thank you for taking the time to write this review. your kind words encourage us greatly. happy shopping!,8.1.9,Snapdeal
plaban mitra,Cheating with customer. very bad experience.....,1,0,8.1.8,07-07-2025,"Hi plaban! so sorry for the unpleasant experience. kindly share your exact concern at csmanager@snapdeal.com so that i can help you in a better way. thanks, sia",8.1.8,Snapdeal
Maqbool Alam,Very good,5,0,8.1.9,07-07-2025,Thanks!,8.1.9,Snapdeal
AshraF GameR,Good apk,5,0,Unkown,07-07-2025,Thanks!,Unknown,Snapdeal
Vivekanandham S,Good quality products,5,0,8.1.8,07-07-2025,Thanks a lot :-),8.1.8,Snapdeal
AJAY KUMAR SINGH,Good,5,0,Unkown,07-07-2025,Thanks!,Unknown,Snapdeal
buri koteswararao,Good best,5,0,Unkown,07-07-2025,Thanks a lot :),Unknown,Snapdeal
Adity Singh,Excellent service,5,0,Unkown,07-07-2025,Thanks a ton :),Unknown,Snapdeal
Regha Sebastian,Good shopping app,5,0,8.1.9,07-07-2025,Thanks a lot :),8.1.9,Snapdeal
Sanjay Kumar Yadav,Very nice products thanks khan sir very good,5,0,8.1.9,07-07-2025,Glad to hear from you :),8.1.9,Snapdeal
Saeed Rehman,Wonderful,5,0,8.1.8,07-07-2025,Thanks a lot :),8.1.8,Snapdeal
Dinesh markam,Nice,5,0,8.1.9,07-07-2025,Thanks!,8.1.9,Snapdeal
alok gautam,Very good app and product at reasonable price i like snapdeal.,5,0,8.1.2,07-07-2025,Hi alok! thank you for taking the time to write this review. your kind words encourage us greatly. happy shopping!,8.1.2,Snapdeal
Prashanth Ch,Badly needs image search option. please improve search criteria across the app. home button could be available always.,3,1,8.1.9,07-07-2025,"Hi! your feedback is important for us to improve. i'll share your feedback with the concerned team and will surely work on it. thanks, aman",8.1.9,Snapdeal
Devendar kumar singh,Exlen,5,0,8.1.8,07-07-2025,Thanks a lot :-),8.1.8,Snapdeal
Shivakumar Magaji V,"I had installed this app due to the ads in instagram as i was going through i have liked a shirt and ordered. but i have received a shirt which is different in color than the shirt which i had ordered, immediately after that i initiated the return on the same as i have received but no one has came to pick up the product, support team keep on saying the pick up scheduled but it's been 4 days still no one came. the product has been returned after 4 days but i didn't get the product i liked.",1,1,8.1.8,07-07-2025,Hi! sorry to disappoint you. please share your order details at csmanager@snapdeal.com and i'll look into it. thanks! aman,8.1.8,Snapdeal
Mom Mom,Nice............. nice,5,0,8.1.9,07-07-2025,Thank you :),8.1.9,Snapdeal
Galaxy urn,Bekar mera ispr saller account tha jabsale hui to ulta mera balance minus m ho gya jabki aur platform pr sale krta hu to asa kuch aaj tak nhi hua agar cousturmer ko lutunga to jab mujhe kuch bachega,1,0,Unkown,07-07-2025,Namaste! asuvidha ke liye atyant khed hai. kripya hamein csmanager@snapdeal.com par apni contact details share krein taaki hum is concern mein aapse baat kar sakein. thanks! sia,Unknown,Snapdeal
Sujata Pradhan,Bhai e pura fraud application hai. mene ek cotton shirt order kiya jiska delivery date tha 30 tarikh ko. lekin deliver kiya gaya 3 tarikh ko. wo bhi konsi kapde ki shirt nahi pata. return kiya to pick up nahi ho raha hai customer care ko call kar raha hu lekin call connect nahi ho raha hai.is se pehele connect jaldi ho raha tha abhi nahi ho raha hai. kiya kare samajh me nahi a raha hai,1,0,Unkown,07-07-2025,Namaste sujata! asuvidha ke liye atyant khed hai. kripya hamein csmanager@snapdeal.com par order details share krein aur hum issey jald se jald solve kar denge. dhanyavaad! sia,Unknown,Snapdeal
adithya Bhardwaj,Super,5,0,8.1.9,06-07-2025,Thanks!,8.1.9,Snapdeal
AVINASH VERMA,Don't install the app,1,0,Unkown,06-07-2025,Hi! sorry to disappoint you. please share your exact issue along with contact details at csmanager@snapdeal.com and we'll connect with you. thanks! aman,Unknown,Snapdeal
Dinesh Naik,Maine do time order kiya hua item delivery agent ne reject kar diya,1,0,8.1.8,06-07-2025,"Hi! hum aapse aise experience ke liye shama chahte hai. kripya apni order details hamein csmanager@snapdeal.com par email kare taaki hum aapki sahayata kar sake. dhanyavaad, aman",8.1.8,Snapdeal
Pynsukshisha Kshiar,Good,5,0,7.9.6,06-07-2025,Thanks!,7.9.6,Snapdeal
Babasaheb Chavan,Very nice service.,5,0,8.1.9,06-07-2025,Thank you :),8.1.9,Snapdeal
Neeraj Singh Dohare (NSD),Over priced products milte hai,1,0,Unkown,06-07-2025,Hi! hum maafi chaahenge ki aapko hamare prices pasand nahi aaye. hum aapko batana chahenge ki hum kadi mehant karte hai best quality products boht kam daam mein uplabdh karane ke liye. aasha karte hai ki aap humse jald judenge. dhanyawaad! aman,Unknown,Snapdeal
Kajal Rajvansh,Is app me scan karke search karne wala available kare,3,0,8.1.9,06-07-2025,"Hi! apka feedback humare improvement ke liye important hai, maine isse apni team ke sath share kar diya hai aur nishchit roop se iss par hum gaur karenge. thanks, aman",8.1.9,Snapdeal
Sanjay Getle,Good service,5,0,8.1.8,06-07-2025,Thanks a lot :),8.1.8,Snapdeal
Utkarsh Gupta,Different product received & the pickup team not came for pickup the product,1,0,Unkown,06-07-2025,Hi! so sorry for the unpleasant experience. kindly share your order details at csmanager@snapdeal.com and i'll look into it. thanks! aman,Unknown,Snapdeal
Nagaraju G,Good,5,0,8.1.9,06-07-2025,Thanks!,8.1.9,Snapdeal
Deepika Deepika,Very nice original product i am very satisfied better than other app,5,0,8.1.9,06-07-2025,Thank you for taking the time to write this review. your kind words encourage us greatly. happy shopping!,8.1.9,Snapdeal
Sachin Yande,Nice,5,0,8.1.9,06-07-2025,Thanks!,8.1.9,Snapdeal
Sanju Devi,Very nice app great deals,5,0,8.1.7,06-07-2025,Thanks a lot :),8.1.7,Snapdeal
Kamlesh Barot,"Superb quality work, necessarily awareness state, national peoples",5,0,Unkown,06-07-2025,Glad to know that you are happy with our app :),Unknown,Snapdeal
Anmol Soni,Good,5,0,8.1.9,06-07-2025,Thanks!,8.1.9,Snapdeal
Susmita Bhattacharjee,"snapdeal is a fraudulent app.here,when a customer orders a non-returnable product,the seller takes this opportunity to provide old & used products.so that customers can't return the product. the customer care agents of this app are also a fraud.they ask customers to download hacking app for refund. so that the customer suffers financially. a gang is working on this kind of online customer care. everyone should think before buying something from snapdeal.",1,3,8.1.9,06-07-2025,Hi susmita! so sorry for the unpleasant experience. kindly share your contact details at csmanager@snapdeal.com and we'll get in touch with you to discuss this. thanks! sia,8.1.9,Snapdeal
Renu Dogra,Nice,5,0,8.1.9,06-07-2025,Thanks!,8.1.9,Snapdeal
SandipSinh Zala,Nice product,5,0,8.1.8,06-07-2025,Thank you :),8.1.8,Snapdeal
Nick Jonas,Good for everyone,5,0,8.1.9,06-07-2025,Thank you :),8.1.9,Snapdeal
Aman Dhiman,"Hi ,my return pickup is done on 30 june but in app they show unsuccessful.they give the message of refund but i didn't receive it and it doesn't show on the app. very disappointed",1,0,8.1.9,06-07-2025,Hi aman! so sorry for the unpleasant experience. kindly share your order details at csmanager@snapdeal.com and i'll look into it. thanks! sia,8.1.9,Snapdeal
anil solanki,Bettar,5,0,8.1.9,06-07-2025,Thanks!,8.1.9,Snapdeal
Eklavya Songara,Great,5,0,8.1.9,06-07-2025,Thanks!,8.1.9,Snapdeal
Sonia Kumari,Good,5,0,Unkown,06-07-2025,Thanks!,Unknown,Snapdeal
Sagar Kumar,Bhaut acha hii full rating,5,0,8.1.9,06-07-2025,Thank you :),8.1.9,Snapdeal
NITIN CHADAR,Nice,5,0,8.1.8,06-07-2025,Thanks!,8.1.8,Snapdeal
ASHVANI Rana,Nice,5,0,8.1.8,06-07-2025,Thanks!,8.1.8,Snapdeal
syed rumana,Not bad,3,0,8.1.9,06-07-2025,"Hi rumana! so sorry for the unpleasant experience. kindly share your exact concern at csmanager@snapdeal.com so that i can help you in a better way. thanks, sia",8.1.9,Snapdeal
Sukkhan Singh,Best,5,0,8.1.8,06-07-2025,Thanks!,8.1.8,Snapdeal
Shabee Fatma,The quality of products is not good,1,0,8.1.9,06-07-2025,Hi shabee! so sorry to disappoint you. we've arranged a call for you. we'll be connecting with you at the earliest. thanks! sia,8.1.9,Snapdeal
Chintaman Kulkarni,"कुछ चोर इस कंपनी में बैठे हैं जो सायबर क्राईम करते रहते हैं ? शायद एक ने मेरे साथ इस तरह का पैसो के मामलों में धोका कीया है व ठगा है ।सामान भी घटीया भेजते हैं ।कंपनी कब सुधरेंगी ,कंपनी के मालिको / मेनेजर्स को इसका पता लगाना चाहिए ?",1,0,Unkown,06-07-2025,"Hi! so sorry for the unpleasant experience. kindly share your exact concern at csmanager@snapdeal.com so that i can help you in a better way. thanks, sia",Unknown,Snapdeal
atz_Mohd Mansuri,Very good,5,0,8.1.7,06-07-2025,Thank you :),8.1.7,Snapdeal
Roshni Khan,Very nice app,5,0,8.1.8,06-07-2025,Thank you :),8.1.8,Snapdeal
RomieoCharlydeltta,Excellent work,5,0,8.1.7,06-07-2025,Thank you :),8.1.7,Snapdeal
Himanshu Vishwakarma,I love it,5,0,8.1.9,06-07-2025,Thank you :),8.1.9,Snapdeal
Prashant Yadav,Bhout bajar app h phali bat return nahi hot agar replacement karna h or replacement ko cancel bhe nahi kar sakta batiyo,1,0,8.1.8,06-07-2025,Namaste! asuvidha ke liye atyant khed hai. kripya hamein csmanager@snapdeal.com par apni contact details share krein taaki hum is concern mein aapse baat kar sakein. thanks! sia,8.1.8,Snapdeal
Afreen Razzaq,Very easy,5,0,8.1.9,06-07-2025,Thanks a lot :-),8.1.9,Snapdeal
Imran Khan,Snapdeal dhokebaaz company beiman company chutiya company maine parcel mangaya 218 rupay beiman company jhuthi company bhai tumse sabse gujari se na koi download karen yah sirf pahle pahle achcha kam karti hai baad mein dhokebaaz kaam karti agent se baat karen to koi reply nahin deteस्नेपडील धोखेबाज कंपनी बेईमान कंपनी चुटिया कंपनी मैंने पार्सल मंगाया 218 रूपए बेईमान कंपनी झूठी कंपनी भाई तुमसे सबसे गुजारी से ना कोई डाउनलोड करें यह सिर्फ पहले पहले अच्छा कम करती है बाद में धोखेबाज काम करती एजेंट से,1,0,8.1.9,06-07-2025,"Hi! so sorry for the unpleasant experience. kindly share your exact concern at csmanager@snapdeal.com so that i can help you in a better way. thanks, sia",8.1.9,Snapdeal
Vikas Paikrao,Very good for online platform,5,0,8.1.9,06-07-2025,Thanks a lot :-),8.1.9,Snapdeal
Shital Kumar Badshah,Sabse ghatiya service bekar service bad delivery time,1,0,8.1.9,05-07-2025,Namaste shital! asuvidha ke liye atyant khed hai. kripya hamein csmanager@snapdeal.com par apni contact details share krein taaki hum is concern mein aapse baat kar sakein. thanks! sia,8.1.9,Snapdeal
yasinansari ansari,Very good app,5,0,8.1.8,05-07-2025,Thank you :-),8.1.8,Snapdeal
Pulen Talukdar,Very good,4,0,8.1.8,05-07-2025,Thank you :-),8.1.8,Snapdeal
Aalok Singh,"Extremely bad service and fake replacement policy – beware! i had a terrible experience with snapdeal. i ordered a product, but they delivered a missing or empty item. when i raised a complaint, they kept promising a replacement and kept regenerating the pickup request, but no one came to collect the package. even after many follow-ups, no proper solution was provided.their replacement policy is completely fake. they only delay and frustrate you until you give up. this is unacceptable",1,19,8.1.9,05-07-2025,Hi aalok! so sorry for the unpleasant experience. kindly share your order details at csmanager@snapdeal.com and i'll look into it. thanks! avi,8.1.9,Snapdeal
VINOD AGARWAL,Nice,5,0,Unkown,05-07-2025,Thanks!,Unknown,Snapdeal
Nain Singh,Good,5,0,8.1.9,05-07-2025,Thank you :-),8.1.9,Snapdeal
Rohit Singh,Nice,5,0,8.1.9,05-07-2025,Thanks!,8.1.9,Snapdeal
Indra Vaidyanathan,Satisfied,5,0,Unkown,05-07-2025,Thank you :-),Unknown,Snapdeal
Kousalya Dorai,Very nice,5,0,Unkown,05-07-2025,Thanks!,Unknown,Snapdeal
Pradhumn Sikarwar,Nice shopping platform,5,0,8.1.9,05-07-2025,Thanks!,8.1.9,Snapdeal
Bowa Jha Yash,Good app,5,0,8.1.8,05-07-2025,Thank you :-),8.1.8,Snapdeal
Sanyam Jain ,I use snapdeal for order demon slayer volume 3 book and i love it so i give rating to it and avanti fashion store from where this book comes,5,0,8.1.9,05-07-2025,Thank you :-),8.1.9,Snapdeal
SOLANKI JAYDEEP,Best app for shopping at low price,5,0,8.1.8,05-07-2025,Thank you :-),8.1.8,Snapdeal
let's fun and joy,Average but good,3,0,8.1.8,05-07-2025,"Hi, if you like the app, could you please give us more stars? thanks, aman",8.1.8,Snapdeal
naresh patel,Not good experience. return policy is worst.,1,0,Unkown,05-07-2025,Hi! sorry to disappoint you. please share your order details at csmanager@snapdeal.com and i'll look into it. thanks! aman,Unknown,Snapdeal
Prince Kumar,Good,5,0,8.1.9,05-07-2025,Thanks!,8.1.9,Snapdeal
Shweta Agrawal,Very good,5,0,8.1.9,05-07-2025,Thanks a lot :),8.1.9,Snapdeal
Chandan Singh,Meri nice product,5,0,8.1.9,05-07-2025,Thanks a lot :),8.1.9,Snapdeal
Rihan Tomar,"Worst ever app don't use it first order is not delivere on time after receive item is not good even next day can't return don't install it, save your money save your time",1,0,8.1.8,05-07-2025,Hi! so sorry for the unpleasant experience. kindly share your order details at csmanager@snapdeal.com and i'll help you out. thanks! aman,8.1.8,Snapdeal
endla srinivas,Good service,5,0,8.1.9,05-07-2025,Thanks a lot :),8.1.9,Snapdeal
Nitin Astha,Good,5,0,Unkown,05-07-2025,Thanks!,Unknown,Snapdeal
GURMEET SINGH,It's a fraud app don't install always deliver wrong products don't have a proper support team,1,0,8.1.8,05-07-2025,Hi! sorry to disappoint you. please share your order details at csmanager@snapdeal.com and i'll look into it. thanks! aman,8.1.8,Snapdeal
mahesh shigwan,Nice app,5,0,8.1.8,05-07-2025,Thanks!,8.1.8,Snapdeal
Showkat,Worst experience,1,0,8.1.9,05-07-2025,Hi! sorry to disappoint you. please share your exact issue along with contact details at csmanager@snapdeal.com and we'll connect with you. thanks! aman,8.1.9,Snapdeal
Ajay Raval,Slow delivery,1,0,Unkown,05-07-2025,Hi! sorry to disappoint you. please share your order details at csmanager@snapdeal.com and i'll look into it. thanks! aman,Unknown,Snapdeal
Karan Singh,Ekadam ghatiya service order time per nahin pahunchate,1,0,8.1.9,05-07-2025,"Hi! hum aapse aise experience ke liye shama chahte hai. kripya apni order details hamein csmanager@snapdeal.com par email kare taaki hum aapki sahayata kar sake. dhanyavaad, aman",8.1.9,Snapdeal
Gyan Coaching Centre,Super site great value,5,0,Unkown,05-07-2025,Glad to hear from you :),Unknown,Snapdeal
pawan vyas,Customer support services are bad by snapdeal..... i tried many times but not any response,1,0,5.3.4a,05-07-2025,Hi pawan! so sorry to disappoint you. we've arranged a call for you. we'll be connecting with you at the earliest. thanks! sia,5.3.4a,Snapdeal
Adarsh Chaudhary,Kafi achcha aur thik thak hai products acche hain kafi saste products mil jaate hain,5,0,8.1.9,05-07-2025,"Hi! aapke bahumulay feedback ke liye dhanyavaad. thanks, aman",8.1.9,Snapdeal
Ritik Yadav,Better quality,5,0,8.1.9,05-07-2025,Thanks a lot :),8.1.9,Snapdeal
Arjun Waghule,Very nice product.so happy.,5,0,8.1.7,05-07-2025,Glad to hear from you :),8.1.7,Snapdeal
The Teller,"I have ordered 500g fig but i received a delivery of only 250g of fig and it's pack is totally different from the image and after delivering they told that it is a non -returnable item .snapdeal ....i want to return it , please do something",1,1,8.1.9,05-07-2025,Hi! sorry to disappoint you. please share your order details at csmanager@snapdeal.com and i'll look into it. thanks! aman,8.1.9,Snapdeal
Mahendra Sharma,Good,5,0,8.1.8,05-07-2025,Thanks!,8.1.8,Snapdeal
ᎪMᎪᏒ Ꮢᴏʏᴀʟ,Better app,5,0,8.1.9,05-07-2025,Thanks a lot :),8.1.9,Snapdeal
Deraiya Soyab,Please enter app text invoice not download,1,0,Unkown,05-07-2025,Hi! sorry to disappoint you. please share your exact issue along with contact details at csmanager@snapdeal.com and we'll connect with you. thanks! aman,Unknown,Snapdeal
Amit Kumar,Good,5,0,8.1.9,05-07-2025,Thanks!,8.1.9,Snapdeal
Anuj,Best,5,0,8.1.8,05-07-2025,Thanks a lot :-),8.1.8,Snapdeal
Sumit Saurabh,"Excellent app,snapdeal all products r buying from snapdeal is awesome smooth,flexible app.need to improve chatting facilities when seller cancels ordered then there is communication breach in this so improve email chat to customer care directly keep customer care executive in metropolitan cities at least fr betterment chat service ,queries related to snapdeal products understand i m regular user so sujjests snapdeal team y r u not selling tv,fridge,washing-machine laptop n mobile at affordable.",5,1,8.1.6,05-07-2025,Hi sumit! sincere apologies for the unpleasant experience. kindly share your contact details at csmanager@snapdeal.com and i'll help you out. thanks! neha,8.1.6,Snapdeal
tarannum ali,Snapdeal is a very reliable online shopping application. i really like shopping with this app.,5,0,8.1.8,05-07-2025,Thanks for your feedback :),8.1.8,Snapdeal
MUKESH SINGH,Good,4,0,8.1.9,05-07-2025,Thanks!,8.1.9,Snapdeal
shru gowda,Very good,5,0,8.1.9,05-07-2025,Thanks a ton!,8.1.9,Snapdeal
anthonyalexander dias,Good,5,0,8.1.9,05-07-2025,Thank you!,8.1.9,Snapdeal
Shalini Suman,Paid order apne ap cancel kr diya smapdeal ne.... very bad experience,1,0,8.1.9,05-07-2025,Hi shalini! so sorry for the unpleasant experience. kindly share your order details at csmanager@snapdeal.com and i'll help you out. thanks! neha,8.1.9,Snapdeal
Robin Bhandari,Absolutely amazing shopping app for everyday shopping. budget friendly and reliable,5,0,Unkown,05-07-2025,Thanks for your feedback :),Unknown,Snapdeal
Ravi Bhai APK,Best shopping aap,5,0,8.1.8,05-07-2025,Thanks a ton!,8.1.8,Snapdeal
Resham Khanna,Storage 400 mb,1,0,Unkown,05-07-2025,Hi resham! please share your exact concern at csmanager@snapdeal.com and i'll look into it. thanks! neha,Unknown,Snapdeal
ARVIND KUMAR Shrivastava,Nice delivery experience. ordering is easy if you are repeating the item. app,5,0,8.1.9,05-07-2025,Thank you for taking the time to write this review. your kind words encourage us greatly. happy shopping!,8.1.9,Snapdeal
Saicharan Arigela,Ok,5,0,Unkown,05-07-2025,Thanks a lot for your rating :),Unknown,Snapdeal
Dharma teja Murkinati,Super experience and good work,5,0,8.0.8,05-07-2025,Glad to hear from you :),8.0.8,Snapdeal
lalduhawma Pca,Good,5,0,Unkown,05-07-2025,Thanks!,Unknown,Snapdeal
Abhishek Gavit,Bast app hii,5,0,Unkown,05-07-2025,Thanks a lot :),Unknown,Snapdeal
Ajit Mukherjee,Good,5,0,8.1.9,04-07-2025,Thanks!,8.1.9,Snapdeal
Javed bike repairing centre,Nise,5,0,8.1.9,04-07-2025,Thanks!,8.1.9,Snapdeal
Shivputri Shivanshi,The website is so slow can't able to check properly and taking longer time,3,0,8.1.9,04-07-2025,"Thanks shivputri for reporting this! please whatsapp/dial on 8373902464 or email us at csmanager@snapdeal.com so that we completely understand & close the gap. thanks again, dev!",8.1.9,Snapdeal
Mohammad Aahan,"My experience was very bad, my order was to be delivered today but i did not receive anything and the delivery boy came to the location and went away",1,0,8.1.8,04-07-2025,Hi aahan! so sorry for the unpleasant experience. kindly share your order details at csmanager@snapdeal.com and i'll look into it. thanks! sia,8.1.8,Snapdeal
FIROZ TAMBE,"Nobody replying for customer service, without delivery on door step, delivery unsuccessful, nobody called for delivery. how it's possible??",1,0,8.1.9,04-07-2025,Hi firoz! so sorry for the unpleasant experience. kindly share your order details at csmanager@snapdeal.com and i'll look into it. thanks! sia,8.1.9,Snapdeal
Gangadhar Medipelli,Good,5,0,8.1.8,04-07-2025,Thank you :),8.1.8,Snapdeal
Mohit kapasiya,Super delivery,5,0,8.1.8,04-07-2025,Thanks a lot :),8.1.8,Snapdeal
Rsjan Rajan,Good product,5,0,Unkown,04-07-2025,Thanks a lot :),Unknown,Snapdeal
Priya Ramjay,I hv ordered casual shoe ...that was delivered @ 3 of july still not received my order and i was called delevery agent 10 to 15 times ...he was not responding any call...it was cash on delivery...otherwise i hv lost my money...very worst experience....i don't want buy any thing in snapdeal.....,1,1,8.1.8,04-07-2025,Hi priya! sorry to disappoint you. please share your order details at csmanager@snapdeal.com and i'll look into it. thanks! aman,8.1.8,Snapdeal
Sandeep Kumar,Good,5,0,8.1.9,04-07-2025,Thanks!,8.1.9,Snapdeal
Vipin jatav,Best product but kabhi kbhi galat product resive hone per return ko under review me kahet h or fir return hi nhi karte 600 ki 2 shirts mangaya or 1 hi aayi return lagyi to return request under review me h ab tak 20 di ho gya,2,0,Unkown,04-07-2025,Namaste vipin! asuvidha ke liye atyant khed hai. kripya hamein csmanager@snapdeal.com par order details share krein aur hum issey jald se jald solve kar denge. dhanyavaad! sia,Unknown,Snapdeal
Gaurav Bhai,Tha good aap,5,0,8.1.9,04-07-2025,Thanks!,8.1.9,Snapdeal
Abhinash Kumar,Awesome,5,0,Unkown,04-07-2025,Thanks!,Unknown,Snapdeal
Nikhil Choudhary,Very good,5,0,8.1.8,04-07-2025,Thank you :),8.1.8,Snapdeal
Md Dilkhush,Nice,5,0,8.1.8,04-07-2025,Thank you :),8.1.8,Snapdeal
Arham Ali,"Worst app for shopping after downloading this app, i can't open this app. there is always a snapdeal pop-up appears continuously. there is no option for cut or cross this panel. please take some proper and strict action in this regards . warning : take it seriously don't reply me your pre-generated text",1,1,8.1.9,04-07-2025,"Hi! thanks arham for reporting this! please whatsapp/dial on 8373902464 or email us at csmanager@snapdeal.com so that we completely understand & close the gap. thanks again, dev!",8.1.9,Snapdeal
Janak Sheladiya,Good application,5,0,8.1.8,04-07-2025,Thank you :),8.1.8,Snapdeal
Vishal VB,Parcel achcha nikala,5,0,8.1.8,04-07-2025,"Hi vishal! aapke bahumulay feedback ke liye dhanyavaad. thanks, sia",8.1.8,Snapdeal
Zeba Fatima,Ok ok price and product best,4,0,8.1.9,04-07-2025,Thank you :),8.1.9,Snapdeal
Prashant Meshram,Excellent service,5,0,Unkown,04-07-2025,Thank you :),Unknown,Snapdeal
Shaikh sohail,nan,5,0,8.1.8,04-07-2025,Thanks for your encouraging star ratings 🙂,8.1.8,Snapdeal
Rani Rohilla,Good aap,5,0,8.1.9,04-07-2025,Thanks!,8.1.9,Snapdeal
Arpit Kanoujiya,Good,5,0,8.1.7,04-07-2025,Thanks!,8.1.7,Snapdeal
Education News,Goods app,5,0,Unkown,04-07-2025,Thanks a lot :),Unknown,Snapdeal
Paarth Dhobley,"Return, replacement problem",1,0,8.1.9,04-07-2025,Hi paarth! sorry to disappoint you. please share your order details at csmanager@snapdeal.com and i'll look into it. thanks! aman,8.1.9,Snapdeal
krishna MEHRA,Very good,5,0,8.1.8,04-07-2025,Thanks a lot :),8.1.8,Snapdeal
Rais Kalawala,Very nice application,5,0,8.1.8,04-07-2025,Glad to hear from you :),8.1.8,Snapdeal
seetharama sastry,I ordered 100 nos(pkts). but received 50 nos (pkt)only,1,0,8.1.8,04-07-2025,Hi seetharama! sorry to disappoint you. please share your order details at csmanager@snapdeal.com and i'll look into it. thanks! aman,8.1.8,Snapdeal
adyou ilu,Good,3,0,7.9.1,04-07-2025,"Hi! if you like the app, could you please give us more stars? thanks, aman",7.9.1,Snapdeal
Simrandeep singh,"Poor experience, once u bought products from snapdeal , if u refund or return back the product , snapdeal didn't refund your money back , i face this problem 3+4 times on this site , i am boycotting snapdeal from now , kindly b aware",1,0,Unkown,04-07-2025,Hi simrandeep! so sorry for the unpleasant experience. kindly share your order details at csmanager@snapdeal.com and i'll look into it. thanks! avi,Unknown,Snapdeal
Bobby vlogs,Wrost app,1,0,Unkown,04-07-2025,Hi! sorry to disappoint you. please share your exact issue along with contact details at csmanager@snapdeal.com and we'll connect with you. thanks! aman,Unknown,Snapdeal
Gaurav yadav,App was very useful but quality increased kijiye,5,0,8.1.9,04-07-2025,Hi gaurav! thanks for your valuable feedback. i'll share it with the team & we'll surely look into it. thanks! aman,8.1.9,Snapdeal
Pankaj Kumar,Good,5,0,8.1.8,04-07-2025,Thanks!,8.1.8,Snapdeal
veer Rajput,Nice,5,0,Unkown,04-07-2025,Thanks!,Unknown,Snapdeal
Patel mahendr Ramanbhai,Good,5,0,8.1.9,04-07-2025,Thank you :-),8.1.9,Snapdeal
Lakhvinder Singh,Best app ever,1,0,Unkown,04-07-2025,"Thanks! if you like the app, could you please give us more stars? thanks! avi",Unknown,Snapdeal
Santosh Nikate,"Your delivery agent does not deliver the product, agent not received our call, cancel prepaid order by showing""the customer refused to get the order"" also very bad to connect customer care",1,1,8.1.8,04-07-2025,Hi santosh! so sorry for the unpleasant experience. kindly share your order details at csmanager@snapdeal.com and i'll look into it. thanks! avi,8.1.8,Snapdeal
Bangla Barta In,Very good,5,0,Unkown,03-07-2025,Thank you :-),Unknown,Snapdeal
Shefali Rathore,Snapdeal repeatedly sends wrong products and doesn’t return your money. i’ve already filed a complaint in the consumer court. stay alert and don’t fall for their fraud. please share this with others too.,1,1,8.1.8,03-07-2025,Hi shefali! so sorry to disappoint you. i’ve shared this with my team. we'll connect with you soon regarding this. thanks! sia,8.1.8,Snapdeal
S Nagendra Chiranth,Worst delivered service don't believe this,1,0,8.1.9,03-07-2025,Hi! so sorry for the unpleasant experience. kindly share your order details at csmanager@snapdeal.com and i'll look into it. thanks! sia,8.1.9,Snapdeal
agam upadhyay,Itna kharab ap h mene isse headphone mgaye aur vo duplicate h vo 5 min mai full charge ho rhe h aur bhut jaldi low ho rhe h and app pr show ho nhi ho rha ki order delivered ho gya to mai kaise replace kru this is fake app kuch mt mgana isse...,1,0,8.1.8,03-07-2025,Namaste agam! asuvidha ke liye atyant khed hai. kripya hamein csmanager@snapdeal.com par order details share krein aur hum issey jald se jald solve kar denge. dhanyavaad! sia,8.1.8,Snapdeal
bhavesh goswami,All cost is very hig,1,0,8.1.9,03-07-2025,Hi bhavesh! we regret that you didn't like our prices. we would like to inform you that we strive hard to make sure that our customers get the best quality products at low prices. we hope to see you shopping soon. thanks! avi,8.1.9,Snapdeal
Md Faizan,"Extremely disappointed. my second time purchasing wow blackseed hair oil, and both times snapdeal delivered expired products. even after returning the expired bottle, they sent me another expired one. this is unacceptable and shows zero quality control. please don’t trust snapdeal for any product — it feels like a fraud. better to buy from flipkart, amazon, or other trusted sites where you get genuine, fresh items. save your money and avoid snapdeal.",1,14,8.1.9,03-07-2025,Hi faizan! deeply regret this unpleasant experience. kindly share your order details at csmanager@snapdeal.com and i'll help you out. thanks! sia,8.1.9,Snapdeal
Mohammad Arshadh,Very good,5,0,8.1.8,03-07-2025,Thank you :),8.1.8,Snapdeal
Piyush Bhai,This is a great app,5,0,8.1.8,03-07-2025,Thank you :),8.1.8,Snapdeal
Satish Kumar,Good,5,0,8.1.8,03-07-2025,Thanks!,8.1.8,Snapdeal
Utpal Ghosh,Coustomer care sarvice not available very very bad online aap,1,1,8.1.9,03-07-2025,Hi utpal! so sorry to disappoint you. we've arranged a call for you. we'll be connecting with you at the earliest. thanks! sia,8.1.9,Snapdeal
Sachin Poddar,Good product reasonable price,5,0,8.1.8,03-07-2025,Thanks a lot :-),8.1.8,Snapdeal
Ajaipal Singh,Excellent exemplary app .commitement given is executed.,4,0,Unkown,03-07-2025,Thank you for taking the time to write this review. your kind words encourage us greatly. happy shopping!,Unknown,Snapdeal
Neha Parveen,Good app,5,0,8.1.9,03-07-2025,Thank you :),8.1.9,Snapdeal
Samit Mukherjee,Product are good according to price and delivery is good.,5,0,8.1.8,03-07-2025,Thanks for your feedback :),8.1.8,Snapdeal
Pulak Chatterjee ,Your bluedart courier service is so bad they don't deliver parcels home .,4,0,8.1.8,03-07-2025,Hi pulak! so sorry for the unpleasant experience. kindly share your order details at csmanager@snapdeal.com and i'll look into it. thanks! sia,8.1.8,Snapdeal
Swara Mandrekar,Very good aap,5,0,8.1.7,03-07-2025,Glad to know that you are happy with our app :),8.1.7,Snapdeal
sasi kumar,"Hi snapdeal, good, and low price!!! thank you,",5,0,8.1.8,03-07-2025,Thanks a ton!,8.1.8,Snapdeal
Ajay Makwana,Good,5,0,8.1.8,03-07-2025,Thank you :-),8.1.8,Snapdeal
Romi Xalxo,Good,5,0,8.1.9,03-07-2025,Thank you!,8.1.9,Snapdeal
S Gaikwad,Customer care services is very bad customer care services number is not connect,1,1,8.1.9,03-07-2025,Hi! sorry to disappoint you. kindly share your contact details at csmanager@snapdeal.com and i'll help you out. thanks! neha,8.1.9,Snapdeal
Smita Tripathi Mk pharma,Good,5,0,8.1.9,03-07-2025,Thank you!,8.1.9,Snapdeal
Laxmi Kadam,Good,5,0,8.1.9,03-07-2025,Thank you :-),8.1.9,Snapdeal
Jeetandar kumar Kumar,Very very good,5,0,8.1.6,03-07-2025,Thank you :-),8.1.6,Snapdeal
IRAYYA HIREMATH D Boss,Customer services kannada language nahin hai..,1,1,8.1.9,03-07-2025,Hi irayya! we appreciate your valuable feedback. we'll definitely share it with our team & will surely look into it. thanks! neha,8.1.9,Snapdeal
Suresh Suresh,Nice,5,0,8.1.8,03-07-2025,Thanks a ton!,8.1.8,Snapdeal
Sahim Khan,Nice good,5,0,8.1.8,03-07-2025,Thanks a lot :-),8.1.8,Snapdeal
A/c Choudhary,Very good,5,0,8.0.1,03-07-2025,Thank you :-),8.0.1,Snapdeal
Hari Yadav,Excellent,5,0,8.1.8,03-07-2025,Thank you!,8.1.8,Snapdeal
JOHN PETER,Super and very nice,5,0,8.1.8,03-07-2025,Thanks!,8.1.8,Snapdeal
Online Group,Very good shopping app,5,0,8.1.9,03-07-2025,Thanks!,8.1.9,Snapdeal
Mani Kandan,Iob,5,0,8.0.1,03-07-2025,Thanks a lot for your rating :),8.0.1,Snapdeal
Rahul Kumar,Best,5,0,8.1.7,03-07-2025,Thanks a ton!,8.1.7,Snapdeal
malkit kumar,Very good experience all the time this is osm shopping app,5,0,Unkown,03-07-2025,Glad to know that you are happy with our app :),Unknown,Snapdeal
Chootu Ali,Nice,2,0,Unkown,02-07-2025,"Hi chootu! if you like the app, could you please give us more stars? thanks! neha",Unknown,Snapdeal
Rakesh Narayan,Customer support system is worse.,1,0,8.1.8,02-07-2025,Hi rakesh! sorry to disappoint you. please share your exact issue along with contact details at csmanager@snapdeal.com and we'll connect with you. thanks! aman,8.1.8,Snapdeal
Anil gupta,Very good app for shoping,5,0,Unkown,02-07-2025,Glad to hear from you :),Unknown,Snapdeal
Shashi Jain,Wrong colour & size. pl replace.,1,0,8.1.8,02-07-2025,Hi shashi! sorry to disappoint you. please share your order details at csmanager@snapdeal.com and i'll look into it. thanks! aman,8.1.8,Snapdeal
Abin Joy,Worst experience i ordered a product delivery date is june 27 till now not delivered worst app ever,1,0,8.1.8,02-07-2025,Hi abin! sorry to disappoint you. please share your order details at csmanager@snapdeal.com and i'll look into it. thanks! aman,8.1.8,Snapdeal
Dolly Gupta,Nice app,4,0,Unkown,02-07-2025,Glad to know that you are happy with our app :),Unknown,Snapdeal
Maulik Domadia,Ordered 38 size trunk but actual size recived very small like 32 . call snapdeal customer care but they said we not have return policy on this so buy from anywhere but never buy from snapdeal,1,0,8.1.8,02-07-2025,Hi maulik! sincere apologies for the unpleasant experience. kindly share your order details at csmanager@snapdeal.com and i'll help you out. thanks! neha,8.1.8,Snapdeal
A Google user,Very very good and affordable,5,0,8.1.8,02-07-2025,Thanks a ton!,8.1.8,Snapdeal
Noor Apsha,Ok ok,5,0,Unkown,02-07-2025,Thank you for the rating!,Unknown,Snapdeal
Ramesh Kumar,Quality of the product is good and expected is fulfill,5,0,8.1.9,02-07-2025,Thanks a ton!,8.1.9,Snapdeal
Neha Patil,Good,4,0,8.1.8,02-07-2025,Thank you :),8.1.8,Snapdeal
Saumya Chaubey,I gave this app 1 star because they gave me the wrong product which i returned and also it get picked up but they didn't gave me refund for almost 3 4 days. the customer executive saying continuosly to wait 24hrs or 8 days and giving me false email that click on the link fill the details and when i click it shows me request not valid ....they r doing same things for 3 4 days regularly very bad app ...worst ever i experienced either you stop scamming people or stop your app.,1,3,8.1.9,02-07-2025,Hi saumya! sincere apologies for the unpleasant experience. i've shared this with my team. we'll connect with you soon regarding this. thanks! neha,8.1.9,Snapdeal
Kamal 4500,Excellent aap,5,0,Unkown,02-07-2025,Thank you :),Unknown,Snapdeal
Zarina Alam,Good,5,0,8.1.8,02-07-2025,Thanks!,8.1.8,Snapdeal
Sumaiya Qureshi,Good,5,0,8.1.8,02-07-2025,Thank you :),8.1.8,Snapdeal
Funny rajiv,good,5,0,8.1.8,02-07-2025,Thanks!,8.1.8,Snapdeal
Daksha Baisane,Very good,5,0,8.1.8,02-07-2025,Thanks a lot :),8.1.8,Snapdeal
Neelathi kesavarao Ilove my father,Wrost experience customer service is not good waste of your money,1,0,8.1.8,02-07-2025,Hi neelathi! so sorry for the unpleasant experience. kindly share your contact details at csmanager@snapdeal.com and we'll get in touch with you to discuss this. thanks! sia,8.1.8,Snapdeal
Rohan Ali,Amazing app,5,0,8.1.8,02-07-2025,Thank you :),8.1.8,Snapdeal
Mujabbar Ali,Good,5,0,8.1.8,02-07-2025,Thanks!,8.1.8,Snapdeal
Raj Roman,Very good,5,0,Unkown,02-07-2025,Thanks a lot :),Unknown,Snapdeal
Shri Krishna Prajapati,Good,5,0,8.1.8,02-07-2025,Thank you :),8.1.8,Snapdeal
funday prank tik Tok 420,Very good,5,0,8.1.8,02-07-2025,Thanks a lot :),8.1.8,Snapdeal
Nitin kale,Very good service....,5,0,Unkown,02-07-2025,"Hi nitin! if you like the app, could you please give us more stars? thanks, aman",Unknown,Snapdeal
Prathamesh Patil,"यह अँप ठीक नही है पहले कहते है डिलिव्हरी फ्री है, और जैसे ही पार्सल कीं तारीख आती है तो पार्सल कॅन्सल कर देते है, फिर पूछने पर डिलिव्हरी के लिए जादा पैसे लागते है एसा बोल कर डिलिव्हरी को लेट करवाते है.इसे जादा अमेझॉन और फिलपकार्ड से डिलिव्हरी टाइम् पे होती है.",1,0,8.1.8,02-07-2025,Thank you ,8.1.8,Snapdeal
Manjeet Rao,Very good aap,5,0,8.1.9,02-07-2025,Thank you :),8.1.9,Snapdeal
Pawan Verma,Good but delivery boy is taking time to reach location. he called mevefire 15 mins to reach there.,4,0,Unkown,02-07-2025,"Hi pawan! we are extremely apologetic for the inconvenience you had to face. please treat this as one of the rare instances. we'll ensure such instances are not repeated in the future. thanks, sia",Unknown,Snapdeal
Babbu Kaur,Nice app,5,0,8.1.7,02-07-2025,Thank you :),8.1.7,Snapdeal
RAJEEV MISHRA,Very good and useful application easy prosess and chif and best product available and on time delivery,5,0,8.1.8,02-07-2025,Hi rajeev! thanks for your valuable feedback. it is delightful to hear such positive words and it’s always a pleasure to serve our users. thanks! aman,8.1.8,Snapdeal
Chandrabhanu Dahariya,Nice app and good product delevered,5,0,8.1.8,02-07-2025,Glad to hear from you :),8.1.8,Snapdeal
ABDUL RAKIB SARKAR,Nice,5,0,8.1.8,02-07-2025,Thanks!,8.1.8,Snapdeal
Sailaja Reddy,Poor quality of delivery,1,0,8.1.8,02-07-2025,Hi sailaja! so sorry for the unpleasant experience. kindly share your order details at csmanager@snapdeal.com and i'll look into it. thanks! sia,8.1.8,Snapdeal
Sneha Tiwari,Very good experience,5,0,8.1.9,02-07-2025,Thank you :),8.1.9,Snapdeal
Aman Sharma,Nic product,5,0,8.1.8,02-07-2025,Thanks a lot :-),8.1.8,Snapdeal
Anipa Murmu,Good app for shopping. my kind request provide update option for mob. no and mail id. in profile.,5,0,8.1.6,02-07-2025,Hi anipa! kindly share your contact details at csmanager@snapdeal.com and we'll get in touch with you to discuss this. thanks! sia,8.1.6,Snapdeal
Shani Kumar,Good sarvis,5,0,8.1.8,01-07-2025,Thank you :-),8.1.8,Snapdeal
Nithya Varadharajan,Very bad,1,0,8.1.8,01-07-2025,Hi nithya! sorry to disappoint you. please share your exact issue along with contact details at csmanager@snapdeal.com and we'll connect with you. thanks! aman,8.1.8,Snapdeal
PHANTOM,Nice,5,0,8.1.8,01-07-2025,Thanks!,8.1.8,Snapdeal
Rashmi Rekha Devi,Very good,5,0,8.1.8,01-07-2025,Thanks a lot :-),8.1.8,Snapdeal
Rofiqul Islam,Good,5,0,8.1.8,01-07-2025,Thanks!,8.1.8,Snapdeal
Amit kumar Jha,Good,4,0,8.1.8,01-07-2025,Thanks!,8.1.8,Snapdeal
Ayush Sharma,Good,5,0,8.1.8,01-07-2025,Thanks!,8.1.8,Snapdeal
Sanjib Ghosh,Quality & quantity very good as described,5,0,8.1.8,01-07-2025,Glad to know that you are happy with our app :),8.1.8,Snapdeal
Hardik Garwal,Good,5,0,8.1.8,01-07-2025,Thank you!,8.1.8,Snapdeal
divyanshu roy,"A refund typically takes 7 to 10 business days to process and reflect in your account. but this timeframe has passed, and i have not yet received my refund. it is disgusting",1,1,8.1.8,01-07-2025,Hi divyanshu! sorry to disappoint you. kindly share your order details at csmanager@snapdeal.com and i'll help you out. thanks! neha,8.1.8,Snapdeal
Rohit Pawar,Nice app,5,0,8.1.5,01-07-2025,Glad to know that you are happy with our app :),8.1.5,Snapdeal
Janmaijai Pratap,My overall experience with this app is excellent i can get every possible thing at reasonable price . thanks snapdeal for making my online shopping experience amazing,5,1,8.1.8,01-07-2025,Thank you so much for the awesome feedback.,8.1.8,Snapdeal
Breaker of Myths,One of the worst app ever. very cheap quality stuff. there are other websites too which sold product with less selling price but with good quality stuff. not snapdeal. bad service.,1,1,8.1.8,01-07-2025,Hi! sincere apologies for the unpleasant experience. kindly share your contact / order details at csmanager@snapdeal.com and i'll help you out. thanks! neha,8.1.8,Snapdeal
Pavithra S,Very worst . i ordered one item but i received different item it cannot return i report with problem in query but no respons no customer care and late long delivery don't order anything,1,1,8.1.8,01-07-2025,Hi pavithra! sorry to disappoint you. kindly share your order details at csmanager@snapdeal.com and i'll help you out. thanks! neha,8.1.8,Snapdeal
pragnesh ramavat,Nice experience,5,0,Unkown,01-07-2025,Thank you!,Unknown,Snapdeal
Vidhi Pardhi,Good app!,5,0,8.1.8,01-07-2025,Thank you :-),8.1.8,Snapdeal
Irfana Sayyad,Nice product,4,0,8.1.8,01-07-2025,Thanks!,8.1.8,Snapdeal
Shaziya Parveen,My experience is very good n go for it everyone,5,0,8.1.8,01-07-2025,Thanks for your feedback :),8.1.8,Snapdeal
Ar Rahi,Very good,5,0,8.1.7,01-07-2025,Thanks a ton!,8.1.7,Snapdeal
Mr.Aalfaz Salmani,Bahut accha hai,5,0,8.1.8,01-07-2025,Dhanyawad.,8.1.8,Snapdeal
love you zindgi,प्रोडेस्ट अच्छे है,5,0,8.1.8,01-07-2025,Thank you,8.1.8,Snapdeal
pranay warkade,Very helpful,5,0,8.1.8,01-07-2025,Thank you!,8.1.8,Snapdeal
Bashir Ahmad Thokar,Good value of money,5,0,8.1.8,01-07-2025,Thank you :-),8.1.8,Snapdeal
Ramdulari Mishra,Nice app and delivery is top notch,5,0,Unkown,01-07-2025,Thanks for your feedback :),Unknown,Snapdeal
Bchfufuc Yfufuf,Don't use this aap ghatiya aap he,1,0,Unkown,01-07-2025,Hi! sorry to disappoint you. please elaborate your concern along with your contact number at csmanager@snapdeal.com and i'll look into it. thanks! neha,Unknown,Snapdeal
Aruna Mondal,Wonderful experience,5,0,8.1.8,01-07-2025,Thank you!,8.1.8,Snapdeal
Aukashi Baby,Open nhi ho raha,1,0,8.1.8,01-07-2025,Namaste aukashi! asuvidha ke liye atyant khed hai. kripya hamein apni contact details csmanager@snapdeal.com par share karein taaki ham jald se jald aap ki madad kar payein. dhanyavaad! neha,8.1.8,Snapdeal
Vishwas Gupta,"No return policy , even on damaged and duplicate products. don't buy from snapdeal.",1,1,8.1.8,01-07-2025,Hi vishwas! sincere apologies for the unpleasant experience. kindly share your order/contact details at csmanager@snapdeal.com and i'll help you out. thanks! neha,8.1.8,Snapdeal
Kuldeep Yadav,This app is best app and best prodact,5,0,8.1.9,30-06-2025,Thank you :-),8.1.9,Snapdeal
Sunil Panchal,I am not a blind bhakt..,5,0,8.1.8,30-06-2025,No Reply,8.1.8,Snapdeal
swapan mandal,Your delivered item is good in quantity.,4,0,8.1.8,30-06-2025,Glad to hear from you :),8.1.8,Snapdeal
Shubha Laxmi,Good,1,0,Unkown,30-06-2025,"Hi shubha laxmi! if you like the app, could you please give us more stars? thanks! neha",Unknown,Snapdeal
Umesh Pandya,Excellent,5,0,Unkown,30-06-2025,Thanks a ton!,Unknown,Snapdeal
Malini Shyamsundar,I ordered 250 gms of mixed nuts. whereas i got 100!gm of nuts.,1,0,8.1.8,30-06-2025,Hi malini! sorry to disappoint you. kindly share your order details at csmanager@snapdeal.com and i'll help you out. thanks! neha,8.1.8,Snapdeal
Aashish Bijarniya,Nice appp,5,0,8.1.8,30-06-2025,Glad to know that you are happy with our app :),8.1.8,Snapdeal
tarak shah,Overall all experience well but there are no direct customer contact support provide to contact customer care if after sales customer facing any issue there are no help line number provide in app for easy access you can only bot support which are very limited option get,3,3,8.1.8,30-06-2025,Hi tarak! so sorry for the unpleasant experience. kindly share your contact details at csmanager@snapdeal.com and i'll look into it. thanks! avi,8.1.8,Snapdeal
Nidhi Parmar,Best hai,4,0,8.1.8,30-06-2025,Dhanyavaad!,8.1.8,Snapdeal
Bickrom paul,Nic,5,0,8.1.8,30-06-2025,Thanks!,8.1.8,Snapdeal
Mukesh Kumar,Good service,5,0,8.1.8,30-06-2025,Thank you :-),8.1.8,Snapdeal
SANJAY KUMAR,Good,5,0,Unkown,30-06-2025,Thank you :-),Unknown,Snapdeal
CCAsok Kumar,Tracking of parcel not working satisfactorily. no customer friendly customer care service. the courier partner not delivered the product. i cannot see any service to complaint it. could not track. now i am in a situation of lost my money. it is seen they attempted on 27th. not any option tracking my order,3,6,8.1.8,30-06-2025,Hi asok! sorry to disappoint you. please share your order details at csmanager@snapdeal.com and i'll look into it. thanks! aman,8.1.8,Snapdeal
Anil Vishwakarma,Good,5,0,8.1.8,30-06-2025,Thanks!,8.1.8,Snapdeal
ravi pawar,Nice,5,0,Unkown,30-06-2025,Thanks!,Unknown,Snapdeal
Sahil Maurya,Nice,5,0,Unkown,30-06-2025,Thanks!,Unknown,Snapdeal
vicky randhir,Good,4,0,8.1.8,30-06-2025,Thanks!,8.1.8,Snapdeal
Asheet Kumar Panigrahi,Awesome,5,0,8.1.8,30-06-2025,Thanks a lot :),8.1.8,Snapdeal
Ashish Suman,It's a worthy aap and the ratings helped you all for your best choice and quality great snapdeal,5,0,8.1.8,30-06-2025,Glad to hear from you :),8.1.8,Snapdeal
Deshpande Upendra,Thank you for in time delivery,5,0,8.1.8,30-06-2025,Thank you :-),8.1.8,Snapdeal
Rajeev Sharma,Nice app bhidhu,5,0,8.1.8,30-06-2025,Thanks!,8.1.8,Snapdeal
Pritwijit Das,Excilent,4,0,Unkown,30-06-2025,Thanks a ton!,Unknown,Snapdeal
Deepak Mandal,Super prodect milta hai snapdeal mai,5,0,8.1.6,30-06-2025,Aapke bahumulay feedback ke liye dhanyavaad.,8.1.6,Snapdeal
Shamshad Raza,Super hai bhayi is aap ko aap log bhi download kar,5,0,8.1.8,30-06-2025,Aapke bahumulay feedback ke liye dhanyavaad.,8.1.8,Snapdeal
Shabbir Shabbir,Good,5,0,8.1.8,30-06-2025,Thanks!,8.1.8,Snapdeal
Ganesh Chichmalkar,Good app is snapdeal and very nice app,5,0,8.1.8,30-06-2025,Glad to hear from you :),8.1.8,Snapdeal
Nuu Tabing,Very good,5,0,Unkown,30-06-2025,Thanks a lot :),Unknown,Snapdeal
Ayushi Verma,Nice,5,0,8.1.8,30-06-2025,Thanks!,8.1.8,Snapdeal
NEHA VagheLa,Bohot hi aachhii app hai.,5,0,8.1.8,30-06-2025,Aapke bahumulay feedback ke liye dhanyavaad.,8.1.8,Snapdeal
Dharamveer K,Good product,5,0,8.1.9,30-06-2025,Thanks a lot :-),8.1.9,Snapdeal
Ali Abbasi,Neither the service is good nor snapdeal is fake,1,0,8.1.8,30-06-2025,Hi ali! sorry to disappoint you. please share your concern at csmanager@snapdeal.com and i'll look into it. thanks! neha,8.1.8,Snapdeal
Xtylish Alauddin,Awesome platform for shopping,5,0,8.1.8,30-06-2025,Glad to know that you are happy with our app :),8.1.8,Snapdeal
agrima dogra,Very nice ....,5,0,Unkown,30-06-2025,Thanks a lot :-),Unknown,Snapdeal
Aijaz Lone,Superb shopping experience compared to amazon,5,0,8.1.8,30-06-2025,Glad to hear from you :),8.1.8,Snapdeal
Bijay kumar,Best service with best offer,5,0,8.1.8,30-06-2025,Thanks for your feedback :),8.1.8,Snapdeal
Arshiya Arshiya,Super aap,4,0,8.1.8,30-06-2025,Thanks a ton!,8.1.8,Snapdeal
Anil Saxena,Best delivery app of recent times,5,0,8.1.8,30-06-2025,Happy to know this :),8.1.8,Snapdeal
vinod rawat,Good service,5,0,8.1.9,30-06-2025,Thanks a lot :),8.1.9,Snapdeal
Satish Anna,"Excellent app,i like",5,0,8.1.8,30-06-2025,Glad to hear from you :),8.1.8,Snapdeal
A Bhuvaneshwari,Best app to purchase products,5,0,Unkown,30-06-2025,Glad to hear from you :),Unknown,Snapdeal
Thot,This is just the best app to order what we need online,5,0,8.1.8,30-06-2025,Thanks a lot :-),8.1.8,Snapdeal
Rahil Raval,"मैने एक ऑर्डर किया था और उसको कैसल किया गया था , लेकिन उसका रिफंड अभी तक नहीं आया, इस बात को डेढ़ महीने हो गए और मैने सहायता संपर्क में भी 13 बार बात की लेकिन सभी लोग घुमा रहे हैं, मेरा refund नहीं आया।। बकवास अनुभव रहा ...",1,0,8.1.8,30-06-2025,नमस्ते राहिल! आपको हुई असुविधा के लिए हम आपसे क्षमा चाहते है। कृपया आप अपनी कांटेक्ट /ऑर्डर डिटेल्स को csmanager@snapdeal.com पर शेयर करे ताकि हम आपकी मदद कर सकें। धन्यवाद! नेहा,8.1.8,Snapdeal
Amarnath Rai,Best its amazing good deal and discounts available,5,0,8.1.9,30-06-2025,Glad to hear from you :),8.1.9,Snapdeal
Shakti Kumar,Sabse faltu app dikhata kuch hai deta kuch hai,1,0,8.1.8,30-06-2025,Namaste shakti! asuvidha ke liye atyant khed hai. kripya hamein apni order details csmanager@snapdeal.com par share karein taaki ham jald se jald aap ki madad kar payein. dhanyavaad! neha,8.1.8,Snapdeal
job forme,Awesome application for shopping,5,0,8.1.8,30-06-2025,Thanks a lot :),8.1.8,Snapdeal
Yash Dhaker,Nice,5,0,8.1.8,30-06-2025,Thanks!,8.1.8,Snapdeal
Dipali Suryawanshi,Great no extra charge,5,0,Unkown,30-06-2025,Glad to hear from you :),Unknown,Snapdeal
Siddharth abhinav,Bad,1,0,Unkown,30-06-2025,Hi siddharth! sorry to disappoint you. please share your exact issue along with contact details at csmanager@snapdeal.com and we'll connect with you. thanks! aman,Unknown,Snapdeal
nihal hbk,Very very good and best,5,0,8.1.8,29-06-2025,Thanks a ton!,8.1.8,Snapdeal
Chandani Devi,Proudly made in indian app,5,0,8.1.8,29-06-2025,Thanks!,8.1.8,Snapdeal
arijit dey,Excellent app,5,0,8.1.8,29-06-2025,Thank you :),8.1.8,Snapdeal
surendra jena,Very good,5,0,7.5.8,29-06-2025,Thank you!,7.5.8,Snapdeal
Zeel Patel,This app is just nonsense iske andar product ke review ache ache sirf dikhane ke liye hi he kuch acha aata nahi mene 3 bar order return kiya aur phir 4tha acha aaya phir 5ma order kiya or phir se alag product received huva he har bar galat aata he sirf dikhane ko app achi he or price kam hoti he baki product bakvas he aur ha ye ak star nhi nahi dena chahti phir bi dena pad raha he ye review likh saku isliye bahot bakvas app he ye,1,0,8.1.8,29-06-2025,Hi zeel! sincere apologies for the unpleasant experience. kindly share your order details at csmanager@snapdeal.com and i'll help you out. thanks! neha,8.1.8,Snapdeal
Vansh Asthana,The order is delivered very late. i am not happy with this aap,1,0,8.0.8,29-06-2025,Hi vansh! sincere apologies for the unpleasant experience. kindly share your order details at csmanager@snapdeal.com and i'll help you out. thanks! neha,8.0.8,Snapdeal
Dhananjay Sharma,Good app,5,0,Unkown,29-06-2025,Thank you :-),Unknown,Snapdeal
Jyothi Shetty,Superb,5,0,8.1.7,29-06-2025,Thank you :-),8.1.7,Snapdeal
Sharat Keot,Nice,5,0,8.1.8,29-06-2025,Thanks!,8.1.8,Snapdeal
Dipesh Shah,Good,5,0,8.1.8,29-06-2025,Thank you :-),8.1.8,Snapdeal
Ankit Raj,Best shopping application,5,0,8.1.8,29-06-2025,Thank you :-),8.1.8,Snapdeal
RAKESH KUMAR,Snapdeal bale bebkoop banate hai. 2 unit ka ek unit bhej kar. koi bhi snapdeal use na kare. mail id check kijiye?,1,0,Unkown,29-06-2025,Namaste rakesh! asuvidha ke liye atyant khed hai. kripya hamein apni order details csmanager@snapdeal.com par share karein taaki ham jald se jald aap ki madad kar payein. dhanyavaad! neha,Unknown,Snapdeal
Kumar Abhay,My best experience in this aap please visit now made in india,5,0,8.1.8,29-06-2025,Thank you :-),8.1.8,Snapdeal
A R,Scammers.no return. different photo on product page and send 5 year old product.,1,0,8.1.8,29-06-2025,Hi! so sorry for the unpleasant experience. kindly share your order details at csmanager@snapdeal.com and i'll look into it. thanks! avi,8.1.8,Snapdeal
Ramdas Sable,Packing main do ti shirt diye the..ek hi t shirt pack kar diya...proud karta hain snapdel compny...do t shirt ka paisa liya....our ek hi t shirt pack kar ke parcel kiya....,1,0,8.1.8,29-06-2025,"Hi ramdas! asuvidha ke liye maffi chahenge. aapki complaint ko forward kar diya gaya hai. kripya samay dein, hum aapse jald he contact kar aapki puri madad karenge. thanks! avi",8.1.8,Snapdeal
Bimal Choudhary,Good,5,0,8.1.8,29-06-2025,Thank you :-),8.1.8,Snapdeal
Amar Singh,Very bad,1,0,8.1.8,29-06-2025,Hi amar! so sorry for the unpleasant experience. kindly share your contact details at csmanager@snapdeal.com and i'll look into it. thanks! avi,8.1.8,Snapdeal
Dablu Singh,Not work old device,1,0,8.1.8,29-06-2025,Hi dablu! so sorry for the unpleasant experience. kindly share your contact details at csmanager@snapdeal.com and i'll look into it. thanks! avi,8.1.8,Snapdeal
Rozzi Kumari,Very good app,5,0,8.1.7,29-06-2025,Thank you :-),8.1.7,Snapdeal
Ripan Barman,Nice,5,0,8.1.8,29-06-2025,Thanks!,8.1.8,Snapdeal
Hitesh Mehta,Good,5,0,8.1.8,29-06-2025,Thank you :-),8.1.8,Snapdeal
Anik Bhattacharjee,Providing products that stopped working within 2-3 months. no responsibility. shameless behaviour. looting the customers,1,0,8.1.8,29-06-2025,Hi anik! so sorry for the unpleasant experience. kindly share your order details at csmanager@snapdeal.com and i'll look into it. thanks! avi,8.1.8,Snapdeal
Libu Thomas,ഗുഡ്,3,0,8.1.8,29-06-2025,Thank you :-),8.1.8,Snapdeal
Rushbh Kurle,Great experience,5,0,8.1.8,29-06-2025,Thank you :-),8.1.8,Snapdeal
Himanshi Aggarwal,Good experience,5,0,8.1.8,29-06-2025,Thank you :-),8.1.8,Snapdeal
Krishna Dhami,Very good,5,0,8.1.7,29-06-2025,Thank you :-),8.1.7,Snapdeal
SAYEED ANWAR HUSSAIN,Nice ap,5,0,8.1.8,29-06-2025,Thanks!,8.1.8,Snapdeal
Ashu RAJPUT,10000 rating,5,0,8.1.8,29-06-2025,Thank you :-),8.1.8,Snapdeal
Umair Khan,Best online shopping ever app,5,0,Unkown,29-06-2025,Thank you :-),Unknown,Snapdeal
Rihan Pasha,Offers not good offering is good wen went any product is price very high note good,1,0,8.1.7,29-06-2025,Hi! so sorry for the unpleasant experience. kindly share your contact details at csmanager@snapdeal.com and i'll look into it. thanks! avi,8.1.7,Snapdeal
Mobi Tech,Worst shopping app. full of fraud. ordered items not reaching & cancelled by themselves. damaged order not picking up. simply robbery our money.,1,3,8.1.8,29-06-2025,Hi! so sorry for the unpleasant experience. kindly share your order details at csmanager@snapdeal.com and i'll look into it. thanks! avi,8.1.8,Snapdeal
David saay,Best online shopping app,5,0,8.1.7,28-06-2025,Thank you :-),8.1.7,Snapdeal
Rameshwar Taxable,Nice aap,5,0,8.1.8,28-06-2025,Thanks!,8.1.8,Snapdeal
Abhishek Yadav,Very good,5,0,8.1.7,28-06-2025,Thank you :-),8.1.7,Snapdeal
Santoish Sawant,Okay,5,0,Unkown,28-06-2025,Thanks a lot for your rating :),Unknown,Snapdeal
Dhyani Dhyanesh,Very good,5,0,Unkown,28-06-2025,Thank you :-),Unknown,Snapdeal
Dip Kr dey,"The product i am viewing is being automatically ordered, so i am unable to use this app.",1,1,Unkown,28-06-2025,Hi dip! so sorry for the unpleasant experience. kindly share your contact details at csmanager@snapdeal.com and i'll look into it. thanks! avi,Unknown,Snapdeal
Syed Javeed,Good one,5,0,8.1.8,28-06-2025,Thank you :-),8.1.8,Snapdeal
Ramesh Oli,All good but delivery so late,5,0,8.1.7,28-06-2025,Hi ramesh! so sorry for the unpleasant experience. kindly share your order details at csmanager@snapdeal.com and i'll look into it. thanks! avi,8.1.7,Snapdeal
Jaya Mistry,Excellent,5,0,8.1.7,28-06-2025,Glad to hear from you :),8.1.7,Snapdeal
Pandiyarajan Rajan,Much better,5,0,8.1.8,28-06-2025,Glad to hear from you :),8.1.8,Snapdeal
Hrithik Bali,Superb,5,0,8.1.8,28-06-2025,Thank you :-),8.1.8,Snapdeal
Sachin kumar,Good,4,0,8.1.8,28-06-2025,Thank you :-),8.1.8,Snapdeal
Atish Gaikwad,Great offer,5,0,8.1.8,28-06-2025,Thanks :-),8.1.8,Snapdeal
Gaurav,Very good service,5,0,8.1.7,28-06-2025,Thank you :-),8.1.7,Snapdeal
Moni Dipa,Very bad app,1,0,Unkown,28-06-2025,"Hi moni! so sorry for the unpleasant experience. kindly share your exact concern at csmanager@snapdeal.com so that i can help you in a better way. thanks, sia",Unknown,Snapdeal
Sourabh Janghela,Thenk you,5,0,8.1.8,28-06-2025,Thank you so much for your encouraging star ratings!,8.1.8,Snapdeal
Rikesh Kumar Sah,Very good platform for shopping anything,5,0,8.1.8,28-06-2025,Glad to hear from you :),8.1.8,Snapdeal
Daleep Kumar Sain,Good exelent,5,0,8.1.8,28-06-2025,Thank you :),8.1.8,Snapdeal
Sudiksha Gore,Snapdeal customer care are worst they just said we will help you but they don't. i ordered 1 earbud but i don't like quality i request for returns but they even cant schedule my return request. i called many time to return the product but no one interest to do that. i just want my refund but no one help.,1,2,8.1.5,28-06-2025,Hi sudiksha! sincere apologies for this experience. i’ve shared this with my team. we'll connect with you soon regarding this. thanks! sia,8.1.5,Snapdeal
Balkrishna Patel,My 10 rupee notes i never received and it was cancelled by snap deal and was selling the same number notes for higher prices it is cheating to a customer i have photo i will complaint and take you people to court. before also 2 to 3 items was cancelled in same manner i have photo of that to so please send my all 8 to 9 original items to me,1,0,Unkown,28-06-2025,Hi balkrishna! so sorry for the unpleasant experience. kindly share your order details at csmanager@snapdeal.com and i'll look into it. thanks! sia,Unknown,Snapdeal
Rajesh Lanjewar,Very very nice services end product thank you,5,0,8.1.8,28-06-2025,Thank you for taking the time to write this review. your kind words encourage us greatly. happy shopping!,8.1.8,Snapdeal
Kishore Sahu,Very good aaps,5,0,8.1.8,28-06-2025,Thanks!,8.1.8,Snapdeal
Raja Hussain,Best snapdeal,5,0,Unkown,28-06-2025,Thanks!,Unknown,Snapdeal
Anil Kumar,Excellent,1,0,8.1.8,28-06-2025,"Hi anil, if you like the app, could you please give us more stars? thanks, sia",8.1.8,Snapdeal
Madhavi Billampalli,Good,5,0,8.1.8,28-06-2025,Thanks!,8.1.8,Snapdeal
Arun Baswal,Good app,5,0,8.1.8,28-06-2025,Thank you :),8.1.8,Snapdeal
Lavina Mirchandani,Good,5,0,8.1.8,28-06-2025,Thank you :),8.1.8,Snapdeal
Ajit Bhat,Service and customers are good but have to improve brands availability,5,2,8.1.9,28-06-2025,"Hi ajit! your feedback is important for us to improve. we’re actively working on this and to provide the best shopping experience to our customers. thanks, sia",8.1.9,Snapdeal
Aditi Sharma,Yh bhot hi fake app hai return ka bolte hai but product return nhi hote and na hi refund dete hai mene jitne bhi product magwaye sabhi wrong hi mile,1,0,8.1.5,28-06-2025,Hi aditi! so sorry for the unpleasant experience. kindly share your order details at csmanager@snapdeal.com and i'll look into it. thanks! sia,8.1.5,Snapdeal
tapas pal,Very good,5,0,Unkown,28-06-2025,Thanks!,Unknown,Snapdeal
Sushma Jatwa,Good,5,0,8.1.8,28-06-2025,Thanks a ton :),8.1.8,Snapdeal
Jayrajsinh Chauhan,Good,5,0,Unkown,28-06-2025,Thanks!,Unknown,Snapdeal
Renu Choudhary,Osam shopping experience snapdeal,5,0,8.1.8,28-06-2025,Thank you :),8.1.8,Snapdeal
Chow Aimangong Chiring,Great,4,0,8.1.7,28-06-2025,Thanks!,8.1.7,Snapdeal
Evaalsha Marak,"I've been using snapdeal for quite some time and overall, the experience has been smooth and satisfactory. the app interface is clean and user-friendly, with a wide range of products available at competitive prices. delivery is generally on time, and packaging is secure. customer support could be slightly faster, but they do resolve issues effectively.",5,77,8.1.8,28-06-2025,Thank you for taking the time to write this review. your kind words encourage us greatly. happy shopping!,8.1.8,Snapdeal
Nitish Sharma,Good shopping app,5,0,8.1.7,28-06-2025,Thanks!,8.1.7,Snapdeal
Gopala Krishnan,Service is good,5,0,Unkown,28-06-2025,Thanks a lot :-),Unknown,Snapdeal
Tejas Dalvi,Nice application,4,0,8.1.8,28-06-2025,Thanks!,8.1.8,Snapdeal
Nishant Raj,Avarage,4,0,8.1.8,27-06-2025,Hi nishant! kindly share your exact concern at csmanager@snapdeal.com so that i can help you in a better way. thanks! avi,8.1.8,Snapdeal
Avanika S,"Veryy baddi ordered a dress and when i first came to their delivery, there was a problem with my phone and i didn't receive it, but later they said they would deliver it within 24 hours, but now i've been calling their agent for few days and they haven't picked up.i ordered the dress for an event, but the event was over and i still haven't received it.really badplss i need a solution",1,1,8.1.8,27-06-2025,Hi avanika! so sorry for the unpleasant experience. kindly share your order details at csmanager@snapdeal.com and i'll look into it. thanks! avi,8.1.8,Snapdeal
Beeren Patel,"The product is ok considering the price, but d packing is not good, it needs to be in a box pack then on plastic pack.",5,1,8.1.9,27-06-2025,Hi beeren! thanks for your valuable feedback. i'll share it with the team & we'll surely look into it. you can also write to us at csmanager@snapdeal.com regards! avi,8.1.9,Snapdeal
Ronit Thakur,Best product,5,0,8.1.7,27-06-2025,Thank you :-),8.1.7,Snapdeal
Rashmi thakur Thakur,Good,4,0,8.1.7,27-06-2025,Thank you :-),8.1.7,Snapdeal
Krishna Kale,Best deal,5,0,8.1.7,27-06-2025,Thank you :-),8.1.7,Snapdeal
Arun kumar,Very bad application not return products under return date please do not use this application,1,0,Unkown,27-06-2025,Hi arun! so sorry for the unpleasant experience. kindly share your order details at csmanager@snapdeal.com and i'll look into it. thanks! avi,Unknown,Snapdeal
Pal Pravesh,Best delivery app&best online shopping,4,0,8.1.8,27-06-2025,Thank you :-),8.1.8,Snapdeal
SAHOO DIGITAL SERVICES,This is a fraud application. this app has cheated me. i request all of you not to order any products from this application.,1,0,Unkown,27-06-2025,Hi! so sorry for the unpleasant experience. kindly share your order details at csmanager@snapdeal.com and i'll look into it. thanks! avi,Unknown,Snapdeal
Rakesh RG,"Customer support is fake support, worst shopping site",1,0,8.1.7,27-06-2025,Hi rakesh! so sorry for the unpleasant experience. kindly share your order details at csmanager@snapdeal.com and i'll look into it. thanks! avi,8.1.7,Snapdeal
Harman Singh,Best,5,0,8.1.8,27-06-2025,Thank you :-),8.1.8,Snapdeal
Sheetal Thorat,Very good product. smoothly delivered . thanks,5,0,8.1.8,27-06-2025,Thank you :-),8.1.8,Snapdeal
Param Singh,Excellent,5,0,8.1.7,27-06-2025,Thank you :-),8.1.7,Snapdeal
sunil mohanta,Good,4,0,8.1.8,27-06-2025,Glad to hear from you :),8.1.8,Snapdeal
RATHER MUZAFAR,Awesome i am really satisfied with this app,5,0,8.1.7,27-06-2025,Glad to hear from you :),8.1.7,Snapdeal
Vyas Suresh kumar,Very good,5,0,8.1.8,27-06-2025,Thank you :-),8.1.8,Snapdeal
Viashnavi,Perfect,5,0,8.1.8,27-06-2025,Thank you :-),8.1.8,Snapdeal
NIBHA KUMARI,Excellent,5,0,8.1.8,27-06-2025,Thank you :-),8.1.8,Snapdeal
Vinod Agarwal,Best,5,0,Unkown,27-06-2025,Thank you :-),Unknown,Snapdeal
Sheila Lobo,Get's good items,5,0,8.1.8,27-06-2025,Thank you :-),8.1.8,Snapdeal
Vipinkumar Kumar,Good shopping apps,5,0,8.1.8,27-06-2025,Thank you :-),8.1.8,Snapdeal
Ankit kumar Ray ,Excellent,5,0,8.1.8,27-06-2025,Glad to hear from you :),8.1.8,Snapdeal
Md Abdulhai,Good,5,0,8.1.7,27-06-2025,Glad to hear from you :),8.1.7,Snapdeal
Himanshu Parihar,Best app for shopping,5,0,Unkown,27-06-2025,Thank you :-),Unknown,Snapdeal
jony kardam,Best service,5,0,8.1.8,27-06-2025,Thank you :-),8.1.8,Snapdeal
Om Singh,Very good product and best quality,5,0,Unkown,27-06-2025,Thank you :-),Unknown,Snapdeal
Amit Rana,Amazing,5,0,8.1.8,27-06-2025,Thank you :-),8.1.8,Snapdeal
Kuldeep. Rathore,Best' app,5,0,8.1.8,27-06-2025,Thanks!,8.1.8,Snapdeal
Ritikk Rathod,Good,4,0,8.1.7,27-06-2025,Thanks!,8.1.7,Snapdeal
Rajoli Girisai Madhav,"No interactive support. fake sellers and fake products. blames customers by sending wrong products. blaming customers for the faults made by suppliers is not the best thing for snapdeal. it's the responsibility of your platform to check if sellers send correct items and if they're intact with the provided details, so, customer gets satisfied and won't return the products and return ration wouldn't get increased for you too. you're playing with valuable customers.",1,1,8.1.8,27-06-2025,Hi rajoli! so sorry for the unpleasant experience. kindly share your order details at csmanager@snapdeal.com and i'll help you out. thanks! sia,8.1.8,Snapdeal
Mau Naim,Very good,5,0,8.1.8,27-06-2025,Thank you :),8.1.8,Snapdeal
Ajay chakravarty,Great product that was received. a small aeroplane that can fly also,5,0,8.1.8,27-06-2025,Thanks a lot :-),8.1.8,Snapdeal
Jyoti Maru,Good,5,0,8.1.8,27-06-2025,Thank you :),8.1.8,Snapdeal
Ranjeet Kumar,Very nice,4,0,8.1.7,27-06-2025,Thank you :),8.1.7,Snapdeal
kamlesh kumar sahu,Bahut badhiya saman deta hai peject abhi badhiya aata hai,5,0,8.1.8,27-06-2025,Thank you :),8.1.8,Snapdeal
meghala,"Bad experience in this app, delivery person not co- operative person , please improve delivery the materials",1,0,8.1.8,27-06-2025,Hi meghala! so sorry for the unpleasant experience. kindly share your order details at csmanager@snapdeal.com and i'll look into it. thanks! sia,8.1.8,Snapdeal
shubham singh,Excellent service genuine product.,5,0,Unkown,27-06-2025,Thanks a lot :-),Unknown,Snapdeal
Bharti garg Gautam,Good experience,5,0,8.1.8,27-06-2025,Thank you :),8.1.8,Snapdeal
Amjad Turk.,Nice,5,0,8.1.8,27-06-2025,Thanks!,8.1.8,Snapdeal
Manish Chandrawanshi,Easy to return product...i am very happy with snapdeal's service,5,0,8.1.7,27-06-2025,Thank you for taking the time to write this review. your kind words encourage us greatly. happy shopping!,8.1.7,Snapdeal
Adhyatm Srivastava,Worst app,1,0,8.1.8,27-06-2025,Hi adhyatm! so sorry for the unpleasant experience. kindly share your exact concern at csmanager@snapdeal.com so that i can help you in a better way. thanks! avi,8.1.8,Snapdeal
Kunal Chopra,Good,5,0,8.1.7,27-06-2025,Thanks a lot :-),8.1.7,Snapdeal
Ripan Miah,Good,5,0,Unkown,27-06-2025,Thank you :),Unknown,Snapdeal
Nandakumaran Nair C.N,"Very good service, in time delivery thankyou.",5,0,8.1.8,26-06-2025,Thanks a lot :-),8.1.8,Snapdeal
Priyanshu Kesharwani,Very poor quality products,1,0,8.1.8,26-06-2025,Hi priyanshu! so sorry for the unpleasant experience. kindly share your order details at csmanager@snapdeal.com and i'll look into it. thanks! sia,8.1.8,Snapdeal
vikram brar,Nice,5,0,Unkown,26-06-2025,Thanks!,Unknown,Snapdeal
saurabh pandey,Ghatiya app,1,0,Unkown,26-06-2025,"Hi! asuvidha ke liye maffi chahenge. kripya apna exact concern csmanager@snapdeal.com par share karein, taaki hum aapki behtar tareeke se sahaayata kar sakein. thanks! sia",Unknown,Snapdeal
Aditya Bisht (Aadi),wow! this app is very awesome chiefest rate of thing i like it.....,5,0,8.1.8,26-06-2025,Thank you :),8.1.8,Snapdeal
RAHUL PATIL,Eczemaron product is good & usefull.thanks,5,0,8.1.8,26-06-2025,Thanks a lot :-),8.1.8,Snapdeal
AMARPREM AP JANGIR,Ok ok,4,0,8.1.7,26-06-2025,Thanks a lot for your rating :),8.1.7,Snapdeal
Suchismita Panda,Good,5,0,8.1.8,26-06-2025,Thanks!,8.1.8,Snapdeal
Salil Raghvan,Amazing one app,5,0,8.1.7,26-06-2025,Thanks a lot :),8.1.7,Snapdeal
Nikhil Diwakar,Good app,5,0,8.1.8,26-06-2025,Thanks a lot :),8.1.8,Snapdeal
Naga Naga,Nice,5,0,8.1.6,26-06-2025,Thanks!,8.1.6,Snapdeal
Sujal mandekar,Mst he,5,0,8.1.8,26-06-2025,Dhanyavaad!,8.1.8,Snapdeal
Pushpa Giri,It's awesome,5,0,8.1.8,26-06-2025,Thank you :),8.1.8,Snapdeal
Md Ali,To good,5,0,8.1.7,26-06-2025,Thank you :),8.1.7,Snapdeal
vignesh waran,Worst experience of customer service and my delivery is still delaying.worst experience ever,1,0,8.1.7,26-06-2025,Hi vignesh! so sorry for the unpleasant experience. kindly share your order details at csmanager@snapdeal.com and i'll help you out. thanks! sia,8.1.7,Snapdeal
mubeen samad,Very good service,5,0,8.1.8,26-06-2025,Thanks a lot :-),8.1.8,Snapdeal
SHAAN MANSOORI,Maja ni aya yr,1,0,Unkown,26-06-2025,"Hi shaan! asuvidha ke liye maffi chahenge. kripya csmanager@snapdeal.com par apna concern vistarporvak batayen krein taki hum aapki madad kar sake. thanks, sia",Unknown,Snapdeal
Ngopi,Nice,5,0,Unkown,26-06-2025,Thank you :),Unknown,Snapdeal
Lavit Khan,Is natural product very very super,5,0,Unkown,26-06-2025,Thanks a ton!,Unknown,Snapdeal
Sonu Patel,Good,4,0,8.1.8,26-06-2025,Thank you!,8.1.8,Snapdeal
Raju Raju,Supply very bad and different products,1,0,8.1.7,26-06-2025,Hi raju! sorry to disappoint you. kindly share your order details at csmanager@snapdeal.com and i'll help you out. thanks! neha,8.1.7,Snapdeal
Roop Yadav,Nice products and and experience,5,0,8.1.8,26-06-2025,Thanks a ton!,8.1.8,Snapdeal
Suraj Kumar,"I recently shopped on snapdeal and had a great experience! the product quality was excellent, delivery was on time, and the customer service team was very responsive. i’m impressed with the wide variety of options available at reasonable prices. highly recommend snapdeal for hassle-free online shopping",5,3,8.1.8,26-06-2025,Thank you for sharing your experience with us,8.1.8,Snapdeal
Zaid mansoori Zaid mansoori,Very happy,5,0,8.1.8,26-06-2025,Thanks!,8.1.8,Snapdeal
SHARVAN KUMAR,Good,5,0,8.1.8,26-06-2025,Thanks a lot :-),8.1.8,Snapdeal
ITZme Sahil,Nice app,5,0,8.1.7,26-06-2025,Glad to know that you are happy with our app :),8.1.7,Snapdeal
Rahul Sharma,Best service,5,0,8.1.8,26-06-2025,Thanks a ton!,8.1.8,Snapdeal
Sirajali King_786_,Good,5,0,8.1.7,26-06-2025,Thanks!,8.1.7,Snapdeal
Asha,Satisfying this app,5,0,8.0.5,26-06-2025,Thanks for your feedback :),8.0.5,Snapdeal
sangeetha geetha,The mobile stand is good product,5,0,Unkown,26-06-2025,Thanks a lot :-),Unknown,Snapdeal
s k xx killer Pal,Very nice,5,0,8.1.7,26-06-2025,Thanks a lot :-),8.1.7,Snapdeal
Babita Singh,Very good,5,0,8.1.8,26-06-2025,Thank you :),8.1.8,Snapdeal
Sumanta Bagh,Good,5,0,8.1.8,26-06-2025,Thanks!,8.1.8,Snapdeal
Raja Singh,Nice,5,0,Unkown,26-06-2025,Thanks!,Unknown,Snapdeal
Danish kaiz,Good,5,0,8.1.8,26-06-2025,Thank you :),8.1.8,Snapdeal
Birendra Kumar,Very nice sopping center,5,0,8.1.8,26-06-2025,Thanks a lot :-),8.1.8,Snapdeal
Shubham Goyal,App doesn't open,3,0,8.1.8,26-06-2025,"Hi shubham! apologies for the inconvenience caused. kindly share the screenshot of the error along with contact details at csmanager@snapdeal.com and i'll help you out. thanks, aman",8.1.8,Snapdeal
Bhawani Surya,Snapdeal = scamdeal literally you've receive damaged product in replacement they send you the same product rather than replacement for new item returns are like years to wait just frustrating experience,1,1,8.1.7,26-06-2025,Hi bhawani! sorry to disappoint you. please share your order details at csmanager@snapdeal.com and i'll look into it. thanks! aman,8.1.7,Snapdeal
Asfak Khan,Good i am happy,5,0,8.1.8,26-06-2025,Thanks!,8.1.8,Snapdeal
Renubala Nayak,Over well good,5,0,8.1.8,26-06-2025,Thanks a lot :-),8.1.8,Snapdeal
Sujivenkatesan1978,nan,5,0,Unkown,25-06-2025,Thank you for the rating!,Unknown,Snapdeal
Chinimayee Panda,I like this app but if you keep mobile phones in your store then this is easy for shopping,5,0,8.1.8,25-06-2025,Hi chinimayee! thanks for your valuable feedback. i'll share it with the team & we'll surely look into it. thanks! neha,8.1.8,Snapdeal
Rakesh Kumar,Very helpfull plate form on shopping thanks to snapdeal,5,0,8.1.7,25-06-2025,Thank you so much for the awesome feedback.,8.1.7,Snapdeal
kishan Kumar,,5,0,Unkown,25-06-2025,Thank you for the rating!,Unknown,Snapdeal
Kowshik Dutta,Excellent quality,5,0,8.1.7,25-06-2025,Thanks a ton!,8.1.7,Snapdeal
ARFA ALAMRI,The air pod are good in 6 days and not charging is working its not open the air pods the red charging light is not able to see when charger is connect,4,0,8.1.8,25-06-2025,Hi arfa! sorry to disappoint you. kindly share your order details at csmanager@snapdeal.com and i'll help you out. thanks! neha,8.1.8,Snapdeal
Amolee Gujarathi,Snapdeal has improved ...the snapdeal which i used 5 years back and now its improved. now days flipkart and amazon is worst they are cheating people they also charge delivery fee here its free free,5,0,8.1.8,25-06-2025,Thanks for your valuable feedback.,8.1.8,Snapdeal
Mahavir Kasana,Veri good,5,0,8.1.8,25-06-2025,Thanks a ton!,8.1.8,Snapdeal
Pankaj Prajapati,Rong delivery not return bad app bekar app hai jo mal dikhta vo nahi delivey hota hai aur not return lik dete hai bad app,1,0,8.1.8,25-06-2025,Namaste pankaj! asuvidha ke liye atyant khed hai. kripya hamein apni order details csmanager@snapdeal.com par share karein taaki ham jald se jald aap ki madad kar payein. dhanyavaad! neha,8.1.8,Snapdeal
Thiru Pathi,Nice,5,0,8.1.7,25-06-2025,Thanks!,8.1.7,Snapdeal
sunil Jadhav,One of the worst experiences with delivery.....!,1,0,8.1.8,25-06-2025,Hi sunil! sorry to disappoint you. kindly share your order details at csmanager@snapdeal.com and i'll help you out. thanks! neha,8.1.8,Snapdeal
Kamruddin Khan,Good,5,0,8.1.8,25-06-2025,Thanks a ton!,8.1.8,Snapdeal
yasmeen bano,Froot app,1,0,8.1.8,25-06-2025,Hi yasmeen! sorry to disappoint you. please share your exact issue along with contact details at csmanager@snapdeal.com and we'll connect with you. thanks! aman,8.1.8,Snapdeal
Walia Ss,Very baf,1,0,Unkown,25-06-2025,Hi! sorry to disappoint you. please share your exact issue along with contact details at csmanager@snapdeal.com and we'll connect with you. thanks! aman,Unknown,Snapdeal
Ujjawal kumar Vishwakarma,Very good,5,0,8.1.7,25-06-2025,Thanks a lot ,8.1.7,Snapdeal
Mohit Narzary,Very good app,5,0,8.1.7,25-06-2025,Glad to hear from you ,8.1.7,Snapdeal
Renu Bhalla,Good product,5,0,Unkown,25-06-2025,Thanks a lot ,Unknown,Snapdeal
Meshi Suryavanshi,Good aap,5,0,8.1.7,25-06-2025,Thanks a lot ,8.1.7,Snapdeal
Rajiv kumar,Nice,5,0,8.1.8,25-06-2025,Thanks,8.1.8,Snapdeal
Sandeep Kushwaha,Good,5,0,8.1.8,25-06-2025,Thanks,8.1.8,Snapdeal
Pooja. . Gupta,Best app,4,0,Unkown,25-06-2025,Thanks a lot ,Unknown,Snapdeal
Pranjal sharma,Always low prices,5,0,8.1.3,25-06-2025,Thanks a lot ,8.1.3,Snapdeal
Princy Bhadu,Very bad experience i ordered one item and received another item and denied for refund worst app experience please don't order from this app,1,0,8.1.8,25-06-2025,Hi princy! sincere apologies for the unpleasant experience. kindly share your order details at csmanager@snapdeal.com and i'll help you out. thanks! aman,8.1.8,Snapdeal
Shankar sharan MISHRA,Good service,5,0,8.1.8,25-06-2025,Thanks a lot ,8.1.8,Snapdeal
Hasan Palsaniya,Very nice,4,0,8.1.8,25-06-2025,Thanks a lot ,8.1.8,Snapdeal
SURESH KUMAR,Very good,5,0,8.1.8,25-06-2025,Thanks a ton,8.1.8,Snapdeal
Harpreet Kaur,Good,5,0,Unkown,25-06-2025,Thanks a ton,Unknown,Snapdeal
Letha Manoj,Good,5,0,Unkown,25-06-2025,Thank you!,Unknown,Snapdeal
Shubham kute,Good application with low price and good product quality,5,0,8.1.8,25-06-2025,Glad to hear from you ,8.1.8,Snapdeal
PRERNA PAREEK,I purchased a hair growth serum of rosemary from the snapdeal for the first time and the quality was good and received the product in good condition.,5,1,8.1.8,25-06-2025,Thank you for your positive feedback ,8.1.8,Snapdeal
Saty Narayan Shah,Good,5,0,8.1.5,25-06-2025,Thank you,8.1.5,Snapdeal
Kishor Sahu,Product is too good but price is high ok,4,0,8.1.8,25-06-2025,Hi kishor! we regret that you didn't like our prices. we strive hard to make sure that our customers get the best quality products at low prices. we’ll share your feedback with our team. thanks! neha,8.1.8,Snapdeal
Sombir Singh,Thank you,4,0,8.1.8,25-06-2025,Thank you,8.1.8,Snapdeal
DINESH KUMAR BURNWAL,Payment received thank you,4,1,8.1.8,25-06-2025,Glad to assist you ,8.1.8,Snapdeal
Lovely Aman,Nice,5,0,8.1.8,25-06-2025,Thanks,8.1.8,Snapdeal
Sivananda Takhellambam,Good,5,0,8.1.8,25-06-2025,Thanks,8.1.8,Snapdeal
Robinsh Kanojiya,Good product selling app,5,0,8.1.7,25-06-2025,Glad to know that you are happy with our app ,8.1.7,Snapdeal
Ãjåy Bãiñs (Ãjú),Good service,5,0,8.1.8,24-06-2025,Thanks a ton!,8.1.8,Snapdeal
chhaya mehta,Not satisfied,1,0,8.1.8,24-06-2025,Hi chhaya! we are here to help you. please share your concern at csmanager@snapdeal.com and i'll look into it. thanks! neha,8.1.8,Snapdeal
Cheryl Dsouza,Snapdeal uses fraud logistics i.e. ekart couriers who keep prepaid products for themselves. robbers. don't order anything from snapdeal. there are many customers whose items are missing.,1,0,8.1.0,24-06-2025,Hi cheryl! sincere apologies for the unpleasant experience. kindly share your order details at csmanager@snapdeal.com and i'll help you out. thanks! neha,8.1.0,Snapdeal
Harsh Mishra,"This is not a shopping app, this is a scam factory. i ordered a prepaid product from snapdeal, cancelled it within hours, and now it's been days but the refund hasn’t reached my account. the app shows “refund initiated” like they did me a favor, but nothing reflects in my bank. this kind of behavior isn’t just unprofessional — it’s straight-up fraud. i’ve tried contacting support —what a joke. there’s no real human, only bots spinning you in an infinite loop like a circus completely rubbish app",1,0,Unkown,24-06-2025,Hi harsh! so sorry for the unpleasant experience. kindly share your order details at csmanager@snapdeal.com and i'll look into it. thanks! avi,Unknown,Snapdeal
alam ansari,Nice ......,5,0,8.1.8,24-06-2025,Thanks!,8.1.8,Snapdeal
murali krishna katta,good,5,0,8.1.8,24-06-2025,Thank you!,8.1.8,Snapdeal
Amish Shah,Superb app ....,5,0,8.1.8,24-06-2025,Glad to know that you are happy with our app :),8.1.8,Snapdeal
Reena Rajput,Very bad service and delivery time eating process i would never make any order again from snapdeal i really hate this app,1,0,8.1.8,24-06-2025,"Hi reena! so sorry to disappoint you. please confirm if the concern is regarding ""the monaina ceapt shoulder bag pu set of 1 ( maroon )""? thanks! neha",8.1.8,Snapdeal
Premchand Patel,The worst app. they didn't refund product amount.,1,0,8.1.7,24-06-2025,Hi premchand! really sorry for the unpleasant experience. your concern has been escalated and you will be contacted by our team at the earliest. thanks! neha,8.1.7,Snapdeal
Expect D' Unexpected,Great,5,0,7.9.0,24-06-2025,Thanks!,7.9.0,Snapdeal
Venom GHOST,Enable copy option of suborder id,1,0,8.1.7,24-06-2025,Hi! sorry to disappoint you. please elaborate your concern along with your contact number at csmanager@snapdeal.com and i'll look into it. thanks! neha,8.1.7,Snapdeal
Kushal Jain,Great,5,0,8.1.8,24-06-2025,Thanks a ton!,8.1.8,Snapdeal
सुजीत सिंह,Very very bad service,1,0,8.1.8,24-06-2025,Hi sujeet! sorry to disappoint you. please share your exact issue along with contact details at csmanager@snapdeal.com and we'll connect with you. thanks! aman,8.1.8,Snapdeal
Revathi Ch,Excellent app i love it......,5,0,8.1.8,24-06-2025,Thanks a lot :),8.1.8,Snapdeal
Adil Yousuf,Well satisfied experience,5,0,8.1.8,24-06-2025,Glad to hear from you :),8.1.8,Snapdeal
kaku dhatwalia,Good,5,0,8.1.8,24-06-2025,Thanks a ton!,8.1.8,Snapdeal
Dilbag Singh,Good dilivery,5,0,8.1.8,24-06-2025,Thanks a lot :),8.1.8,Snapdeal
Chiyaan Kavi,Worst experience snapdeal not receive my order thevdiya pasanga ommala okka,1,0,8.1.8,24-06-2025,Hi! sincere apologies for the unpleasant experience. i’ve shared this with my team. we'll connect with you soon regarding this. thanks! aman,8.1.8,Snapdeal
Aashu Kumar,Good product,5,0,8.1.8,24-06-2025,Thank you :-),8.1.8,Snapdeal
jaya chandran,Very good,5,0,8.1.8,24-06-2025,Thank you :-),8.1.8,Snapdeal
Korak Saha,Pretty good deals,5,0,8.1.8,24-06-2025,Thanks a lot :),8.1.8,Snapdeal
THE_ BEAST,Good,4,0,8.1.8,24-06-2025,Thanks!,8.1.8,Snapdeal
Om Kumar,Love you,5,0,Unkown,24-06-2025,Thanks for your encouraging star ratings 🙂,Unknown,Snapdeal
Vishal Jadhav,Very good,5,0,8.1.7,24-06-2025,Thank you :-),8.1.7,Snapdeal
Manish Manchla,Good,5,0,8.1.8,24-06-2025,Thank you :-),8.1.8,Snapdeal
Rashid Ali Sheikh,B good product,5,0,8.1.8,24-06-2025,Thank you :-),8.1.8,Snapdeal
Ajay Sisodiya,Very nice app and very perfect product,5,0,8.1.8,24-06-2025,Glad to hear from you :),8.1.8,Snapdeal
Vandana Kukreti,Good,5,0,8.1.7,24-06-2025,Thanks!,8.1.7,Snapdeal
Mourya,Worst app ever no way to reach customer care soo long delay in order please don't use this app for shopping and don't waste your time and money,1,0,8.1.8,24-06-2025,Hi mourya! sorry to disappoint you. please share your order details at csmanager@snapdeal.com and i'll look into it. thanks! aman,8.1.8,Snapdeal
Ajay Kumar,महँगा मिलता है,1,0,8.1.8,24-06-2025,नमस्ते अजय! हम माफ़ी चाहेंगे की आपको हमारे दाम पसंद नहीं आये. हम आपको बताना चाहेंगे की हम कड़ी मेहनत करते है अच्छे प्रोडक्ट्स बहुत कम दाम में उपलब्ध कराने के लिए. आशा करते है की आप हमसे जल्द जुड़ेंगे. धन्यवाद! अमन,8.1.8,Snapdeal
Krishanu in,I have returned my order but no update on it yet,1,0,8.1.8,23-06-2025,Hi krishanu! so sorry for the unpleasant experience. kindly share your order details at csmanager@snapdeal.com and i'll look into it. thanks! avi,8.1.8,Snapdeal
Neha Kumari,This such a ridiculous app. they have delivered damaged product which had 7 days return policy. when i tried returning it is showing return closed. cheap app. just stealing money. plzz don't buy anything from here,1,1,8.1.7,23-06-2025,Hi neha! sorry to disappoint you. please share your order details at csmanager@snapdeal.com and i'll look into it. thanks! aman,8.1.7,Snapdeal
Kamla Palli,Good product quality,5,0,8.1.8,23-06-2025,Thank you :-),8.1.8,Snapdeal
BhupenDra Srivas,Achcha,5,0,8.1.8,23-06-2025,Dhanyavaad!,8.1.8,Snapdeal
Madhu Kumar,Very very very worst app. delivery very very long no refunds this app not purchasing this app,1,0,8.1.8,23-06-2025,Hi madhu! so sorry for the unpleasant experience. kindly share your order details at csmanager@snapdeal.com and i'll look into it. thanks! avi,8.1.8,Snapdeal
Jacob Dvrma,Very good,5,0,8.1.8,23-06-2025,Thank you :-),8.1.8,Snapdeal
Jainil Parikh,Best services without any problems,5,0,8.1.8,23-06-2025,Thank you :-),8.1.8,Snapdeal
Tapan Pradhan,Nice product,5,0,8.1.7,23-06-2025,Thanks!,8.1.7,Snapdeal
CHARAN RATHLAVATH,Nice online shopping app for lowest price,5,0,8.1.8,23-06-2025,Thanks!,8.1.8,Snapdeal
Ashish singh Akshay,Bad aap,1,0,Unkown,23-06-2025,Hi ashish! so sorry for the unpleasant experience. kindly share your contact details at csmanager@snapdeal.com and i'll look into it. thanks! avi,Unknown,Snapdeal
Avaneesh Tripathi,You are doing frod.i booked to article you send wrong article and.i was seen before before bookin returns policy that was 7 days returns policy but not after recieve not active yet,1,0,8.1.8,23-06-2025,Hi avaneesh! so sorry for the unpleasant experience. kindly share your order details at csmanager@snapdeal.com and i'll look into it. thanks! avi,8.1.8,Snapdeal
Neelam Singh,Good,5,0,Unkown,23-06-2025,Thank you :-),Unknown,Snapdeal
AMAN NIYAZI,"This app is very good, their service is very good. i find the app very simple and their delivery is also very good. thanks snapdeal.",5,1,8.1.8,23-06-2025,Hi aman! love it when you are happy with us. this shall continue forever. thanks! avi,8.1.8,Snapdeal
Shama Perveen,Amazing service,5,0,8.1.7,23-06-2025,Thanks a ton!,8.1.7,Snapdeal
Mohd Asif ansari,Good items good delivery good experience,5,0,8.1.7,23-06-2025,Thanks a lot :-),8.1.7,Snapdeal
suhana Khatun,Very good,5,0,8.1.8,23-06-2025,Thanks a ton!,8.1.8,Snapdeal
prabhat mahawar,Good,5,0,8.1.7,23-06-2025,Thanks!,8.1.7,Snapdeal
Grace Lazarus,Excellent,5,0,8.1.7,23-06-2025,Glad to hear from you :),8.1.7,Snapdeal
Sona Varma,Best shopping app.all products are good quality and reasonable price,5,0,8.1.8,23-06-2025,Glad to know that you are happy with our app :),8.1.8,Snapdeal
Namrata Verma,"Good online shopping app,but delivery takes too much time,almost 10 to 12 days...",3,0,Unkown,23-06-2025,Hi namrata! sorry to disappoint you. kindly share your contact / order details at csmanager@snapdeal.com and i'll help you out. thanks! neha,Unknown,Snapdeal
lotade froh,Good experience and i am actually using this app first time its very good app,5,0,8.1.8,23-06-2025,Glad to know that you are happy with our app :),8.1.8,Snapdeal
Ankit Bharti,Nice,5,0,8.1.8,23-06-2025,Thanks a lot :),8.1.8,Snapdeal
actor model Mohsin Khan mohsin khan,Nyc aap and nyc product quality,5,0,8.1.8,23-06-2025,Glad to hear from you :),8.1.8,Snapdeal
Sulekha Sharma,Very good application for shopping very good,5,0,Unkown,23-06-2025,Thanks a lot :-),Unknown,Snapdeal
Kanwal Chaba,I ordered very good quality very good service,5,0,8.1.8,23-06-2025,Glad to hear from you :),8.1.8,Snapdeal
Peter Shiu,Perfect shoping app,5,0,8.1.5,23-06-2025,Glad to hear from you :),8.1.5,Snapdeal
SUMIT,Good service,5,0,8.1.8,23-06-2025,Thanks a ton!,8.1.8,Snapdeal
Kanna Chandu,"Stupied app ever u send always weong product why? tha,s very bad & noo return aslo!",3,0,8.1.8,23-06-2025,Hi chandu! i am sorry for the unpleasant experience you’ve been through. kindly share your order details at csmanager@snapdeal.com and i'll help you out. thanks! neha,8.1.8,Snapdeal
shubhangi shubhangivedpathak@ymail.com,Maine jitney bhi gahi spadil se li haisab bahot acha hai koi kabhi prabalya nahi now bahot acha hai,5,0,8.1.8,23-06-2025,Aapke bahumulay feedback ke liye dhanyavaad.,8.1.8,Snapdeal
Om Kumar,Bad never use this during shopping agent of this application is bad behaviour,1,0,8.1.8,23-06-2025,Hi om! sorry to disappoint you. please share your exact issue along with contact details at csmanager@snapdeal.com and we'll connect with you. thanks! aman,8.1.8,Snapdeal
Chandarani Shirke,Good,5,0,8.1.7,23-06-2025,Thanks!,8.1.7,Snapdeal
Rajkumar Kshirsagar,Very nice service,5,0,Unkown,22-06-2025,Glad to hear from you :),Unknown,Snapdeal
AT Finance portal,Froud application,1,0,8.0.1,22-06-2025,Hi akash! sorry to disappoint you. please share your exact issue along with contact details at csmanager@snapdeal.com and we'll connect with you. thanks! aman,8.0.1,Snapdeal
Naushad Rayeen,Awesome,5,0,8.1.8,22-06-2025,Glad to hear from you :),8.1.8,Snapdeal
Apex,It's really good and the experience is really cool on snapdeal.,5,0,8.1.8,22-06-2025,Glad to know that you are happy with our app :),8.1.8,Snapdeal
Nidhi Pundir,It was good ....fabric of clothes was nycc...i really like it,5,0,8.1.8,22-06-2025,Thank you for taking the time to write this review. your kind words encourage us greatly. happy shopping!,8.1.8,Snapdeal
The Exposer,Good application,5,0,8.1.8,22-06-2025,Glad to know that you are happy with our app :),8.1.8,Snapdeal
Laishram Sushil,Excellent,5,0,Unkown,22-06-2025,Thanks a lot :-),Unknown,Snapdeal
Vicky Kumar,Nic...aplication,5,0,8.1.8,22-06-2025,Thanks a lot :-),8.1.8,Snapdeal
Pragya Mishra,Very nice,5,0,8.1.8,22-06-2025,Thanks a lot :-),8.1.8,Snapdeal
Monali Vishwakarma,Mere paise kitne din ho gaye refund hi nahi hue mujhe bhangaar hai snapdeal app,1,0,Unkown,22-06-2025,"Hi monali! hum aapse aise experience ke liye shama chahte hai. kripya apni order details hamein csmanager@snapdeal.com par email kare taaki hum aapki sahayata kar sake. dhanyavaad, aman",Unknown,Snapdeal
Subhan Khan,Great shopping experience thank you,5,0,Unkown,22-06-2025,Thank you for sharing your experience with us :),Unknown,Snapdeal
Tarun Krishna Borah,3rd class app please do not installed,1,0,8.1.8,22-06-2025,Hi tarun! sorry to disappoint you. please share your concern at csmanager@snapdeal.com and i'll look into it. thanks! neha,8.1.8,Snapdeal
Ingobi Angom,Good item,4,0,8.1.7,22-06-2025,Thanks a lot :),8.1.7,Snapdeal
Gauri Korhalli,"It gives the worst quality. after requesting product return, their agent calls and puts the call on hold. and cancel the return. and it shows that we have not received the call.",1,0,Unkown,22-06-2025,Hi gauri! sorry to disappoint you. please share your order details at csmanager@snapdeal.com and i'll look into it. thanks! aman,Unknown,Snapdeal
Saurabh Gupta,Good,5,0,8.1.7,22-06-2025,Thanks,8.1.7,Snapdeal
Vishal Chauhan,Nice product delevery fast best,5,0,8.1.8,22-06-2025,Thanks for your valuable feedback. :),8.1.8,Snapdeal
Nilesh Pawar,Good product,5,0,8.1.8,22-06-2025,Thanks a lot :-),8.1.8,Snapdeal
"Sampa seal amrapali dance , music",Ok good,4,0,8.1.8,22-06-2025,Thanks!,8.1.8,Snapdeal
Vikas Kumar,Worst app . i order a item for friend . on 10 june . today is 22 still didn't receive any parcel from snapdeal. when i mail them about issue they gave no. response . even their tracking don't work . .,1,0,8.1.8,22-06-2025,Hi vikas! i am sorry for the unpleasant experience you’ve been through. kindly share your order details at csmanager@snapdeal.com and i'll help you out. thanks! neha,8.1.8,Snapdeal
Santosh Upadhyay,Good site for the public helping the product,5,0,8.1.5,22-06-2025,Thanks a lot :-),8.1.5,Snapdeal
vicky kushwaha,Nice,5,0,8.1.7,22-06-2025,Thanks a ton!,8.1.7,Snapdeal
priyanka jain,Nice experience,5,0,8.1.8,22-06-2025,Thanks a ton!,8.1.8,Snapdeal
Gurniwaz Singh,Love this app. jo bhi order kiya real product aya nd fast deliivery. thnku snapdeal...,5,0,8.1.7,22-06-2025,Thanks for your feedback :),8.1.7,Snapdeal
Sanjai Saxena,"Good platform, but does not ensure quality as as shown or described for the product",4,1,8.1.8,22-06-2025,Thanks for your feedback :),8.1.8,Snapdeal
CHANDUPATLA SRINIVAS,Super,5,0,8.1.8,22-06-2025,Thanks a ton!,8.1.8,Snapdeal
mohini chourasiya,Nice service and products are good,5,0,8.1.7,22-06-2025,Thanks a ton!,8.1.7,Snapdeal
Swadha Ravindra,Excellent,5,0,Unkown,22-06-2025,Thanks!,Unknown,Snapdeal
Srikanth R,Good.,5,0,Unkown,22-06-2025,Thanks!,Unknown,Snapdeal
Phooldev Kumar,Good,4,0,8.1.8,22-06-2025,Thank you!,8.1.8,Snapdeal
Ranjan Yadav,This is amazing app buying anything better than flipkart amazon o am snapdeal using 3 years nice work no problem customer support good,5,0,Unkown,22-06-2025,Glad to hear from you :),Unknown,Snapdeal
Saurabh Chowdhury,Nice app free delivery and good products,5,0,8.1.8,22-06-2025,Glad to hear from you :),8.1.8,Snapdeal
Saddam Khan,Good,5,0,8.1.8,22-06-2025,Thanks a ton!,8.1.8,Snapdeal
S. S mahapatra,Very good online market place,5,0,8.1.7,22-06-2025,Thanks a ton!,8.1.7,Snapdeal
Ankit Patel,I think they are doing good.,5,0,8.1.8,22-06-2025,Thanks a ton!,8.1.8,Snapdeal
Madhusudankumar Bittusingh,Very nice aap,5,0,Unkown,22-06-2025,Glad to know that you are happy with our app :),Unknown,Snapdeal
sumit chandela,Good,5,0,8.1.8,22-06-2025,Thank you!,8.1.8,Snapdeal
Nikaneer gaming fan,Main apna pehla phone isse se 2018 main mangwaya tha tabhi peak pe tha snapdeal,4,0,Unkown,22-06-2025,No Reply,Unknown,Snapdeal
Sruthi Sajeendran,Why is dom's kneadable eraser not available on snapdeal?,4,0,Unkown,22-06-2025,Hi! kindly share your contact details at csmanager@snapdeal.com and i'll look into it. thanks! aman,Unknown,Snapdeal
Anurag Boyal,Worst services. mat kharidna,1,0,8.1.8,21-06-2025,Hi anurag! so sorry for the unpleasant experience. kindly share your contact details at csmanager@snapdeal.com and i'll look into it. thanks! sia,8.1.8,Snapdeal
Rupa Biswas,In spite of receiving full payment for a product the same is not shown in the order section and the app is asking for repayment!!,1,0,Unkown,21-06-2025,Hi rupa! so sorry for the unpleasant experience. kindly share your contact details at csmanager@snapdeal.com and i'll look into it. thanks! sia,Unknown,Snapdeal
Nilashis De,One of the most affordable price range among all online platforms,4,0,8.1.7,21-06-2025,Thanks a lot :-),8.1.7,Snapdeal
Shelly Thomas,Sogood,5,0,8.1.8,21-06-2025,Thank you :),8.1.8,Snapdeal
Anil Kadam,Good,4,0,Unkown,21-06-2025,Thank you :-),Unknown,Snapdeal
Sachin Prajapati,Online shoping ke liye india ka best plateform. maine bhi yhi se shopping ki good plateform,5,0,8.1.8,21-06-2025,"Hi sachin! aapke bahumulay feedback ke liye dhanyavaad. thanks, sia",8.1.8,Snapdeal
LIJO Abraham,യെസ്,5,0,8.1.8,21-06-2025,Thanks for your encouraging star ratings 🙂,8.1.8,Snapdeal
sujit chakraborty,Verybaddeliveryboy hu,1,0,8.1.7,21-06-2025,Hi sujit! so sorry for the unpleasant experience. kindly share your order details at csmanager@snapdeal.com and i'll look into it. thanks! avi,8.1.7,Snapdeal
Yashoda Sharma,My all products very good and beautiful.1 mark cut because my return experience not good.but cover all very nice,4,0,Unkown,21-06-2025,Hi yashoda! so sorry for the unpleasant experience. kindly share your order details at csmanager@snapdeal.com and i'll look into it. thanks! avi,Unknown,Snapdeal
Ishwar Shekhawat,Nice works,5,0,8.1.8,21-06-2025,Thanks!,8.1.8,Snapdeal
Akram Kasar,Good snaipdellshopping app,5,0,8.1.7,21-06-2025,Thanks a lot :-),8.1.7,Snapdeal
A Google user,Very good,5,0,8.1.8,21-06-2025,Thank you :),8.1.8,Snapdeal
amit kowale,Verry good,4,0,8.1.8,21-06-2025,Thank you :),8.1.8,Snapdeal
vivek pandey,Best offer best deal thank you snapdeal,5,0,8.1.8,21-06-2025,Thanks a lot :-),8.1.8,Snapdeal
Chiku Kar,Ek number ka bakwas company hai hamare pin code mein a hi nahin raha hai koi order,1,0,Unkown,21-06-2025,Namaste chiku! asuvidha ke liye atyant khed hai. kripya hamein csmanager@snapdeal.com par apni contact details share krein taaki hum is concern mein aapse baat kar sakein. thanks! sia,Unknown,Snapdeal
Pintu Kumar,Yahan per bahut acche production aate hain,3,0,8.1.7,21-06-2025,"Hi pintu, agar apko app pasand aaya, to kya aap hamein zyaada star de sakte hain? thanks, sia",8.1.7,Snapdeal
Syeda Rida,Worst shopping platform i bought a product which was of worst quality and i have returned it i have not got the refund till now it's been ages since and the customer care doesn't even gives any response. and now they have asked my concerned when i told them they haven't replied till yet,1,0,8.1.8,21-06-2025,Hi syeda! so sorry for the unpleasant experience. kindly share your contact details at csmanager@snapdeal.com and we'll get in touch with you to discuss this. thanks! sia,8.1.8,Snapdeal
shivkr prasad,Best application for online shopping,5,0,8.1.8,21-06-2025,Glad to know that you are happy with the app :),8.1.8,Snapdeal
Gallery Collection,Awesome app for good shopping but amir khan is my must problem !,1,1,6.0.0,21-06-2025,No Reply,6.0.0,Snapdeal
Meenu Sehdev,Bhut acha,5,0,Unkown,21-06-2025,Thanks!,Unknown,Snapdeal
Kamal Gupta,Good,5,0,8.1.7,21-06-2025,Thanks!,8.1.7,Snapdeal
Rustom Timung,Good,5,0,8.1.7,21-06-2025,Thanks!,8.1.7,Snapdeal
Shubham Kumar,Nice experience,5,0,8.1.7,21-06-2025,Thanks a lot :),8.1.7,Snapdeal
Jaiswal Babita,Nice product,4,0,8.1.8,21-06-2025,Thanks a lot :),8.1.8,Snapdeal
PRASANJIT PARIDA,Satisfied,5,0,8.1.8,21-06-2025,Glad to hear from you :),8.1.8,Snapdeal
Aryan Osama 0786,I had good experience,4,0,8.1.7,21-06-2025,Glad to hear from you :),8.1.7,Snapdeal
Shubhangi Bachal,Bad,1,0,8.1.7,21-06-2025,Hi shubhangi! sorry to disappoint you. please share your exact issue along with contact details at csmanager@snapdeal.com and we'll connect with you. thanks! aman,8.1.7,Snapdeal
Jash Goyani,My experience good with snapdeal!,5,0,Unkown,21-06-2025,Glad to hear from you :),Unknown,Snapdeal
#Bishal KD,V good,5,0,8.1.7,21-06-2025,Thanks a lot :),8.1.7,Snapdeal
Tapan Ghosh,"Very bad, order taken 400 grams but delivery 200 grams. no checking facility.",1,0,7.3.8,21-06-2025,Hi tapan! so sorry for the unpleasant experience. kindly share your order details at csmanager@snapdeal.com and i'll look into it. thanks! avi,7.3.8,Snapdeal
Paresh Kevlani,Nice,5,0,7.5.6,21-06-2025,Thanks!,7.5.6,Snapdeal
Sumit Tomar,Best quality of products,5,0,8.1.8,21-06-2025,Thank you :-),8.1.8,Snapdeal
shadaab pasha,Good,5,0,8.1.7,21-06-2025,Thank you :-),8.1.7,Snapdeal
Richansha Kaushik,"Useless app when i ordered this app was working properly but when i got the wrong order it stopped working. so irritable infact i updated and refreshed my phone and app, but no use.",1,0,8.1.8,21-06-2025,Hi richansha! so sorry for the unpleasant experience. kindly share your order details at csmanager@snapdeal.com and i'll look into it. thanks! avi,8.1.8,Snapdeal
Somveer Singh,Price sahi but delivery system ek dam ghatiya h,1,0,8.1.8,21-06-2025,"Hi somveer! hum aapse aise experience ke liye shama chahte hai. kripya apni order details hamein csmanager@snapdeal.com par email kare taaki hum aapki sahayata kar sake. dhanyavaad, aman",8.1.8,Snapdeal
Gokul nath,Now good shoping,5,0,8.1.8,21-06-2025,Glad to hear from you :),8.1.8,Snapdeal
B Nandini,Snapdeal app not openingg,4,0,8.1.7,21-06-2025,"Hi! apologies for the inconvenience caused. kindly share the screenshot of the error as well as your contact & handset details at apphelp@snapdeal.com and i'll help you out. thanks, sia",8.1.7,Snapdeal
ভৈৰৱ শংকৰ বড়ো,Kya se kya ho gaya snapdeal? ghatiya maal deta hai yeh platform. they took customers for granted. now they are suffering and struggling to survive. this platform is also full of non serious sellers who believe they're the a1. it's too late now. it's a junk platform full of junk materials now. tum the kyun ki hum the...,1,0,8.1.8,21-06-2025,Hi! sorry to disappoint you. please share your exact issue along with contact details at csmanager@snapdeal.com and we'll connect with you. thanks! aman,8.1.8,Snapdeal
Daisy Michael,Good delivery & the prices of the products are reasonable,5,0,8.1.8,21-06-2025,Thank you for taking the time to write this review. your kind words encourage us greatly. happy shopping!,8.1.8,Snapdeal
Vikas Kumar,Very good.,1,0,8.1.6,20-06-2025,"Hi vikas! if you like the app, could you please give us more stars? thanks, aman",8.1.6,Snapdeal
Waseem Shaik,Good,5,0,Unkown,20-06-2025,Thank you :-),Unknown,Snapdeal
Manish Vekariya,"They show good things and send bad things., they send a completely local quality third class item. and finally, there is no option of return.",1,0,Unkown,20-06-2025,Hi manish! so sorry for the unpleasant experience. kindly share your order details at csmanager@snapdeal.com and i'll help you out. thanks! sia,Unknown,Snapdeal
Mukesh Kumar,Vary bad fake app__ return request closer,1,0,Unkown,20-06-2025,Hi mukesh! so sorry for the unpleasant experience. kindly share your order details at csmanager@snapdeal.com and i'll look into it. thanks! avi,Unknown,Snapdeal
Lata Kumari,Delivery was fast,5,0,8.1.8,20-06-2025,Thank you :-),8.1.8,Snapdeal
Kamlesh Modi,Good shoes,5,0,8.1.8,20-06-2025,Thank you :-),8.1.8,Snapdeal
45 rehan,Batter buds,5,0,Unkown,20-06-2025,Thanks a lot for your rating :),Unknown,Snapdeal
Salman Khan,Nice,5,0,8.1.7,20-06-2025,Thanks!,8.1.7,Snapdeal
Bikram Kumar,Good product,5,0,8.1.8,20-06-2025,Thank you :-),8.1.8,Snapdeal
Ratan Das,Awesome,5,0,8.1.8,20-06-2025,Thanks!,8.1.8,Snapdeal
Pragyan Suaro,Good,5,0,Unkown,20-06-2025,Thanks!,Unknown,Snapdeal
G T,3rd class product in low prices refund policy bkwas,1,0,8.1.8,20-06-2025,Hi! sorry to disappoint you. kindly share your contact details at csmanager@snapdeal.com and i'll help you out. thanks! neha,8.1.8,Snapdeal
Vikash Mandal,Good,5,0,Unkown,20-06-2025,Thank you!,Unknown,Snapdeal
Abdul Basith,Highly appreciated thanks,5,0,8.1.8,20-06-2025,Thank you!,8.1.8,Snapdeal
Farooq Ummar,So nice,5,0,8.1.7,20-06-2025,Thanks a lot :-),8.1.7,Snapdeal
Suriya,Good app,5,0,8.1.7,20-06-2025,Thank you :-),8.1.7,Snapdeal
Bikram Thakur,Bahut achcha,5,0,8.1.8,20-06-2025,Thanks!,8.1.8,Snapdeal
Kamal Ansari,Good,5,0,Unkown,20-06-2025,Thanks!,Unknown,Snapdeal
Sandeep Mahato,Good,5,0,Unkown,20-06-2025,Thank you :),Unknown,Snapdeal
Tileshwar sonu technician mobile repairing,Very nice app,5,0,8.1.7,20-06-2025,Thanks!,8.1.7,Snapdeal
Santhosh ,"Nice application where you can get products with low prices but the delivery time is too long, can be reduced to 3/4 days instead of 8 long days. thank you",4,0,8.1.7,20-06-2025,"Hi! your feedback is important for us to improve. we’re actively working on this and to provide the best shopping experience to our customers. thanks, sia",8.1.7,Snapdeal
A Google user,Good experience,5,0,8.1.8,20-06-2025,Thank you!,8.1.8,Snapdeal
Aradhya Guhaa Roy (sona),Good,5,0,8.1.8,20-06-2025,Thank you!,8.1.8,Snapdeal
Multankhan Soda,Very very nice,5,0,8.1.7,20-06-2025,Thank you :),8.1.7,Snapdeal
narendra sharma,Best deal app,5,0,Unkown,20-06-2025,Glad to know that you are happy with our app :),Unknown,Snapdeal
Shubham Prajapat,Good app,5,0,8.1.7,20-06-2025,Thank you :),8.1.7,Snapdeal
Shilpa Choudhary,Very nice app,4,0,8.1.8,20-06-2025,Thank you :),8.1.8,Snapdeal
Rajni Sojitra,Good,5,0,8.1.7,20-06-2025,Thank you :),8.1.7,Snapdeal
Shaikh Shakib,This is the worst app ever,1,0,8.1.8,20-06-2025,"Hi shaikh! so sorry for the unpleasant experience. kindly share your exact concern at csmanager@snapdeal.com so that i can help you in a better way. thanks, sia",8.1.8,Snapdeal
Niyaj Khan,Nice,5,0,8.1.7,20-06-2025,Thanks!,8.1.7,Snapdeal
Sushil Kadam,Good,5,0,Unkown,20-06-2025,Thanks!,Unknown,Snapdeal
Anil Gupta,Good,5,0,8.1.8,20-06-2025,Thanks!,8.1.8,Snapdeal
Lucky Rai,It is a very useful product.i liked a very much,5,0,8.1.7,20-06-2025,Thanks a lot :-),8.1.7,Snapdeal
Santhosh Saan,Worst app...i ordered l size boxers but received m size... customer care not responding,1,0,8.1.8,20-06-2025,Hi santhosh! so sorry to disappoint you. i’ve shared this with my team. we'll connect with you soon regarding this. thanks! sia,8.1.8,Snapdeal
Rudra Srivastav,Bahut ganda offer,1,0,Unkown,20-06-2025,"Hi rudra! so sorry for the unpleasant experience. kindly share your exact concern at csmanager@snapdeal.com so that i can help you in a better way. thanks, sia",Unknown,Snapdeal
Manish Manish,This aap frod for me and not replying for costmar problem and costmar care not properly ans,1,0,8.1.8,20-06-2025,Hi manish! sorry to disappoint you. kindly share your contact details at csmanager@snapdeal.com and i'll help you out. thanks! neha,8.1.8,Snapdeal
Rakesh Kumar,Goood,5,0,Unkown,20-06-2025,Thanks!,Unknown,Snapdeal
Rajendra Jadhav,Jab me koi bhi order deta hun to order confirm hota hai aur phir itne 15 din ke baad sandesh prapt hota hai order cancelled kiya seller ne..ye to galat hai..bakwas hai ye snapdeal aur customer care wale to anpadh jahil logo se bhara hai..... very very bad experience.. third class service with snapdeal...,1,0,8.1.7,20-06-2025,Namaste rajendra! asuvidha ke liye atyant khed hai. kripya hamein apni order details csmanager@snapdeal.com par share karein taaki ham jald se jald aap ki madad kar payein. dhanyavaad! neha,8.1.7,Snapdeal
Mithilesh Kumar patel,Kharab product deta hai,1,0,Unkown,20-06-2025,Namaste mithilesh! asuvidha ke liye atyant khed hai. kripya hamein apni order details csmanager@snapdeal.com par share karein taaki ham jald se jald aap ki madad kar payein. dhanyavaad! neha,Unknown,Snapdeal
Sahil Talukdar,"Worst service worst experience.i ordered a clogs on 31 may and order deliver in 10 may,the quality of the product is poor.then i return the product on 10 may but the pickup is very late on 16 june,then i return the product in snapdeal ,app doesn't show that the product is being picked up,then i call customer care then the problem is solved after that i get my money. and sometimes the app is crashedpls don't waste ur time in snapdeal flipkart and amzon are 100 % better",1,0,Unkown,19-06-2025,Hi sahil! so sorry for the unpleasant experience. kindly share your order details at csmanager@snapdeal.com and i'll look into it. thanks! avi,Unknown,Snapdeal
Rupnesh Kaur,Pathetic customer support,1,0,8.1.8,19-06-2025,Hi rupnesh! so sorry for the unpleasant experience. kindly share your contact details at csmanager@snapdeal.com and we'll get in touch with you to discuss this. thanks! sia,8.1.8,Snapdeal
Himanshu Sahoo,Nice,5,0,8.1.7,19-06-2025,Thanks!,8.1.7,Snapdeal
Akash Rajak,nan,5,0,8.1.7,19-06-2025,Thanks for your encouraging star ratings 🙂,8.1.7,Snapdeal
Noor Sultana,Its good,5,0,8.1.7,19-06-2025,Thank you :),8.1.7,Snapdeal
Danish bilal451 Danish bilal451,Very nice,5,0,8.1.7,19-06-2025,Thank you :),8.1.7,Snapdeal
Imtiyaz Ashuu,Very best product,5,0,8.1.8,19-06-2025,Thanks a lot :-),8.1.8,Snapdeal
Sumit atkan,Good,5,0,8.1.8,19-06-2025,Thank you :),8.1.8,Snapdeal
Rupak Bala,Well,5,0,Unkown,19-06-2025,Thanks for your encouraging star ratings 🙂,Unknown,Snapdeal
jayanta chattopadhyay,"After delivering in damaged and broken seal,they say its not returnable",1,0,8.1.8,19-06-2025,Hi jayanta! so sorry for the unpleasant experience. kindly share your order details at csmanager@snapdeal.com and i'll look into it. thanks! sia,8.1.8,Snapdeal
Dhiraj Kumar Bhagat,Very good product,5,0,8.1.7,19-06-2025,Thanks a lot :-),8.1.7,Snapdeal
Santosh singh rajput Rajput,This is best',5,0,8.1.7,19-06-2025,Thank you :),8.1.7,Snapdeal
sakil molla,Good..pordact,5,0,8.1.7,19-06-2025,Thanks a lot :),8.1.7,Snapdeal
KISHORI SOLANKI,Good delivery app,5,0,8.1.8,19-06-2025,Thanks a lot :),8.1.8,Snapdeal
Jeremiah Mochahary,Nice,5,0,8.1.8,19-06-2025,Thanks!,8.1.8,Snapdeal
Dr.Harpreet kaur,Quality of product is excellent,5,0,8.1.7,19-06-2025,Glad to hear from you :),8.1.7,Snapdeal
Anil Verma,Very bad rong prodcut bhej diya or wapas le nhi rahe dokhebaz,1,0,Unkown,19-06-2025,"Hi anil! hum aapse aise experience ke liye shama chahte hai. kripya apni order details hamein csmanager@snapdeal.com par email kare taaki hum aapki sahayata kar sake. dhanyavaad, aman",Unknown,Snapdeal
krishna singh,Always wrong information shared by delivery agent,1,0,8.1.5,19-06-2025,Hi krishna! so sorry for the unpleasant experience. kindly share your order details at csmanager@snapdeal.com and i'll look into it. thanks! avi,8.1.5,Snapdeal
Sagar Raj poot,I have had a very bad experience. i had ordered a pair of shoes but they have not arrived till date. the delivery boy does not take any responsibility in this matter. neither do any senior management. in last boycott snapdeal.,1,0,Unkown,19-06-2025,Hi sagar! so sorry for the unpleasant experience. kindly share your order details at csmanager@snapdeal.com and i'll look into it. thanks! avi,Unknown,Snapdeal
Siva Star,Snapdeal worst waste app please please please please please no download app worst delivery waste pick up waste app,1,0,8.1.7,19-06-2025,Hi! sorry to disappoint you. please share your order details at csmanager@snapdeal.com and i'll look into it. thanks! aman,8.1.7,Snapdeal
Sumit,"Mind blowing, extraordinary, fantastic",5,0,8.1.8,19-06-2025,Glad to hear from you :),8.1.8,Snapdeal
Payel Mazumder Basak,"A totally fraud app , they are cheating me , i ordered a product on snapdeal app product name pediagold plus a baby health drink which market original price is 1700 , i visit many other sites where the product are available and there are no discounts, so i thought की वह product हम snapdeal से online में ले लेते हैं जो किसकी वह पर दिखा रहा था original price हैं 1,618 discount में 1,279 में दें रहे हैं , so i ordered the product there are no extra delivery charges but delivery time was too much",1,0,8.1.7,19-06-2025,Hi payel! sorry to disappoint you. please share your order details at csmanager@snapdeal.com and i'll look into it. thanks! aman,8.1.7,Snapdeal
Bijoy Deb,Iss app se koi bhi kuchh bhi maat kharid na ye log totally cheated ha. kyunki maine ek book order kiya tha ek to damage products delivered kiya 2nd duplicate copy delivery. jab maine kaha refund kar dijiye book return le lijiye tab ye log kheta ha refund nhi hota ha ... agr kisiko sabut chahiye woh bhi ha mera pass .totally disappoint service system or cheating service so everyone be careful. don't buy any products this app.in cheated company ke khilaaf police station me complen hona chahiye.,1,0,8.1.8,19-06-2025,"Hi bijoy! hum aapse aise experience ke liye shama chahte hai. kripya apni order details hamein csmanager@snapdeal.com par email kare taaki hum aapki sahayata kar sake. dhanyavaad, aman",8.1.8,Snapdeal
RS MEENA,Worst service unable to connect customer care executive .i received wrong item and unable to return when tried to return message shown non returnable item when i received wrong item what means the return policy it's charting with customer,1,0,8.1.7,18-06-2025,Hi! so sorry for the unpleasant experience. kindly share your order details at csmanager@snapdeal.com and i'll look into it. thanks! sia,8.1.7,Snapdeal
Jagdish Teli,Very bad very service,1,0,Unkown,18-06-2025,Hi jagdish! so sorry for the unpleasant experience. kindly share your contact details at csmanager@snapdeal.com and we'll get in touch with you to discuss this. thanks! sia,Unknown,Snapdeal
Promila Garg,I ordered add gel roll tech white color blue ink pen of 3 pieces. but i received black color black ink pens. the item is non returnable. there is no customer care number for call.there is no way to contact them. snapdeal app is froud.,1,0,Unkown,18-06-2025,Hi promila! sorry to disappoint you. please share your order details at csmanager@snapdeal.com and i'll look into it. thanks! aman,Unknown,Snapdeal
md aleemuddin,Early i like this online shopping app but in recent time the service of this app is irritating because the courier partner service is not properly delivered the order,1,0,8.1.8,18-06-2025,Hi aleemuddin! so sorry to disappoint you. i’ve shared this with my team. we'll connect with you soon regarding this. thanks! aman,8.1.8,Snapdeal
Purnimabhuyan Bhuyan,Nice but bad,2,0,8.1.7,18-06-2025,Hi purnima! sorry to disappoint you. please share your exact issue along with contact details at csmanager@snapdeal.com and we'll connect with you. thanks! aman,8.1.7,Snapdeal
sushil gupta,"Very third class app. these people take orders but do not do product delivery, event delivery agent not pickup phn and customer care team not connecting",1,0,8.1.7,18-06-2025,Hi sushil! sorry to disappoint you. please share your order details at csmanager@snapdeal.com and i'll look into it. thanks! aman,8.1.7,Snapdeal
K Sg,Don't instal app fake app scam loose ur money,1,0,Unkown,18-06-2025,"Hi! so sorry for the unpleasant experience. kindly share your exact concern at csmanager@snapdeal.com so that i can help you in a better way. thanks, sia",Unknown,Snapdeal
ashik salian,I had ordered xl size but received m size no return policy also worst app worst customer care service totally waste of time and money.,1,1,8.1.7,18-06-2025,Hi ashik! so sorry to disappoint you. i’ve shared this with my team. we'll connect with you soon regarding this. thanks! sia,8.1.7,Snapdeal
Abraham Murmu,"Maine 2 saal me sirf 4 hi saman order kiya hai, mujhe sirf ek hi saman sahi mila, baki 3 galat item mila mujhe.",1,0,8.1.7,18-06-2025,Namaste abraham! asuvidha ke liye atyant khed hai. kripya hamein csmanager@snapdeal.com par order details share krein aur hum issey jald se jald solve kar denge. dhanyavaad! sia,8.1.7,Snapdeal
Arijit Ghosh,"This has been twice snapdeal delivered wrong & incomplete orders. all the more it's very difficult to connect to a customer support agent..... service & quality control is bad....needs improvement. unlike amazon, flipkart even cancellation is a problem fyi....my refund pending",2,4,8.1.8,18-06-2025,Hi arijit! sorry to disappoint you. please share your order details at csmanager@snapdeal.com and i'll look into it. thanks! aman,8.1.8,Snapdeal
Baburam Jaat,Nais,5,0,Unkown,18-06-2025,Glad to hear from you :),Unknown,Snapdeal
Manoj Kumar,Bhut hi bura experience rha apke sath ap bhi flipkart aur amazon ki trha ek parcel k liye preshan kar rhe ho. ek parcel k liye 18 din lga rhe ho aur uske baad bhe dilivery nhi hui thanku so much ab kabhi nhi shopping karunga is ghatiya aur bhaiyaat app se,1,0,Unkown,18-06-2025,"Hi manoj! asuvidha ke liye maffi chahenge. kripya hamein csmanager@snapdeal.com par apni order details share karein taki hum aapki madad kar sake. thanks, aman",Unknown,Snapdeal
Amar Singh,nan,5,0,Unkown,18-06-2025,Thanks a lot for your rating :),Unknown,Snapdeal
Tirthendu Biswas,Very good,4,0,6.8.5,18-06-2025,Thank you!,6.8.5,Snapdeal
VIJETA KANWAR,"I have used this app for the first time and the experience was superb....i couldn't see any better offers than this in any other app...i regret that i found it this late.but from now on this is my most favourite and going to be my 1st priority app for purchasing anything.everything is available here and in affordable prices. my first purchase was a book named ""the kite runner"". i am so much satisfied with the book and the app also ,it is easily navigable too which makes it simpler to use.",5,10,8.1.7,18-06-2025,It is delightful to hear such positive words and it’s always a pleasure to serve our users.,8.1.7,Snapdeal
Vishal,Worst shopping app i've ever used. i ordered some books which were supposed to be delivered after 5 days of ordering. on the 4th day i got a notification that it's out for delivery. the delivery attempt was unsuccessful due to some issue they said...which is fine. the problem started after it. they didn't deliver in on 5th day. postponed to 8th day. then 10th. then 20th. then they cancelled the order saying it was what i wanted. even the number of the delivery agent they sent was wrong.,1,37,8.1.7,18-06-2025,Hi vishal! sincere apologies for the unpleasant experience. kindly share your order details at csmanager@snapdeal.com and i'll help you out. thanks! neha,8.1.7,Snapdeal
Anandhu S,Best online shopping app,5,0,8.1.7,18-06-2025,Glad to know that you are happy with our app :),8.1.7,Snapdeal
Vaibhav Sharma,"Being to be the worst application, it doesn't even allow us to cancel the order when once payment is done, it takes more then 7-8 days to deliver whereas others deliver in 4 days. its a a huge blunder with people to not allowing them to cancel the order and even after receiving wrong product. replacement? what we'll done with item we haven't want and mistakely ordered?. gonna be the last time to use this app.",1,32,8.1.7,18-06-2025,Hi vaibhav! sorry to disappoint you. kindly share your order details at csmanager@snapdeal.com and i'll help you out. thanks! neha,8.1.7,Snapdeal
Dilip Kumar,"The worst shopping app. i shall suggest, never shop from snapdeal.they are fraud. they sell substandard quality products. if youreturn the item, they don't refund your money. i have returned 4 items about 10 days back. i had paid through upi for all the items. till date i have not received the refund. i have talked to the customer care for consecutive four days. every time i was told to wait for 24 hours and i shall get refund, but was false. i sent an email to the customer care but no response.",1,9,8.1.5,18-06-2025,Hi dilip! sincere apologies for the unpleasant experience. kindly share your order details at csmanager@snapdeal.com and i'll help you out. thanks! neha,8.1.5,Snapdeal
Jaimal Singh,Best for books,4,0,Unkown,17-06-2025,Thank you :-),Unknown,Snapdeal
Mehul Parmar,"Very poor service by snapdeal. i raised a return request on 9th june, but the pickup boy has not come even once. no calls, no visits, and still the app shows ""out for pickup"". this is harassment and unacceptable. kindly improve your service!",1,6,8.1.7,17-06-2025,Hi mehul! sincere apologies for the unpleasant experience. i've shared this with my team. we'll connect with you soon regarding this. thanks! neha,8.1.7,Snapdeal
vinayak mangale,Snapdeal all product very good,5,0,8.1.7,17-06-2025,Thank you :-),8.1.7,Snapdeal
Kunal yadav,घटिया ऐप है पेमेंट सक्सेस होने के बाद भी डिलेवरी टाइम पे नहीं होती है दोस्तो इसके चक्कर में मत लगना आगे आपकी मर्जी। पेमेंट भी रिफंड नहीं होता है।,1,0,8.1.7,17-06-2025,नमस्ते कुनाल! आपको हुई असुविधा के लिए हम आपसे क्षमा चाहते है। कृपया आप अपनी ऑर्डर डिटेल्स को csmanager@snapdeal.comपर शेयर करे ताकि हम आपकी मदद कर सकें। धन्यवाद! अवि,8.1.7,Snapdeal
Santosh Kumar,I love shopping with snapdeal great products give some discount on product,5,0,Unkown,17-06-2025,Hi santosh! thank you :-) please visit our app/website www.snapdeal.com to get the best offers and discounts. thanks! avi,Unknown,Snapdeal
Ankit Kumar,Dose this app have a loyalty program,5,0,8.1.8,17-06-2025,Hi ankit! kindly share your exact concern at csmanager@snapdeal.com so that i can help you in a better way. thanks! avi,8.1.8,Snapdeal
Kamlesh Goswami,Best dilevry best product,5,0,8.1.5,17-06-2025,Thank you :-),8.1.5,Snapdeal
Cosmo Traders,"Bad experience ,totally different product delivered like a worst app",1,0,8.1.7,17-06-2025,Hi! so sorry for the unpleasant experience. kindly share your order details at csmanager@snapdeal.com and i'll look into it. thanks! avi,8.1.7,Snapdeal
Vinayaga Murthy,Not items there wasted,1,0,8.1.7,17-06-2025,Hi vinayaga! sorry to disappoint you. please share your exact issue along with contact details at csmanager@snapdeal.com and we'll connect with you. thanks! aman,8.1.7,Snapdeal
Madhu Panamanuri,Good shoping,5,0,8.1.7,17-06-2025,Thank you :-),8.1.7,Snapdeal
Munna Khan,Thank you very nice appp,5,0,8.1.7,17-06-2025,Glad to hear from you :),8.1.7,Snapdeal
Sanjay Vishwkarma,Better app,4,0,8.1.7,17-06-2025,Thanks a lot :),8.1.7,Snapdeal
K S Pai,Not quality goods are sold. don't purchase from them,1,0,Unkown,17-06-2025,Hi! sorry to disappoint you. please share your order details at csmanager@snapdeal.com and i'll look into it. thanks! aman,Unknown,Snapdeal
Anam shaikh Anam shaikh,Very bad customer service was not good not response customer care was not response very delay in orders,1,0,8.1.7,17-06-2025,Hi anam! sincere apologies for the unpleasant experience. kindly share your order / contact details at csmanager@snapdeal.com and i'll help you out. thanks! neha,8.1.7,Snapdeal
Pranay Kumar,"Very satisfied with the app. easy to use, good variety of products, timely delivery, and smooth checkout process. highly recommended!",5,0,Unkown,17-06-2025,Thank you for taking the time to write this review. your kind words encourage us greatly. happy shopping!,Unknown,Snapdeal
Sahil Rayeen,Nice,5,0,Unkown,17-06-2025,Thanks!,Unknown,Snapdeal
Labhsingh Dhiman,Good product and fast delivery,5,0,8.1.7,17-06-2025,Thanks a lot :-),8.1.7,Snapdeal
kamal kishore,Mast app hai snapdeal!,5,0,8.1.7,17-06-2025,Dhanyawad.,8.1.7,Snapdeal
Golem Akanba,"Horrible.... can't reach customer service when needed.... says ""download snapdeal app"" as if i haven't downloaded yet",1,0,8.1.7,17-06-2025,Hi golem! sincere apologies for the unpleasant experience. kindly share your contact details at csmanager@snapdeal.com and i'll help you out. thanks! neha,8.1.7,Snapdeal
essa amin,It was like taking a quick snap,5,0,8.1.7,17-06-2025,Thanks!,8.1.7,Snapdeal
Alok Verma,Excellent,5,0,8.1.8,17-06-2025,Thanks a lot :-),8.1.8,Snapdeal
L N Rao,"Pathetic customer care,stupid software sampark",1,0,Unkown,17-06-2025,Hi! sorry to disappoint you. kindly share your contact details at csmanager@snapdeal.com and i'll help you out. thanks! neha,Unknown,Snapdeal
Satish Agrawal,Apne coustomer ke liye bilkul interestd nhi h order kuch krte h aata kuch or hi h return request ko 20 din ho gye pr koi response nhi h abhi tak very poor service coustomer ke saath dhoka kr rhe use kiye huye product bhejte h parcel me,1,0,8.1.7,17-06-2025,Hi satish! so sorry to disappoint you. i’ve shared this with my team. we'll connect with you soon regarding this. thanks! sia,8.1.7,Snapdeal
Harsha Jathal,"Very fast action, they r not greedy for orders",5,0,8.1.7,17-06-2025,Thank you for taking the time to write this review. your kind words encourage us greatly. happy shopping!,8.1.7,Snapdeal
Mojibe Alam,Best sanepdel delivery apps thank sanepdel,5,0,8.1.8,17-06-2025,Glad to hear from you :),8.1.8,Snapdeal
Subha Pal,Good,5,0,Unkown,17-06-2025,Thanks!,Unknown,Snapdeal
Pk Boss,Not a good service and product quality is very bad quality product received so i say you everyone do not use snapdeal app other aap useful flipkart and amazon and meesho and any more shoping app,1,0,Unkown,17-06-2025,Hi! so sorry for the unpleasant experience. kindly share your order details at csmanager@snapdeal.com and i'll help you out. thanks! aman,Unknown,Snapdeal
Saviya Khatoon,I have not yet received my refund nor the helping system is working..what am i supposed to do now i don't know ..they r giving a number to call but whenever i am dialing that never it only says thnx for calling snapdeal ..what the hell,1,0,8.1.7,16-06-2025,Hi saviya! sincere apologies for the unpleasant experience. kindly share your order details at csmanager@snapdeal.com and i'll help you out. thanks! neha,8.1.7,Snapdeal
Srinivasam Srinivasam,Best app for fitness and udget friendly app,5,0,8.1.7,16-06-2025,Thank you :-),8.1.7,Snapdeal
Ram vilas Chavdhry,Very good app,5,0,8.1.8,16-06-2025,Thanks a lot :),8.1.8,Snapdeal
Anikit Malhotra,Very bad shopping app i had bought 2 item 2 items are cancelled so my experience this app is very poor thanks,1,0,Unkown,16-06-2025,Hi anikit! sorry to disappoint you. please share your order details at csmanager@snapdeal.com and i'll look into it. thanks! aman,Unknown,Snapdeal
Santu Kumar,Best app,5,0,Unkown,16-06-2025,Thanks a lot :),Unknown,Snapdeal
Rishi Kohli,Good,5,0,8.1.7,16-06-2025,Thanks!,8.1.7,Snapdeal
Rohit Sharma,"Ordered through snapdeal, rider was from ekart. didn't received the order still it's showing as delivered. scammers",1,0,Unkown,16-06-2025,Hi rohit! sorry to disappoint you. please share your order details at csmanager@snapdeal.com and i'll look into it. thanks! aman,Unknown,Snapdeal
varshini Karthikeyan,Nice delivery app,5,0,8.1.0,16-06-2025,Glad to know that you are happy with our app :),8.1.0,Snapdeal
emran emran,Love,5,0,Unkown,16-06-2025,Thanks a ton!,Unknown,Snapdeal
Manish J,Good material and fast delivery,5,0,8.1.7,16-06-2025,Thanks a lot :-),8.1.7,Snapdeal
